{
  "weighted_f1": 0.8788873861486478,
  "macro_f1": 0.8524976427269578,
  "weighted_accuracy": 0.8837047353760445,
  "weighted_precision": 0.8921580095363705,
  "weighted_recall": 0.8837047353760445,
  "per_class_auc": [
    0.996503976922947,
    0.9989830447175093,
    0.9929200952611337,
    0.9979967056723542,
    0.981197863232745,
    0.9932058082672836,
    0.9933146088727619,
    0.9485875962339647,
    0.9908187366342679
  ],
  "mean_auc": 0.9881698262016629,
  "confusion_matrix": [
    [
      1333,
      1,
      0,
      0,
      1,
      0,
      1,
      0,
      2
    ],
    [
      39,
      808,
      0,
      0,
      0,
      0,
      0,
      0,
      0
    ],
    [
      0,
      0,
      233,
      15,
      0,
      76,
      0,
      13,
      2
    ],
    [
      2,
      0,
      0,
      632,
      0,
      0,
      0,
      0,
      0
    ],
    [
      180,
      7,
      0,
      2,
      836,
      2,
      3,
      1,
      4
    ],
    [
      0,
      1,
      1,
      0,
      2,
      561,
      0,
      21,
      6
    ],
    [
      3,
      0,
      0,
      60,
      1,
      0,
      673,
      0,
      4
    ],
    [
      0,
      6,
      3,
      15,
      31,
      89,
      13,
      183,
      81
    ],
    [
      2,
      0,
      2,
      96,
      1,
      5,
      41,
      0,
      1086
    ]
  ],
  "report": "              precision    recall  f1-score   support\n\n           0       0.86      1.00      0.92      1338\n           1       0.98      0.95      0.97       847\n           2       0.97      0.69      0.81       339\n           3       0.77      1.00      0.87       634\n           4       0.96      0.81      0.88      1035\n           5       0.77      0.95      0.85       592\n           6       0.92      0.91      0.91       741\n           7       0.84      0.43      0.57       421\n           8       0.92      0.88      0.90      1233\n\n    accuracy                           0.88      7180\n   macro avg       0.89      0.85      0.85      7180\nweighted avg       0.89      0.88      0.88      7180\n",
  "seed": 0
}