{
  "train_loss": [
    1.2594877267837525,
    0.7621851630687714,
    0.5338149122714997,
    0.4643357404708862,
    0.44432840566635134,
    0.4330039385795593,
    0.4285195517539978,
    0.4216063076019287,
    0.42009222621917724,
    0.413853346824646,
    0.41429794554710386,
    0.41238185930252075,
    0.41021434149742125,
    0.4067960509300232,
    0.407673614692688,
    0.40442021379470827,
    0.40424194159507754,
    0.40557048044204713,
    0.40201209192276,
    0.4018888970851898,
    0.4006851448059082,
    0.3994834258079529,
    0.39941485481262207,
    0.39896553297042847,
    0.3987349704265594,
    0.39744941954612734,
    0.3966785677909851,
    0.3973731390953064,
    0.3949087071418762,
    0.3950915190696716,
    0.39457151374816896,
    0.3948728698730469,
    0.39582918519973753,
    0.3946479307174683,
    0.39397774090766907,
    0.3937539081573486,
    0.3931637077331543
  ],
  "train_acc": [
    0.4341,
    0.7886,
    0.93165,
    0.96765,
    0.97595,
    0.9794,
    0.9827,
    0.9853,
    0.9861,
    0.98885,
    0.9876,
    0.9894,
    0.9896,
    0.99065,
    0.9901,
    0.99245,
    0.9916,
    0.99115,
    0.993,
    0.993,
    0.99325,
    0.99455,
    0.99475,
    0.99405,
    0.99515,
    0.99465,
    0.99595,
    0.9956,
    0.99595,
    0.99625,
    0.9968,
    0.99655,
    0.99635,
    0.9969,
    0.99675,
    0.99695,
    0.99725
  ],
  "val_loss": [
    1.1036422624588014,
    0.5465537223815918,
    0.41404423213005065,
    0.40209145307540894,
    0.39410153245925905,
    0.3857051894664764,
    0.3710360312461853,
    0.37210619831085207,
    0.3725138301849365,
    0.37115377140045164,
    0.36611224222183225,
    0.3596806013584137,
    0.3559990286827087,
    0.3594073343276978,
    0.3559230570793152,
    0.3580164213180542,
    0.35804435062408446,
    0.3540754642486572,
    0.35543299245834353,
    0.3557456395626068,
    0.3542092070579529,
    0.352749764919281,
    0.3525518443584442,
    0.35432619071006777,
    0.3527947947978973,
    0.35324020075798035,
    0.3509107151031494,
    0.35305607748031614,
    0.35210933756828305,
    0.3519762120246887,
    0.35171090984344483,
    0.3513349633216858,
    0.3514481272697449,
    0.3511103951931,
    0.3514569215774536,
    0.3507335159778595,
    0.35069522738456727
  ],
  "val_acc": [
    0.53325,
    0.9115,
    0.9705,
    0.97675,
    0.98025,
    0.9835,
    0.992,
    0.98975,
    0.989,
    0.9915,
    0.99325,
    0.99575,
    0.997,
    0.9955,
    0.9975,
    0.99675,
    0.99775,
    0.99825,
    0.998,
    0.9975,
    0.99875,
    0.9995,
    0.999,
    0.999,
    0.99925,
    0.99875,
    0.9995,
    0.999,
    0.999,
    0.9995,
    0.99925,
    0.99925,
    0.99975,
    0.9995,
    0.99975,
    0.99975,
    1.0
  ],
  "best_val_loss": 0.3509107151031494,
  "total_time_s": 991.2927739620209,
  "stopped_epoch": 37
}