{
  "train_loss": [
    0.7012734548358869,
    0.601604137009448,
    0.4435403746067718,
    0.41117561597791685,
    0.41114834143432805,
    0.3968571511080636,
    0.3951218356849181,
    0.38284190575146737,
    0.3764981364889882,
    0.3800053832990797,
    0.38337310518161055,
    0.37246567805945724,
    0.37741033070757923,
    0.3736370368690539,
    0.37080440104969903,
    0.36864808751246436,
    0.3643825795048865,
    0.36156135164486114,
    0.35393479901952263,
    0.3633653925147822,
    0.37432922208926994,
    0.3596832724628351,
    0.3557170394019951,
    0.35643415384709887
  ],
  "train_acc": [
    0.6106627017841971,
    0.7266355140186916,
    0.862999150382328,
    0.8935853865760408,
    0.8950722175021241,
    0.9127017841971113,
    0.9103653355989805,
    0.9120645709430756,
    0.9194987255734919,
    0.921410365335599,
    0.9205607476635514,
    0.9224723874256584,
    0.923534409515718,
    0.929269328802039,
    0.927357689039932,
    0.927357689039932,
    0.9290569243840272,
    0.9364910790144435,
    0.9364910790144435,
    0.935429056924384,
    0.9284197111299916,
    0.9341546304163126,
    0.9352166525063721,
    0.9360662701784197
  ],
  "val_loss": [
    0.7358510858230009,
    0.6383654138514103,
    0.6019894376055885,
    0.44405005405877385,
    0.5170029524628442,
    0.6119656003158511,
    0.3796410842706229,
    0.5023066433331439,
    0.3846223722887403,
    0.43776332513066646,
    0.406521002299913,
    0.5038330104514843,
    0.4294754921934987,
    0.34935786023394755,
    0.3551840554666883,
    0.4440078055130616,
    0.36713520898163776,
    0.3860958552997531,
    0.3814768299801659,
    0.44723353313125724,
    0.4238408203343399,
    0.3797684475665784,
    0.37364750486293824,
    0.3865456731264828
  ],
  "val_acc": [
    0.7423664122137404,
    0.8396946564885496,
    0.8721374045801527,
    0.9198473282442748,
    0.9026717557251909,
    0.8683206106870229,
    0.9217557251908397,
    0.9255725190839694,
    0.9427480916030534,
    0.9255725190839694,
    0.9351145038167938,
    0.9141221374045801,
    0.9351145038167938,
    0.933206106870229,
    0.9370229007633588,
    0.9312977099236641,
    0.9465648854961832,
    0.9427480916030534,
    0.9408396946564885,
    0.9274809160305344,
    0.9389312977099237,
    0.950381679389313,
    0.9522900763358778,
    0.9446564885496184
  ],
  "best_val_loss": 0.34935786023394755,
  "total_time_s": 557.3844599723816,
  "stopped_epoch": 24
}