{
  "train_loss": [
    0.7056039064337667,
    0.6326845412347514,
    0.46504208513914574,
    0.4141988535502652,
    0.40098611768667436,
    0.39430191155804756,
    0.39507802680274035,
    0.38315726278591883,
    0.37795294085699516,
    0.3816453849448931,
    0.3739913626049369,
    0.3750372695132849,
    0.3776099981143501,
    0.3731598494765915,
    0.36248126957714305,
    0.3650406187332173,
    0.3624625508827786,
    0.36499709731558166,
    0.36317309329544173,
    0.3653014107032053,
    0.3592270169606529,
    0.36496514666860347,
    0.35646831806980156,
    0.35442077455220833,
    0.35627070451653803,
    0.3541764162208635,
    0.3532297815826857,
    0.35834260511519855,
    0.35597522894811506,
    0.35254025616277146,
    0.34519784819705057,
    0.3469097349435066,
    0.34835261276138973,
    0.3472751942902373,
    0.3487254657174129,
    0.34807811481221407,
    0.34608215929191805,
    0.344476695524603,
    0.34139862079284106,
    0.34241636893763416,
    0.3403559838094849,
    0.3355380926683178,
    0.34445647043298644,
    0.33654499828764817,
    0.3400855696140555,
    0.34450733393253463,
    0.3434294182158367,
    0.34337264494361164,
    0.3488154207232045,
    0.34318865414079003
  ],
  "train_acc": [
    0.35577740016992354,
    0.6879779099405268,
    0.836661002548853,
    0.8842395921835174,
    0.901231945624469,
    0.9065420560747663,
    0.9101529311809685,
    0.9199235344095157,
    0.9252336448598131,
    0.9243840271877655,
    0.9260832625318607,
    0.9250212404418012,
    0.9220475785896347,
    0.9269328802039083,
    0.9343670348343246,
    0.9309685641461343,
    0.9339422259983008,
    0.9358538657604079,
    0.9373406966864911,
    0.9345794392523364,
    0.9369158878504673,
    0.9343670348343246,
    0.9384027187765506,
    0.9422259983007647,
    0.9439252336448598,
    0.9403143585386576,
    0.9392523364485982,
    0.9430756159728122,
    0.9413763806287171,
    0.9426508071367884,
    0.9447748513169074,
    0.9481733220050977,
    0.9420135938827527,
    0.9492353440951572,
    0.9449872557349193,
    0.9473237043330501,
    0.9488105352591334,
    0.9464740866610025,
    0.9490229396771452,
    0.9483857264231096,
    0.9490229396771452,
    0.9543330501274426,
    0.949660152931181,
    0.9547578589634664,
    0.9485981308411215,
    0.947536108751062,
    0.949447748513169,
    0.949660152931181,
    0.9464740866610025,
    0.9449872557349193
  ],
  "val_loss": [
    0.7197420765425413,
    0.6063467059426635,
    0.49995206785566026,
    0.5079348915405856,
    0.49912429106144507,
    0.410658931686678,
    0.47092999802290936,
    0.42696970064221446,
    0.39709385911016976,
    0.39992731536617715,
    0.3498266516751005,
    0.4353550720305843,
    0.350293135370007,
    0.42872970886812867,
    0.4621039952030619,
    0.38438049095277566,
    0.46384364844278525,
    0.3468100828978852,
    0.49713101004826205,
    0.3494371298615259,
    0.37257461829949884,
    0.35695545864469225,
    0.34315763106782926,
    0.4352383204088866,
    0.3490390404490114,
    0.34680556909728594,
    0.3618758866805157,
    0.3627817799116819,
    0.3495423720993158,
    0.34986896323793715,
    0.34460539672210927,
    0.34444606372418296,
    0.3343683626815563,
    0.339127802666817,
    0.36126908637185134,
    0.3476753985608807,
    0.342533876650206,
    0.3508038029415917,
    0.3403236015152385,
    0.3385422634714432,
    0.3418025037714543,
    0.32999645708171466,
    0.33415000584289317,
    0.3295618580042861,
    0.3343102340479843,
    0.3363159435395976,
    0.3353492660831859,
    0.33377270935145953,
    0.3356246090572299,
    0.33520146499153314
  ],
  "val_acc": [
    0.7423664122137404,
    0.8625954198473282,
    0.8912213740458015,
    0.9122137404580153,
    0.9179389312977099,
    0.9351145038167938,
    0.9217557251908397,
    0.9408396946564885,
    0.9370229007633588,
    0.933206106870229,
    0.9408396946564885,
    0.9465648854961832,
    0.9427480916030534,
    0.9408396946564885,
    0.9217557251908397,
    0.9484732824427481,
    0.9179389312977099,
    0.9427480916030534,
    0.9141221374045801,
    0.9408396946564885,
    0.9561068702290076,
    0.9541984732824428,
    0.9561068702290076,
    0.933206106870229,
    0.9484732824427481,
    0.9522900763358778,
    0.9580152671755725,
    0.9580152671755725,
    0.9522900763358778,
    0.9599236641221374,
    0.9656488549618321,
    0.9522900763358778,
    0.9522900763358778,
    0.9541984732824428,
    0.9637404580152672,
    0.9637404580152672,
    0.9599236641221374,
    0.9618320610687023,
    0.9580152671755725,
    0.9541984732824428,
    0.9637404580152672,
    0.9561068702290076,
    0.9580152671755725,
    0.9580152671755725,
    0.9580152671755725,
    0.9599236641221374,
    0.9580152671755725,
    0.9580152671755725,
    0.9599236641221374,
    0.9580152671755725
  ],
  "best_val_loss": 0.32999645708171466,
  "total_time_s": 352.0086750984192,
  "stopped_epoch": 50
}