{
  "train_loss": [
    0.7094871947698504,
    0.6307397298926303,
    0.47260308513827715,
    0.4169629054395648,
    0.4032079285752905,
    0.39792280786606654,
    0.387247020801246,
    0.38580367594526904,
    0.3904069545619449,
    0.38289621859763573,
    0.38122304585289934,
    0.375984520656939,
    0.3726367687865041,
    0.3701983950557401,
    0.37159622692920036,
    0.3663029558291958,
    0.3756961108469416,
    0.3614373010604586,
    0.36555926604299294,
    0.3591591152682989,
    0.3641574236935443,
    0.3640238436076635,
    0.35985110898897016,
    0.35531810607156616,
    0.35901100182796597,
    0.3566515453558608,
    0.350909593151906,
    0.35472003823128817,
    0.34953963457778436,
    0.3525194109954769,
    0.34887149780608884,
    0.35682464990457846,
    0.3484439735404495,
    0.34439660379617215,
    0.3522934210229548,
    0.35263422617693524,
    0.3506548080590183,
    0.345136075629556,
    0.34274843309831093,
    0.3442101920167571,
    0.34517656435071153,
    0.343802500069901,
    0.3425959881676793,
    0.34431783263725857,
    0.344596426418097,
    0.34203186831235277,
    0.34508890260450903,
    0.34270367383349215,
    0.3486968206214824,
    0.3393096530852727
  ],
  "train_acc": [
    0.7361937128292269,
    0.7483007646559049,
    0.8364485981308412,
    0.8944350042480883,
    0.9010195412064571,
    0.9084536958368734,
    0.9158878504672897,
    0.9169498725573492,
    0.9122769753610875,
    0.9180118946474086,
    0.9248088360237893,
    0.9218351741716228,
    0.9279949022939677,
    0.9279949022939677,
    0.9239592183517417,
    0.9347918436703483,
    0.9243840271877655,
    0.9343670348343246,
    0.9350042480883602,
    0.935429056924384,
    0.929481733220051,
    0.9330926083262532,
    0.9364910790144435,
    0.9360662701784197,
    0.9381903143585386,
    0.9403143585386576,
    0.9413763806287171,
    0.93946474086661,
    0.9424384027187765,
    0.9420135938827527,
    0.9471112999150383,
    0.9428632115548004,
    0.943712829226848,
    0.9462616822429907,
    0.9451996601529312,
    0.943712829226848,
    0.9432880203908242,
    0.947536108751062,
    0.9507221750212405,
    0.9464740866610025,
    0.943712829226848,
    0.9471112999150383,
    0.9488105352591334,
    0.9468988954970263,
    0.9505097706032285,
    0.9498725573491928,
    0.9492353440951572,
    0.9473237043330501,
    0.9468988954970263,
    0.9526338147833475
  ],
  "val_loss": [
    0.730435952430463,
    0.611762119613531,
    0.5617527948081038,
    0.5716449190642088,
    0.5696137806841435,
    0.4888527652689519,
    0.4806671888773678,
    0.49303222931068363,
    0.47304603343701546,
    0.48713120840887986,
    0.47172384566933145,
    0.5315070288781901,
    0.40003078402453707,
    0.40339262976901225,
    0.4265851744713674,
    0.39905220429405913,
    0.41095665984481344,
    0.41817876537337556,
    0.396657096520635,
    0.3773821974528655,
    0.42756327895717766,
    0.4052991434818006,
    0.37937354814005264,
    0.4182317643675185,
    0.40938076308665383,
    0.3729930313033912,
    0.35900935212164437,
    0.4104441367942868,
    0.36878709096944967,
    0.37457421035257005,
    0.36209354509834113,
    0.3750244178844772,
    0.3575888776597176,
    0.36326331832936704,
    0.35314311781002367,
    0.3484856113222719,
    0.35695530758559246,
    0.3563773249851838,
    0.35430151792882963,
    0.3571823553274606,
    0.35364991426467896,
    0.3486331928777331,
    0.35348953545548534,
    0.3458727893938545,
    0.353423852956932,
    0.35174233494824125,
    0.35398505866982555,
    0.35372604532096225,
    0.35560057545436247,
    0.35279626382216245
  ],
  "val_acc": [
    0.7423664122137404,
    0.8492366412213741,
    0.8778625954198473,
    0.8912213740458015,
    0.8969465648854962,
    0.9198473282442748,
    0.9198473282442748,
    0.9141221374045801,
    0.9179389312977099,
    0.9217557251908397,
    0.9255725190839694,
    0.9007633587786259,
    0.9293893129770993,
    0.933206106870229,
    0.9312977099236641,
    0.9312977099236641,
    0.9389312977099237,
    0.9408396946564885,
    0.9541984732824428,
    0.9408396946564885,
    0.9370229007633588,
    0.9446564885496184,
    0.9484732824427481,
    0.9427480916030534,
    0.9446564885496184,
    0.9484732824427481,
    0.9522900763358778,
    0.9389312977099237,
    0.9522900763358778,
    0.9484732824427481,
    0.950381679389313,
    0.9541984732824428,
    0.9484732824427481,
    0.9522900763358778,
    0.9541984732824428,
    0.950381679389313,
    0.9580152671755725,
    0.950381679389313,
    0.9522900763358778,
    0.9561068702290076,
    0.9541984732824428,
    0.9465648854961832,
    0.9522900763358778,
    0.9484732824427481,
    0.9541984732824428,
    0.9561068702290076,
    0.9561068702290076,
    0.9561068702290076,
    0.9561068702290076,
    0.9561068702290076
  ],
  "best_val_loss": 0.3458727893938545,
  "total_time_s": 385.2542200088501,
  "stopped_epoch": 50
}