{
  "train_loss": [
    0.7063625637210823,
    0.6324085689441775,
    0.4777237680015062,
    0.4182614358988675,
    0.4102254906192916,
    0.4006724255309838,
    0.3902184319070769,
    0.39031683659290195,
    0.39156335946758014,
    0.37664050871574384,
    0.38903635081945076,
    0.3793087444420882,
    0.3784796538602121,
    0.3789573003907475,
    0.37348413877600617,
    0.370354916143944,
    0.3675607629215302,
    0.36951652138842905,
    0.3611902766746288,
    0.36362953237182727,
    0.3652870853319954,
    0.35679451036270937,
    0.36011973104440465,
    0.35922139085443117,
    0.3591928004256324,
    0.3573685050669016,
    0.3537844365799741,
    0.3533155090644791,
    0.347913805974573,
    0.35134403325281816,
    0.3472565635848876,
    0.3498702489833459,
    0.3514900484526674,
    0.34841792160105484,
    0.35066750901375365
  ],
  "train_acc": [
    0.29481733220050976,
    0.5550127442650807,
    0.8370858113848768,
    0.8993203058623619,
    0.903355989804588,
    0.9090909090909091,
    0.9152506372132541,
    0.9144010195412065,
    0.913126593033135,
    0.9216227697536109,
    0.9152506372132541,
    0.9250212404418012,
    0.9267204757858963,
    0.9271452846219201,
    0.9305437553101105,
    0.9303313508920985,
    0.9303313508920985,
    0.9311809685641461,
    0.9367034834324554,
    0.9358538657604079,
    0.9322429906542056,
    0.9415887850467289,
    0.937553101104503,
    0.9398895497026338,
    0.9356414613423959,
    0.9373406966864911,
    0.9390399320305862,
    0.9379779099405268,
    0.9424384027187765,
    0.9439252336448598,
    0.9464740866610025,
    0.9462616822429907,
    0.9405267629566695,
    0.9432880203908242,
    0.9420135938827527
  ],
  "val_loss": [
    0.7142676479033842,
    0.5629865431603585,
    0.5352823242886375,
    0.6540733830619404,
    0.4242386274210369,
    0.6138179456914654,
    0.6770498406796055,
    0.47670330118587,
    0.43064480928974297,
    0.425056203858543,
    0.3731092498957656,
    0.36958623501180693,
    0.655194736619032,
    0.45184319710913506,
    0.37207666790212385,
    0.36959494752738314,
    0.36071162187416134,
    0.35306329422324667,
    0.4588977435162959,
    0.39545002010942415,
    0.39015163447110707,
    0.3903178736453748,
    0.3724648411037358,
    0.44790634490151443,
    0.3478190751021145,
    0.41470252284566866,
    0.40866465559442533,
    0.35908068477652455,
    0.37997350983947287,
    0.3471988184761455,
    0.3771080072144516,
    0.376509397994471,
    0.3886552614565114,
    0.3722401229479841,
    0.3822077960913418
  ],
  "val_acc": [
    0.36450381679389315,
    0.8759541984732825,
    0.8797709923664122,
    0.8606870229007634,
    0.916030534351145,
    0.8664122137404581,
    0.851145038167939,
    0.9236641221374046,
    0.9293893129770993,
    0.933206106870229,
    0.9408396946564885,
    0.9446564885496184,
    0.8492366412213741,
    0.9217557251908397,
    0.9351145038167938,
    0.9370229007633588,
    0.9408396946564885,
    0.950381679389313,
    0.9255725190839694,
    0.9389312977099237,
    0.9522900763358778,
    0.9427480916030534,
    0.9484732824427481,
    0.933206106870229,
    0.9561068702290076,
    0.9446564885496184,
    0.950381679389313,
    0.9618320610687023,
    0.9541984732824428,
    0.950381679389313,
    0.9637404580152672,
    0.9541984732824428,
    0.950381679389313,
    0.950381679389313,
    0.9522900763358778
  ],
  "best_val_loss": 0.3478190751021145,
  "total_time_s": 177.44935202598572,
  "stopped_epoch": 35
}