{
  "train_loss": [
    0.722561764281588,
    0.6244345187330611,
    0.4555653059695267,
    0.4146287917786973,
    0.4013374140430732,
    0.39368042752412585,
    0.3965039053708695,
    0.3853408991024468,
    0.3807919187472853,
    0.382399512329847,
    0.3726024406890091,
    0.3774256248441711,
    0.37519261129548614,
    0.37142715361934653,
    0.3706381592896396,
    0.3696097997709564,
    0.3665596092770235,
    0.3680581626187165,
    0.36196589036927757,
    0.3591098795528623,
    0.36119092786929924,
    0.3624395196379092
  ],
  "train_acc": [
    0.744052676295667,
    0.7946049277824979,
    0.8557774001699235,
    0.8901869158878505,
    0.9029311809685642,
    0.907179269328802,
    0.901231945624469,
    0.9156754460492779,
    0.9194987255734919,
    0.9163126593033135,
    0.9265080713678845,
    0.9216227697536109,
    0.9267204757858963,
    0.9307561597281223,
    0.9282073067119796,
    0.9258708581138487,
    0.9299065420560748,
    0.9271452846219201,
    0.9352166525063721,
    0.9364910790144435,
    0.9386151231945624,
    0.933305012744265
  ],
  "val_loss": [
    0.7485524293120581,
    0.538472656075281,
    0.4439720770784917,
    0.48095251312692655,
    0.6195915641675469,
    0.4036547805516774,
    0.49816954545392333,
    0.669503397158994,
    0.4668104375591715,
    0.44695696666950485,
    0.4327362461854483,
    0.38672462651747785,
    0.5042803483154937,
    0.42861355170038823,
    0.39144772200184014,
    0.39221438902025,
    0.4005024983682705,
    0.393035248035693,
    0.44178300322467134,
    0.39956204832055187,
    0.4314952492713928,
    0.4027238237948818
  ],
  "val_acc": [
    0.7423664122137404,
    0.8759541984732825,
    0.916030534351145,
    0.9064885496183206,
    0.8683206106870229,
    0.9274809160305344,
    0.9122137404580153,
    0.8549618320610687,
    0.9255725190839694,
    0.9198473282442748,
    0.9293893129770993,
    0.9312977099236641,
    0.9198473282442748,
    0.9293893129770993,
    0.9408396946564885,
    0.9427480916030534,
    0.9389312977099237,
    0.9351145038167938,
    0.9370229007633588,
    0.9389312977099237,
    0.9351145038167938,
    0.9427480916030534
  ],
  "best_val_loss": 0.38672462651747785,
  "total_time_s": 172.22549962997437,
  "stopped_epoch": 22
}