{
  "train_loss": [
    0.711607351987769,
    0.6501863537547744,
    0.46466763701191777,
    0.4064868166473019,
    0.3979136711880628,
    0.3969949410441779,
    0.38662307780986127,
    0.38722825850484327,
    0.37779649593309517,
    0.375476678879259,
    0.375982467866896,
    0.3736960262490615,
    0.37269051422380045,
    0.36853223213626857,
    0.36620507320308443,
    0.3648632064449048,
    0.3679959677292719,
    0.36353466932613565,
    0.3602667635238667,
    0.36083464011765176,
    0.35718458146489873,
    0.35037857628314295,
    0.36021013533856366,
    0.3517404570859068,
    0.3534817333533385,
    0.358430390147304,
    0.35540881844121924,
    0.35267412576416135,
    0.34761932553025554,
    0.3525129303956498,
    0.3477074393500893
  ],
  "train_acc": [
    0.2578589634664401,
    0.35811384876805435,
    0.8247663551401869,
    0.9037807986406117,
    0.8997451146983857,
    0.9129141886151232,
    0.9158878504672897,
    0.9135514018691588,
    0.9197111299915038,
    0.9262956669498725,
    0.923534409515718,
    0.923322005097706,
    0.9237468139337298,
    0.9284197111299916,
    0.9305437553101105,
    0.927570093457944,
    0.9316057774001699,
    0.9337298215802888,
    0.9320305862361937,
    0.9381903143585386,
    0.9367034834324554,
    0.9424384027187765,
    0.9350042480883602,
    0.9424384027187765,
    0.9413763806287171,
    0.9364910790144435,
    0.943712829226848,
    0.9447748513169074,
    0.9432880203908242,
    0.9398895497026338,
    0.9445624468988955
  ],
  "val_loss": [
    0.7149507762821576,
    0.5563068858539785,
    0.5466820165401197,
    0.5688510086700207,
    0.434665693126562,
    0.4144995339954172,
    0.42464387394089737,
    0.41793556795775433,
    0.4378491171443735,
    0.44690593007866664,
    0.39936601501384766,
    0.35766079589610794,
    0.38330799909948393,
    0.44564079874344453,
    0.42892164583424575,
    0.3527305588012433,
    0.37376413158788024,
    0.3817256400148377,
    0.37324812394062074,
    0.35612287935409837,
    0.34648801329481693,
    0.3897859972851877,
    0.35756871399988654,
    0.36505594167090555,
    0.3527601393124529,
    0.35982848760735897,
    0.35171665922376033,
    0.3546973821771054,
    0.37124246631869834,
    0.37052405608519345,
    0.3520989104081656
  ],
  "val_acc": [
    0.25763358778625955,
    0.8645038167938931,
    0.8816793893129771,
    0.8893129770992366,
    0.9255725190839694,
    0.9293893129770993,
    0.9389312977099237,
    0.9293893129770993,
    0.9312977099236641,
    0.9370229007633588,
    0.9465648854961832,
    0.9408396946564885,
    0.9408396946564885,
    0.9389312977099237,
    0.9389312977099237,
    0.9408396946564885,
    0.9408396946564885,
    0.9465648854961832,
    0.9370229007633588,
    0.9446564885496184,
    0.9484732824427481,
    0.9465648854961832,
    0.9427480916030534,
    0.9484732824427481,
    0.9446564885496184,
    0.9446564885496184,
    0.950381679389313,
    0.9580152671755725,
    0.9541984732824428,
    0.950381679389313,
    0.9465648854961832
  ],
  "best_val_loss": 0.34648801329481693,
  "total_time_s": 330.31062841415405,
  "stopped_epoch": 31
}