{
  "train_loss": [
    0.7025855665705218,
    0.5990961184416571,
    0.4728028337987885,
    0.41441025345023647,
    0.4080025426593998,
    0.4071693684757009,
    0.39240014568262416,
    0.38977009691013154,
    0.39264996685309234,
    0.37879912429880874,
    0.38285623740218105,
    0.3780448085793825,
    0.3680813260876535,
    0.3717343443110522,
    0.3693390261752178,
    0.3672870988550081,
    0.365352671128162,
    0.37033924956694436,
    0.36042396363405826,
    0.3580519299742116,
    0.3592507927571704,
    0.3560354925862995,
    0.3590105806454421,
    0.36112084030193503,
    0.3578016159892994,
    0.35702544866017394,
    0.3535899577144859,
    0.35117879993548917,
    0.3513712688533553,
    0.35194891250629795,
    0.3527017890799319,
    0.345011807794579,
    0.3511878983034557,
    0.34842848078922994,
    0.3476751427986709,
    0.34671693498438055,
    0.34037016384056695,
    0.3469386205849449,
    0.3434541811351565,
    0.34646389546694145,
    0.35030208817962477,
    0.3453335046717547,
    0.3457342968619062,
    0.34834304613994155,
    0.34344987342088223,
    0.3448042126662061,
    0.34059319862290366,
    0.3408290499484225,
    0.3419315792183402,
    0.3445236035697827
  ],
  "train_acc": [
    0.6654630416312659,
    0.7276975361087511,
    0.8440951571792693,
    0.8980458793542906,
    0.903143585386576,
    0.9010195412064571,
    0.9122769753610875,
    0.9148258283772303,
    0.913126593033135,
    0.9209855564995751,
    0.9226847918436704,
    0.923534409515718,
    0.9226847918436704,
    0.9248088360237893,
    0.9220475785896347,
    0.9299065420560748,
    0.9307561597281223,
    0.9279949022939677,
    0.9318181818181818,
    0.9324553950722175,
    0.9320305862361937,
    0.9401019541206457,
    0.9316057774001699,
    0.9369158878504673,
    0.9343670348343246,
    0.9377655055225149,
    0.9396771452846219,
    0.9411639762107051,
    0.9384027187765506,
    0.9424384027187765,
    0.9369158878504673,
    0.9432880203908242,
    0.943500424808836,
    0.9432880203908242,
    0.9422259983007647,
    0.9462616822429907,
    0.9485981308411215,
    0.9458368734069669,
    0.9460492778249787,
    0.9464740866610025,
    0.9415887850467289,
    0.9449872557349193,
    0.9430756159728122,
    0.9432880203908242,
    0.945624468988955,
    0.9485981308411215,
    0.9481733220050977,
    0.9492353440951572,
    0.9432880203908242,
    0.9464740866610025
  ],
  "val_loss": [
    0.7230950298200127,
    0.5458516674187347,
    0.5331193281494024,
    0.5331261353638336,
    0.5451589495171117,
    0.6744119247407404,
    0.43616668868610875,
    0.4742017729591777,
    0.5688855315892751,
    0.5204274827287397,
    0.5082666896681749,
    0.42895664013069096,
    0.39696568796652876,
    0.5306041431791,
    0.38263566029890805,
    0.536063323039135,
    0.3733268589463853,
    0.3802152294239015,
    0.4630061242416615,
    0.4334150054527603,
    0.3632820571651896,
    0.39229419486213274,
    0.39297510694911464,
    0.39215125245902377,
    0.37744800462067585,
    0.37655933849684153,
    0.39697488892169397,
    0.3607251007138318,
    0.39458003617425,
    0.36708475933730145,
    0.37080008155516997,
    0.3502625586422345,
    0.3641949898869027,
    0.38021745072066326,
    0.365323631135562,
    0.36680883078174736,
    0.35537578768402567,
    0.34785060277421964,
    0.36207671634113514,
    0.3595379199690491,
    0.3597589126070037,
    0.3470394761507748,
    0.34704289727538595,
    0.3479435268704218,
    0.34603573643524227,
    0.35193607506861213,
    0.3471692916546159,
    0.35249661443797686,
    0.3471739610642877,
    0.35205545020467455
  ],
  "val_acc": [
    0.7423664122137404,
    0.8702290076335878,
    0.8721374045801527,
    0.8931297709923665,
    0.8969465648854962,
    0.851145038167939,
    0.9236641221374046,
    0.9198473282442748,
    0.8893129770992366,
    0.9064885496183206,
    0.9064885496183206,
    0.9370229007633588,
    0.9465648854961832,
    0.9045801526717557,
    0.9427480916030534,
    0.9045801526717557,
    0.9427480916030534,
    0.9446564885496184,
    0.9293893129770993,
    0.9465648854961832,
    0.9484732824427481,
    0.9465648854961832,
    0.950381679389313,
    0.9446564885496184,
    0.9446564885496184,
    0.9484732824427481,
    0.9484732824427481,
    0.9522900763358778,
    0.9541984732824428,
    0.9580152671755725,
    0.9580152671755725,
    0.9541984732824428,
    0.9522900763358778,
    0.9522900763358778,
    0.9522900763358778,
    0.9580152671755725,
    0.9541984732824428,
    0.9541984732824428,
    0.9580152671755725,
    0.9618320610687023,
    0.9618320610687023,
    0.9541984732824428,
    0.9599236641221374,
    0.9561068702290076,
    0.9580152671755725,
    0.9599236641221374,
    0.9599236641221374,
    0.9599236641221374,
    0.9580152671755725,
    0.9599236641221374
  ],
  "best_val_loss": 0.34603573643524227,
  "total_time_s": 273.5805330276489,
  "stopped_epoch": 50
}