{
  "train_loss": [
    0.7063994164576243,
    0.6104221948649585,
    0.4430701027204146,
    0.41439271279584583,
    0.40241651025584113,
    0.40007572510329564,
    0.39310248392359526,
    0.3879860941393454,
    0.3855095821462046,
    0.38096623075849034,
    0.37574408792699915,
    0.37733568842368503,
    0.37600011547541556,
    0.37407634490206776,
    0.3740696635606842,
    0.37210824442497226,
    0.3652643511734884,
    0.36553093418795474,
    0.36038781658207447,
    0.3625635395337691,
    0.3596326177061465
  ],
  "train_acc": [
    0.7570093457943925,
    0.7816482582837723,
    0.8555649957519117,
    0.8948598130841121,
    0.9063296516567545,
    0.8976210705182668,
    0.9158878504672897,
    0.913126593033135,
    0.9135514018691588,
    0.9228971962616822,
    0.9286321155480034,
    0.9180118946474086,
    0.9218351741716228,
    0.9218351741716228,
    0.9277824978759558,
    0.9237468139337298,
    0.9343670348343246,
    0.9290569243840272,
    0.9386151231945624,
    0.9316057774001699,
    0.9377655055225149
  ],
  "val_loss": [
    0.7337091615181843,
    0.5689172480852549,
    0.6536086902363609,
    0.49950388642667815,
    0.46666775632450597,
    0.41888414630453097,
    0.4666206199704236,
    0.496496640088904,
    0.42778750730834847,
    0.43513122678713034,
    0.38255898916084347,
    0.45915276312646064,
    0.4102226709591523,
    0.5075328504766217,
    0.40927488976762494,
    0.4411886254794725,
    0.4165930593286762,
    0.4135424606217683,
    0.4023931299457113,
    0.4262877652663311,
    0.381711550796305
  ],
  "val_acc": [
    0.7423664122137404,
    0.8625954198473282,
    0.8683206106870229,
    0.9141221374045801,
    0.9293893129770993,
    0.9370229007633588,
    0.9255725190839694,
    0.9141221374045801,
    0.9274809160305344,
    0.933206106870229,
    0.933206106870229,
    0.9293893129770993,
    0.933206106870229,
    0.9103053435114504,
    0.9389312977099237,
    0.9446564885496184,
    0.9389312977099237,
    0.9465648854961832,
    0.9446564885496184,
    0.9408396946564885,
    0.9446564885496184
  ],
  "best_val_loss": 0.38255898916084347,
  "total_time_s": 159.96616196632385,
  "stopped_epoch": 21
}