{
  "train_loss": [
    0.7059701239039762,
    0.6044116038180248,
    0.4399469248197194,
    0.42450821009751794,
    0.41123999927442967,
    0.39420381707464525,
    0.38980912260818806,
    0.3821632276932466,
    0.38322220232492804,
    0.3825819551083833,
    0.3800553402459105,
    0.3832481543493149,
    0.3779766136747148,
    0.36841749620822495,
    0.36900769069018563,
    0.365650253773951,
    0.36980720455603977,
    0.3600266869532019,
    0.3657646787146339,
    0.36052337230619175,
    0.36053214877362766,
    0.360689582744694,
    0.3574608555767834,
    0.3612785272255932,
    0.35687214500740005,
    0.3596402358583403,
    0.3552789501750884,
    0.35175387653741375,
    0.35512848503526834,
    0.3555371430128838,
    0.35001811782687825,
    0.3540930226888308,
    0.3495052986309097,
    0.3462461316950157,
    0.35279535573725995,
    0.34516660941285204,
    0.349106294909269,
    0.34799709179285937,
    0.3444793763663066,
    0.3474119454748872,
    0.3451341752694032,
    0.3455274440822909,
    0.3439694347276258,
    0.3452072661107338,
    0.34282527358833775,
    0.34216754777814334
  ],
  "train_acc": [
    0.6726847918436704,
    0.7767629566694987,
    0.8746813933729821,
    0.883177570093458,
    0.8961342395921835,
    0.909303313508921,
    0.9097281223449448,
    0.921410365335599,
    0.9197111299915038,
    0.9218351741716228,
    0.9167374681393373,
    0.9163126593033135,
    0.923322005097706,
    0.9313933729821581,
    0.9277824978759558,
    0.9288445199660152,
    0.9288445199660152,
    0.933517417162277,
    0.9296941376380629,
    0.9356414613423959,
    0.9364910790144435,
    0.9407391673746814,
    0.9401019541206457,
    0.9328802039082413,
    0.9405267629566695,
    0.9377655055225149,
    0.9396771452846219,
    0.9405267629566695,
    0.9377655055225149,
    0.9420135938827527,
    0.9415887850467289,
    0.9439252336448598,
    0.9384027187765506,
    0.9447748513169074,
    0.9418011894647409,
    0.9451996601529312,
    0.943500424808836,
    0.9439252336448598,
    0.9490229396771452,
    0.9424384027187765,
    0.9468988954970263,
    0.947536108751062,
    0.947536108751062,
    0.9492353440951572,
    0.9477485131690739,
    0.9511469838572643
  ],
  "val_loss": [
    0.7309217175454584,
    0.5100405398215956,
    0.4726247710126047,
    0.5074572117274044,
    0.5368995948602225,
    0.6610172127039378,
    0.5185081094275904,
    0.5002696598304137,
    0.5158142392871944,
    0.5237027725190607,
    0.48679582444766095,
    0.4554427716568226,
    0.4886959572784773,
    0.4825483132864683,
    0.44136134677260885,
    0.4688556926851054,
    0.4043743667256741,
    0.41137545345393756,
    0.43702115994373353,
    0.3670345872413111,
    0.407856953053074,
    0.4208104628643007,
    0.3632079435668829,
    0.36622500192118057,
    0.3716480873013271,
    0.39054457058433356,
    0.40438919258481676,
    0.4242878367427651,
    0.3899879717189847,
    0.38677973465155097,
    0.40217312738185623,
    0.3743054498242968,
    0.35979790883209867,
    0.35814884691748,
    0.36107996720394103,
    0.3478564183220609,
    0.36667003249394076,
    0.3538983566615418,
    0.3566308929265,
    0.3715365451710825,
    0.3604940856231078,
    0.36084466785874986,
    0.3640709464786617,
    0.3576528011387541,
    0.3581849245624688,
    0.35763534380279427
  ],
  "val_acc": [
    0.7423664122137404,
    0.8721374045801527,
    0.9026717557251909,
    0.9064885496183206,
    0.9007633587786259,
    0.8625954198473282,
    0.9064885496183206,
    0.9122137404580153,
    0.9064885496183206,
    0.9103053435114504,
    0.9103053435114504,
    0.9236641221374046,
    0.9198473282442748,
    0.9179389312977099,
    0.9274809160305344,
    0.9255725190839694,
    0.9370229007633588,
    0.9389312977099237,
    0.9370229007633588,
    0.9427480916030534,
    0.9408396946564885,
    0.9389312977099237,
    0.950381679389313,
    0.950381679389313,
    0.9484732824427481,
    0.9408396946564885,
    0.9408396946564885,
    0.9408396946564885,
    0.9541984732824428,
    0.9465648854961832,
    0.9561068702290076,
    0.9484732824427481,
    0.9599236641221374,
    0.950381679389313,
    0.9561068702290076,
    0.9561068702290076,
    0.9599236641221374,
    0.9465648854961832,
    0.9541984732824428,
    0.9522900763358778,
    0.9541984732824428,
    0.9561068702290076,
    0.9618320610687023,
    0.9522900763358778,
    0.9561068702290076,
    0.9580152671755725
  ],
  "best_val_loss": 0.3478564183220609,
  "total_time_s": 233.37510085105896,
  "stopped_epoch": 46
}