{
  "train_loss": [
    0.702661476655845,
    0.6233243199861344,
    0.46749868885176404,
    0.40902687678827304,
    0.397777529165921,
    0.397966493664906,
    0.3854912797474922,
    0.3820967382562292,
    0.37933473604254125,
    0.3773923081265938,
    0.36643637029316434,
    0.3727141150297912,
    0.3743241554918994,
    0.37715523057603795,
    0.3660599871165892,
    0.3660670497605835,
    0.36390667302991336,
    0.3598826701547903,
    0.3604293946705334,
    0.35982811871279874,
    0.3558168771819939,
    0.35582508297420296,
    0.355085946942348,
    0.359665479311623,
    0.35583660502806497,
    0.3485847899695018,
    0.35977725407382444,
    0.35618880712692275,
    0.35677780670540354,
    0.35151432496364987,
    0.3523201792546015,
    0.3492195635603562,
    0.3447176448450113,
    0.3456633787288844,
    0.34067693172923164,
    0.34733555315912223
  ],
  "train_acc": [
    0.4966015293118097,
    0.7017841971112999,
    0.8443075615972813,
    0.9001699235344095,
    0.9095157179269329,
    0.907179269328802,
    0.917374681393373,
    0.9190739167374682,
    0.9184367034834324,
    0.9197111299915038,
    0.9320305862361937,
    0.9248088360237893,
    0.9245964316057774,
    0.9222599830076466,
    0.9284197111299916,
    0.9313933729821581,
    0.9301189464740867,
    0.9356414613423959,
    0.9318181818181818,
    0.933517417162277,
    0.9367034834324554,
    0.9328802039082413,
    0.937553101104503,
    0.9347918436703483,
    0.9356414613423959,
    0.9443500424808836,
    0.9379779099405268,
    0.9369158878504673,
    0.9392523364485982,
    0.9392523364485982,
    0.9415887850467289,
    0.9420135938827527,
    0.9426508071367884,
    0.945624468988955,
    0.9485981308411215,
    0.9418011894647409
  ],
  "val_loss": [
    0.7197961456903065,
    0.5395773530916403,
    0.5356224429516392,
    0.5393922215199652,
    0.5496082305908203,
    0.5653801924399747,
    0.4077768457754878,
    0.4122641841873868,
    0.4019027363708001,
    0.43522339831781753,
    0.3634373702620732,
    0.42722952274875786,
    0.4810538476205054,
    0.38960982597511234,
    0.37763161695640507,
    0.42651384113399127,
    0.3555178073526339,
    0.35861288067948727,
    0.39538366262239355,
    0.3615250965111128,
    0.35286066004338157,
    0.37855343418266935,
    0.36046708676651235,
    0.3858631703689808,
    0.3525472965859275,
    0.341043011377786,
    0.3418616525089468,
    0.35905271086074014,
    0.364702241566345,
    0.3771878080513641,
    0.38210620270430584,
    0.37261643914775994,
    0.3881177656523144,
    0.3741871678192197,
    0.36942048063714994,
    0.3689710786779418
  ],
  "val_acc": [
    0.7423664122137404,
    0.8702290076335878,
    0.8683206106870229,
    0.8950381679389313,
    0.8931297709923665,
    0.8854961832061069,
    0.9351145038167938,
    0.9236641221374046,
    0.9255725190839694,
    0.9370229007633588,
    0.9389312977099237,
    0.9312977099236641,
    0.9198473282442748,
    0.9351145038167938,
    0.9484732824427481,
    0.9370229007633588,
    0.9465648854961832,
    0.9446564885496184,
    0.9370229007633588,
    0.9446564885496184,
    0.9465648854961832,
    0.950381679389313,
    0.9522900763358778,
    0.9522900763358778,
    0.9561068702290076,
    0.950381679389313,
    0.9484732824427481,
    0.9580152671755725,
    0.9656488549618321,
    0.950381679389313,
    0.9522900763358778,
    0.9522900763358778,
    0.950381679389313,
    0.9522900763358778,
    0.9599236641221374,
    0.9522900763358778
  ],
  "best_val_loss": 0.341043011377786,
  "total_time_s": 253.38106489181519,
  "stopped_epoch": 36
}