{
  "weighted_f1": {
    "mean": 0.7920596048209093,
    "std": NaN,
    "min": 0.7920596048209093,
    "max": 0.7920596048209093,
    "values": [
      0.7920596048209093
    ]
  },
  "macro_f1": {
    "mean": 0.7920596048209092,
    "std": NaN,
    "min": 0.7920596048209092,
    "max": 0.7920596048209092,
    "values": [
      0.7920596048209092
    ]
  },
  "weighted_accuracy": {
    "mean": 0.7902,
    "std": NaN,
    "min": 0.7902,
    "max": 0.7902,
    "values": [
      0.7902
    ]
  },
  "mean_auc": {
    "mean": 0.9753137555555556,
    "std": NaN,
    "min": 0.9753137555555556,
    "max": 0.9753137555555556,
    "values": [
      0.9753137555555556
    ]
  },
  "best_seed_idx": 0,
  "n_runs": 1
}