{
  "weighted_f1": {
    "mean": 0.8137689729995307,
    "std": 0.014444554549492254,
    "min": 0.7896189458689459,
    "max": 0.8308388444135051,
    "values": [
      0.8298444639957211,
      0.8175729442970822,
      0.8250532076619033,
      0.8308388444135051,
      0.7896189458689459,
      0.8198247322297955,
      0.7988924655591322,
      0.8159105851413543,
      0.7953469281143305,
      0.8147866127135368
    ]
  },
  "macro_f1": {
    "mean": 0.7652474907058353,
    "std": 0.017517581710625424,
    "min": 0.7415424082090749,
    "max": 0.790562378797673,
    "values": [
      0.7877764901496448,
      0.7646551724137931,
      0.784189723320158,
      0.790562378797673,
      0.744212962962963,
      0.7630379746835443,
      0.7415424082090749,
      0.7606837606837606,
      0.7502789231142373,
      0.7655351127235035
    ]
  },
  "weighted_accuracy": {
    "mean": 0.8128205128205128,
    "std": 0.016495947919332274,
    "min": 0.782051282051282,
    "max": 0.8269230769230769,
    "values": [
      0.8269230769230769,
      0.8205128205128205,
      0.8205128205128205,
      0.8269230769230769,
      0.782051282051282,
      0.8269230769230769,
      0.8012820512820513,
      0.8205128205128205,
      0.7884615384615384,
      0.8141025641025641
    ]
  },
  "mean_auc": {
    "mean": 0.8267543859649124,
    "std": 0.013571231506885327,
    "min": 0.808688387635756,
    "max": 0.8558897243107769,
    "values": [
      0.8558897243107769,
      0.8178780284043442,
      0.829156223893066,
      0.8362573099415205,
      0.8157894736842105,
      0.8360484544695072,
      0.808688387635756,
      0.8270676691729323,
      0.8172514619883041,
      0.8235171261487051
    ]
  },
  "best_seed_idx": 5,
  "n_runs": 10
}