{
  "weighted_f1": {
    "mean": 0.41968744970791233,
    "std": NaN,
    "min": 0.41968744970791233,
    "max": 0.41968744970791233,
    "values": [
      0.41968744970791233
    ]
  },
  "macro_f1": {
    "mean": 0.4196874497079122,
    "std": NaN,
    "min": 0.4196874497079122,
    "max": 0.4196874497079122,
    "values": [
      0.4196874497079122
    ]
  },
  "weighted_accuracy": {
    "mean": 0.442,
    "std": NaN,
    "min": 0.442,
    "max": 0.442,
    "values": [
      0.442
    ]
  },
  "mean_auc": {
    "mean": 0.9601434494949495,
    "std": NaN,
    "min": 0.9601434494949495,
    "max": 0.9601434494949495,
    "values": [
      0.9601434494949495
    ]
  },
  "best_seed_idx": 0,
  "n_runs": 1
}