{
  "weighted_f1": {
    "mean": 0.8209394537373439,
    "std": NaN,
    "min": 0.8209394537373439,
    "max": 0.8209394537373439,
    "values": [
      0.8209394537373439
    ]
  },
  "macro_f1": {
    "mean": 0.7830736034524095,
    "std": NaN,
    "min": 0.7830736034524095,
    "max": 0.7830736034524095,
    "values": [
      0.7830736034524095
    ]
  },
  "weighted_accuracy": {
    "mean": 0.8141025641025641,
    "std": NaN,
    "min": 0.8141025641025641,
    "max": 0.8141025641025641,
    "values": [
      0.8141025641025641
    ]
  },
  "mean_auc": {
    "mean": 0.9012113617376776,
    "std": NaN,
    "min": 0.9012113617376776,
    "max": 0.9012113617376776,
    "values": [
      0.9012113617376776
    ]
  },
  "best_seed_idx": 0,
  "n_runs": 1
}