{
  "train_loss": [
    2.401859158017624,
    1.714564629669025,
    1.446000108321914,
    1.2825307886867217,
    1.1737619059272033,
    1.1061335386681639,
    1.052177375425492,
    1.0096277642066736,
    0.9835007734799726,
    0.9569925515830472,
    0.9364047032593886,
    0.920913461036293,
    0.9079171036464849,
    0.8959235977801202,
    0.8839948927594787,
    0.8734433802028588,
    0.8624005851001071,
    0.8574907307524359,
    0.8495278672364729,
    0.8431387859490973,
    0.8372716323906244,
    0.8330379302933288,
    0.8277317330203452,
    0.8198168445329697,
    0.8134218309501992,
    0.8111667419371115,
    0.8076397664224081,
    0.8026018243211339,
    0.7944073903411752,
    0.7922851541417563,
    0.7895573681871374,
    0.786306393014584,
    0.7809173660472455,
    0.7776383570901203,
    0.7748170721196583,
    0.773049909128889
  ],
  "train_acc": [
    0.2748899951108938,
    0.49175518911951643,
    0.6227276767856349,
    0.7093870838703943,
    0.7619338637272768,
    0.7952686786079382,
    0.8170807591448509,
    0.8348815502911241,
    0.8454931330281346,
    0.8560936041601849,
    0.8648162140539579,
    0.8716387394995333,
    0.8770389795102005,
    0.8815391795190898,
    0.8855615805146896,
    0.8902951242277435,
    0.8944953109027068,
    0.8969176407840348,
    0.8999288857282546,
    0.9028845726476732,
    0.9052846793190809,
    0.9057291435174897,
    0.9084625983377039,
    0.9113182808124806,
    0.9137183874838882,
    0.9135961598293257,
    0.9151962309435975,
    0.916885194897551,
    0.9195519800880039,
    0.920918707498111,
    0.9213076136717188,
    0.9216854082403663,
    0.9246633183697053,
    0.9255078003466821,
    0.925807813680608,
    0.9270856482510333
  ],
  "val_loss": [
    1.7223000504025838,
    1.2937422027496375,
    1.1376931835107449,
    0.9383121192193136,
    0.8553295898609092,
    0.8040905552880853,
    0.7991914246760097,
    0.7603881660579253,
    0.7651356319721486,
    0.6959846101728071,
    0.6864954780359738,
    0.6824579125211412,
    0.6793737548773215,
    0.6596186993504372,
    0.6636424419261227,
    0.6457070967093891,
    0.6871322531644843,
    0.6771502313209695,
    0.68097959020909,
    0.6987594024556392,
    0.6622919553711337,
    0.6674579498482818,
    0.6514769434595241,
    0.6426105819574026,
    0.6630860544213864,
    0.6371365994846568,
    0.6589078637706142,
    0.6417320764145819,
    0.6707542401130369,
    0.65466845917349,
    0.6933342090419463,
    0.6627205455365156,
    0.6553536239312868,
    0.6571120992034781,
    0.6565043396684752,
    0.6860784589648485
  ],
  "val_acc": [
    0.35715713714514197,
    0.65343862455018,
    0.7093162734906038,
    0.8117752898840463,
    0.8573570571771292,
    0.8743502598960415,
    0.8848460615753698,
    0.8914434226309477,
    0.8946421431427429,
    0.9246301479408237,
    0.9289284286285486,
    0.9309276289484206,
    0.9304278288684527,
    0.9364254298280688,
    0.931327469012395,
    0.942423030787685,
    0.9233306677329068,
    0.9308276689324271,
    0.929828068772491,
    0.9251299480207917,
    0.9307277089164334,
    0.9323270691723311,
    0.9392243102758896,
    0.9453218712514994,
    0.9374250299880048,
    0.939624150339864,
    0.9351259496201519,
    0.9405237904838065,
    0.9327269092363055,
    0.9365253898440624,
    0.9272291083566573,
    0.9306277489004399,
    0.9353258696521392,
    0.9369252299080368,
    0.9390243902439024,
    0.9213314674130347
  ],
  "best_val_loss": 0.6371365994846568,
  "total_time_s": 4046.4849257469177,
  "stopped_epoch": 36
}