{
  "train_loss": [
    2.475056902817278,
    1.7008594519255178,
    1.4577677778161533,
    1.3119633848696075,
    1.2112561505054589,
    1.1355517161221518,
    1.0689691636206187,
    1.0274131696824735,
    0.9950433057903465,
    0.9683673062946135,
    0.9478574982934159,
    0.9301332001225345,
    0.9183882372904589,
    0.9023827830019662,
    0.8924375602661638,
    0.8858297555530023,
    0.877146918353274,
    0.8708338081304209,
    0.8618328262156415,
    0.8542045058131277,
    0.8454114989713222,
    0.8417592290226759,
    0.8329764067122627,
    0.8286919151657375,
    0.8242735149351839,
    0.8213468954888359,
    0.8185248721191113,
    0.8116532290102116,
    0.8110027004042765,
    0.8047783361222406,
    0.8002089922113087,
    0.797899897180455,
    0.7952923615369072,
    0.7924192712605702,
    0.7904677480489679,
    0.7883194356400404,
    0.7851877806477984,
    0.7834513720774514,
    0.7822940162385462,
    0.7767892394247486,
    0.7762012409895779,
    0.7763065903143033,
    0.77368967851494
  ],
  "train_acc": [
    0.286190497355438,
    0.49257744788657276,
    0.6201386728299035,
    0.6956531401395618,
    0.7453220143117472,
    0.7827458998177697,
    0.8138917285212676,
    0.8308702609004844,
    0.8454820214231744,
    0.856449175518912,
    0.865527356771412,
    0.8730610249344415,
    0.877672340992933,
    0.8844948664385084,
    0.8891284057069203,
    0.8902506778079026,
    0.8949397751011156,
    0.8988288368371927,
    0.9016400728921286,
    0.9030845815369571,
    0.9073736610516023,
    0.9073292146317614,
    0.9103071247611005,
    0.9123961064936219,
    0.9146962087203876,
    0.9153073469931997,
    0.9160296013156141,
    0.9189963998399929,
    0.9189963998399929,
    0.921118716387395,
    0.9232965909595982,
    0.9249411084937108,
    0.9257744788657274,
    0.9267967465220677,
    0.9282301435619361,
    0.9283857060313792,
    0.9289412862793902,
    0.9309080403573492,
    0.9315969598648829,
    0.9330525801146717,
    0.933119249744433,
    0.9333859282634783,
    0.9343970843148585
  ],
  "val_loss": [
    1.7369690329873146,
    1.3436613759723772,
    1.1443308065624915,
    0.9653264028413064,
    0.8625561080899824,
    0.840422276209374,
    0.8049398312707845,
    0.7755215369144091,
    0.7418082321419425,
    0.7163986179505477,
    0.7025657550948279,
    0.7078440878354088,
    0.7083793854008004,
    0.6721354778744325,
    0.6892163739925097,
    0.6607199772888543,
    0.6426004430667156,
    0.6412986748841036,
    0.6697721168166492,
    0.6558766942508504,
    0.6657517022106563,
    0.6467160140452791,
    0.6705797068217619,
    0.6381333957715589,
    0.6560603352319427,
    0.6303132275541703,
    0.6288582196430128,
    0.653878355374197,
    0.6383487955897582,
    0.6630302643308826,
    0.6342810985089683,
    0.6347685785876994,
    0.6262485645905059,
    0.6334701979555926,
    0.6362118471483859,
    0.6341672206058449,
    0.6308711923298383,
    0.6305819616132811,
    0.6439076454007402,
    0.6409625849786733,
    0.6327492519885433,
    0.6338643056304395,
    0.6262561094279482
  ],
  "val_acc": [
    0.32506997201119553,
    0.6254498200719713,
    0.719312275089964,
    0.8079768092762895,
    0.8593562574970012,
    0.8613554578168733,
    0.8683526589364254,
    0.884046381447421,
    0.9007397041183527,
    0.9166333466613354,
    0.9172331067572971,
    0.9141343462614954,
    0.9151339464214314,
    0.9307277089164334,
    0.9214314274290284,
    0.9336265493802479,
    0.9480207916833266,
    0.9437225109956018,
    0.928828468612555,
    0.9394242303078768,
    0.9262295081967213,
    0.9440223910435825,
    0.9308276689324271,
    0.9440223910435825,
    0.9316273490603758,
    0.9480207916833266,
    0.9457217113154738,
    0.9360255897640943,
    0.9435225909636146,
    0.9287285085965614,
    0.9432227109156337,
    0.9425229908036785,
    0.9478208716513394,
    0.945921631347461,
    0.9426229508196722,
    0.9420231907237105,
    0.9445221911235506,
    0.9452219112355058,
    0.9389244302279088,
    0.9418232706917233,
    0.9432227109156337,
    0.9435225909636146,
    0.9466213514594163
  ],
  "best_val_loss": 0.6262485645905059,
  "total_time_s": 4834.499635219574,
  "stopped_epoch": 43
}