{
  "train_loss": [
    2.4418820857238734,
    1.6465257145181285,
    1.4108584679584035,
    1.2665733666392218,
    1.1646799107510077,
    1.086512624398831,
    1.0294881651568843,
    0.9904356002277774,
    0.9594510895786584,
    0.9414376890380105,
    0.9151527862018137,
    0.9030128923531262,
    0.8866014572889404,
    0.870338494223782,
    0.8643682675709422,
    0.8529203821036057,
    0.8426556138177623,
    0.8397110179533582,
    0.8294001042808425,
    0.8207744089405963,
    0.8159613293527768,
    0.8099397680241138,
    0.8064559696541823,
    0.800454561702622,
    0.7972927014029467,
    0.7950690886307686,
    0.7866530471512718,
    0.786307869982659,
    0.7803797589773029,
    0.7772813093223022,
    0.7753478819340874,
    0.7689909782429378,
    0.7655425402761973,
    0.7666722316043398,
    0.7619599286776298
  ],
  "train_acc": [
    0.3004577981243611,
    0.5365460687141651,
    0.6429619094181963,
    0.7097426552291213,
    0.7607671452064536,
    0.7980132450331126,
    0.8244255300235566,
    0.8415151784523757,
    0.8544157518111916,
    0.8632494777545668,
    0.8749722209875994,
    0.8791168496377617,
    0.8841059602649006,
    0.8904951331170274,
    0.8932174763322814,
    0.8958842615227344,
    0.9013178363482821,
    0.9010400462242766,
    0.9048624383305924,
    0.9087626116716299,
    0.909173741055158,
    0.9118516378505711,
    0.9127627894573093,
    0.9155851371172052,
    0.9164407306991422,
    0.9164518423041024,
    0.9188741721854304,
    0.9208298146584293,
    0.9225521134272634,
    0.9248299924441086,
    0.9244410862705009,
    0.9273301035601582,
    0.9283745944264189,
    0.9282745899817769,
    0.9299191075158896
  ],
  "val_loss": [
    1.5987403267910365,
    1.307882864539121,
    1.1008759020138434,
    0.9416227328305433,
    0.8531185071833465,
    0.8122189865261018,
    0.7596733510994711,
    0.744175889977261,
    0.8155154412577316,
    0.7398847245731529,
    0.6992374492234966,
    0.6926853078596594,
    0.6952035517656341,
    0.7032862260359757,
    0.6719750308456635,
    0.6779674582365083,
    0.6643111523701066,
    0.646463279245568,
    0.6976669148081353,
    0.6689023901013935,
    0.6528292138640378,
    0.6688491224956626,
    0.6729750174705813,
    0.6814830077261698,
    0.6350864747294137,
    0.6812307121085435,
    0.6690724694647822,
    0.6599099151805037,
    0.6561724764497124,
    0.647318445601877,
    0.6637673164453091,
    0.6491319767621363,
    0.6697317131134759,
    0.6478007640518316,
    0.6691070129184045
  ],
  "val_acc": [
    0.48220711715313874,
    0.6386445421831267,
    0.7451019592163135,
    0.8122750899640144,
    0.8566573370651739,
    0.8663534586165533,
    0.8917433026789284,
    0.8875449820071971,
    0.8741503398640543,
    0.9011395441823271,
    0.9188324670131948,
    0.9213314674130347,
    0.9175329868052778,
    0.9158336665333866,
    0.9322271091563374,
    0.9233306677329068,
    0.928828468612555,
    0.9388244702119153,
    0.9148340663734507,
    0.9296281487405038,
    0.9370251899240304,
    0.9273290683726509,
    0.9290283886445422,
    0.9252299080367853,
    0.9409236305477809,
    0.9246301479408237,
    0.9279288284686126,
    0.9325269892043183,
    0.9312275089964014,
    0.9380247900839664,
    0.9320271891243502,
    0.9354258296681327,
    0.9287285085965614,
    0.9393242702918833,
    0.926829268292683
  ],
  "best_val_loss": 0.6350864747294137,
  "total_time_s": 3925.322767972946,
  "stopped_epoch": 35
}