{
  "train_loss": [
    2.4918906928020093,
    1.7276385108006413,
    1.462360846863317,
    1.3057946566343466,
    1.1999294405921554,
    1.1205726973644559,
    1.060206500939451,
    1.020170622737923,
    0.9900909512301245,
    0.9679284417696532,
    0.9515969886759227,
    0.9359521778420695,
    0.9274702244978215,
    0.9089468206700826,
    0.9059290743106216,
    0.8936525852003385,
    0.8883536887293927,
    0.8832118135435569,
    0.8779969533669524,
    0.8703206185500003,
    0.8646242720290572,
    0.8604884110343123,
    0.85668964801171,
    0.8524602632124353,
    0.8465506842154503,
    0.8445283152314365,
    0.8384093628485386,
    0.8345536466990424,
    0.8331328666900559,
    0.8294362566397876,
    0.8265434079972621,
    0.8235852005132129,
    0.8168481596178826,
    0.8181582015669872,
    0.813321700561968,
    0.8103565054287608,
    0.8095626860831843,
    0.8065864223867815,
    0.8042086437890952,
    0.8030688936161758,
    0.7974393840731343,
    0.796644907407461,
    0.7956238124650226,
    0.7961319725886149,
    0.7935685303546178,
    0.7920215596961543,
    0.7918134379468498,
    0.7907137330534554,
    0.7906408079296033,
    0.7887108369007965
  ],
  "train_acc": [
    0.27381216942975245,
    0.5023445486466065,
    0.6148717720787591,
    0.69556424729988,
    0.7507111427174541,
    0.790424018845282,
    0.8181363616160718,
    0.8351037823903285,
    0.8494821992088537,
    0.8593715276234499,
    0.8658829281301391,
    0.873438819503089,
    0.877572336548291,
    0.8851060047113205,
    0.8877727899017734,
    0.8931841415174008,
    0.8946508733721499,
    0.8965176230054669,
    0.9000066669629762,
    0.9027290101782302,
    0.9052402328992399,
    0.9058624827770123,
    0.9091181830303569,
    0.910029334637095,
    0.9120627583448153,
    0.9136961642739677,
    0.9163629494644207,
    0.917540779590204,
    0.9186630516911862,
    0.9189186186052714,
    0.9209075958931509,
    0.9224076625627806,
    0.9246966531845859,
    0.9234743766389617,
    0.926107827014534,
    0.9276078936841637,
    0.9280412462776123,
    0.9295968709720432,
    0.9301080048002134,
    0.929685763811725,
    0.9326414507311436,
    0.9324303302368994,
    0.9328303480154674,
    0.9329414640650695,
    0.9339081736966087,
    0.9348748833281479,
    0.9344193075247789,
    0.9356082492555224,
    0.9356638072803236,
    0.9366082937019423
  ],
  "val_loss": [
    1.791598036259663,
    1.3355745993724397,
    1.081221927218035,
    0.9393345404986809,
    0.8477030136450822,
    0.7824076927933203,
    0.7478267139837486,
    0.7449363573748128,
    0.7205451019093401,
    0.7055947180511188,
    0.7030643553602272,
    0.7279116393374901,
    0.6969577125052079,
    0.6698042569471235,
    0.6593572648464799,
    0.7179923364993145,
    0.66727944306496,
    0.6759030762694922,
    0.6706525655995842,
    0.6742205767572427,
    0.6563596002152804,
    0.7024126589322081,
    0.6474178232988421,
    0.6471737093183814,
    0.655385427882985,
    0.6529057309990738,
    0.6447973232991884,
    0.644902140938821,
    0.6583398462819462,
    0.6476454679272929,
    0.6686350623162829,
    0.6429037276576491,
    0.6383014970996388,
    0.6600055058971971,
    0.6502855864823794,
    0.6552415529950434,
    0.6419201767573305,
    0.6360762298988943,
    0.6446833943233925,
    0.6351736631454443,
    0.6297665853969386,
    0.6535974755281451,
    0.6486162636719528,
    0.6434913364852347,
    0.6446549344520386,
    0.6539487236740589,
    0.6433229789358289,
    0.641101203099197,
    0.6439752972922007,
    0.6415995972626498
  ],
  "val_acc": [
    0.34586165533786484,
    0.6117552978808477,
    0.752998800479808,
    0.8142742902838864,
    0.8584566173530588,
    0.8857457017193123,
    0.9000399840063974,
    0.8972411035585766,
    0.9058376649340264,
    0.9164334266293482,
    0.9199320271891244,
    0.9078368652538984,
    0.9211315473810476,
    0.9304278288684527,
    0.9354258296681327,
    0.9179328268692523,
    0.9309276289484206,
    0.9272291083566573,
    0.9329268292682927,
    0.9293282686925229,
    0.9392243102758896,
    0.9175329868052778,
    0.9433226709316274,
    0.9412235105957617,
    0.9364254298280688,
    0.9413234706117553,
    0.9425229908036785,
    0.9433226709316274,
    0.9392243102758896,
    0.9423230707716913,
    0.9327269092363055,
    0.9440223910435825,
    0.9488204718112755,
    0.9378248700519792,
    0.9461215513794482,
    0.9373250699720111,
    0.9428228708516594,
    0.9484206317473011,
    0.9431227508996401,
    0.9456217512994802,
    0.9504198320671732,
    0.9408236705317873,
    0.9426229508196722,
    0.9403238704518193,
    0.9435225909636146,
    0.9409236305477809,
    0.9438224710115953,
    0.9453218712514994,
    0.9440223910435825,
    0.9457217113154738
  ],
  "best_val_loss": 0.6297665853969386,
  "total_time_s": 6092.772008419037,
  "stopped_epoch": 50
}