{
  "train_loss": [
    2.496954066212206,
    1.692104775236206,
    1.4450279730172404,
    1.3052796338620656,
    1.2032546306367482,
    1.1288783255616974,
    1.0698562981928819,
    1.0250212574774458,
    0.9929142683774896,
    0.9682532303693258,
    0.9472401167155425,
    0.925328823059229,
    0.9088052750121244,
    0.8965686218882355,
    0.8825764808131724,
    0.8759471377593537,
    0.8638259192785531,
    0.855185628024741,
    0.8446608888948751,
    0.8392402895201926,
    0.8317872883160966,
    0.826575970044639,
    0.8203131660810443,
    0.8137422138211187,
    0.8096984727148787,
    0.8033265264395942,
    0.8017366623882718,
    0.7981869631849123,
    0.7949103552148874,
    0.791071417623215,
    0.7833629362376204,
    0.7830053252259108,
    0.7794871524051167,
    0.7767656127783111,
    0.7716908049221023,
    0.7682438584596688,
    0.7684018284067842,
    0.7647158768533193,
    0.762332159546493,
    0.7597229000229142,
    0.7589520856726831,
    0.7560588315389565,
    0.7532901189487147,
    0.7548092360485712,
    0.7540888570431545,
    0.7524625431395058,
    0.7529581987019077,
    0.7500689406756099,
    0.7510980429440172,
    0.749438445543394
  ],
  "train_acc": [
    0.26090048446597625,
    0.5132783679274634,
    0.6166607404773545,
    0.6914085070447575,
    0.7459775990044002,
    0.7802013422818792,
    0.8091915196230943,
    0.8293924174407752,
    0.8420040890706254,
    0.8540157340326237,
    0.8621383172585448,
    0.8702720120894262,
    0.877472332103649,
    0.8821836526067826,
    0.8870172007644784,
    0.8884394861993866,
    0.8936174941108493,
    0.8968065247344327,
    0.9010956042490778,
    0.9020845370905374,
    0.9051624516645185,
    0.9072514333970398,
    0.9105960264900662,
    0.9125405573581048,
    0.9150628916840748,
    0.9166185163785057,
    0.9183408151473399,
    0.9185186008267034,
    0.9200408907062536,
    0.9210520467576336,
    0.9235521578736833,
    0.9247855460242678,
    0.9255744699764434,
    0.9268411929419085,
    0.9284634872661007,
    0.9300191119605316,
    0.930496910973821,
    0.9323525490021779,
    0.933119249744433,
    0.9340415129561314,
    0.93397484332637,
    0.9353082359215965,
    0.9369305302457887,
    0.9361193830836926,
    0.9363971732076981,
    0.9354749099959998,
    0.935886039379528,
    0.9383861504955776,
    0.9379861327170096,
    0.9381861416062937
  ],
  "val_loss": [
    1.8094192698019975,
    1.4093994082378798,
    1.1149306954597769,
    0.9645618544440897,
    0.8965254806128086,
    0.8480527671229025,
    0.7551889824705189,
    0.7617038032237361,
    0.7472693342201617,
    0.7132914096105103,
    0.7225873274881331,
    0.7616830204830605,
    0.702577457195375,
    0.699733335606721,
    0.6664250490904713,
    0.6604884265661717,
    0.6603405082859739,
    0.6716461695942199,
    0.6767800350944218,
    0.6780825370028227,
    0.6518476530343521,
    0.6564028320527944,
    0.6651901683774961,
    0.6516106718066024,
    0.6705839946145108,
    0.6421463114888322,
    0.6640509147731746,
    0.6306035764834157,
    0.6401031393139232,
    0.6471686942584035,
    0.61809634552246,
    0.6305533379900222,
    0.6365280885164474,
    0.6347305556622947,
    0.6365922519751712,
    0.6232803539245999,
    0.6273697744079324,
    0.6276383106587459,
    0.6171484365552866,
    0.6166546463918705,
    0.6216848588666645,
    0.6141790169470313,
    0.6118659726479968,
    0.6154150749768604,
    0.6139717606342778,
    0.615390262070869,
    0.6165607626416215,
    0.6190452572347068,
    0.6137195433296713,
    0.6098028579171969
  ],
  "val_acc": [
    0.3470611755297881,
    0.5847660935625749,
    0.7379048380647741,
    0.8193722510995601,
    0.8374650139944022,
    0.860655737704918,
    0.902139144342263,
    0.8939424230307876,
    0.9016393442622951,
    0.9201319472211116,
    0.9075369852059176,
    0.8885445821671332,
    0.9200319872051179,
    0.9237305077968813,
    0.928828468612555,
    0.9342263094762095,
    0.9380247900839664,
    0.9293282686925229,
    0.9269292283086765,
    0.9245301879248301,
    0.9390243902439024,
    0.9358256697321071,
    0.9314274290283886,
    0.9357257097161136,
    0.9273290683726509,
    0.9450219912035186,
    0.9324270291883247,
    0.9462215113954419,
    0.942423030787685,
    0.9420231907237105,
    0.9534186325469812,
    0.9468212714914035,
    0.9443222710915634,
    0.9452219112355058,
    0.943922431027589,
    0.9483206717313075,
    0.9472211115553778,
    0.9470211915233906,
    0.9512195121951219,
    0.9507197121151539,
    0.9484206317473011,
    0.9521191523390644,
    0.9555177928828469,
    0.9518192722910835,
    0.9523190723710516,
    0.952718912435026,
    0.9506197520991604,
    0.9500199920031988,
    0.952219112355058,
    0.9536185525789684
  ],
  "best_val_loss": 0.6098028579171969,
  "total_time_s": 7051.7441482543945,
  "stopped_epoch": 50
}