{
  "train_loss": [
    2.38076810880451,
    1.6866293726001742,
    1.451517457585636,
    1.2887972276514597,
    1.1755369536489575,
    1.1091937465113297,
    1.0582231956379398,
    1.020070885755183,
    0.9898934277689581,
    0.9653854484987066,
    0.9470452114742985,
    0.9301935650835123,
    0.9151144509919723,
    0.9049771548991807,
    0.8929661646981394,
    0.8840619405220178,
    0.8720402157573182,
    0.8664089935960502,
    0.8555289812578435,
    0.847868274289177,
    0.8411586102980911,
    0.835250953731709,
    0.8290775686885268,
    0.8232068949828938,
    0.8162950607340963,
    0.8125682843542665,
    0.8078157264389745,
    0.802420702771222,
    0.7996748187917196,
    0.7987402852119152,
    0.7940743147460582,
    0.7882763979577918,
    0.7853482606739589,
    0.7838996410677181,
    0.7798805530057801,
    0.7767564431471986,
    0.7746466956348852,
    0.7723792019173953,
    0.76880828893377,
    0.7640839584923155,
    0.7650702711587334,
    0.76081948123713,
    0.762542296801203
  ],
  "train_acc": [
    0.3024467754122405,
    0.5078003466820747,
    0.6193386372727677,
    0.7044757544779768,
    0.7610782701453398,
    0.7937575003333481,
    0.8190475132228099,
    0.8345704253522379,
    0.8465931819191964,
    0.8581714742877461,
    0.8674496644295302,
    0.8732499222187653,
    0.8784501533401484,
    0.8843615271789858,
    0.8873727721232054,
    0.8919951997866572,
    0.8951286723854394,
    0.8956620294235299,
    0.901262278323481,
    0.9042179652428997,
    0.9047735454909107,
    0.9067625227787902,
    0.9090515134005955,
    0.9115071780968043,
    0.9141739632872572,
    0.9145850926707854,
    0.9169296413173919,
    0.9198186586070493,
    0.9196964309524868,
    0.9197964353971287,
    0.9229521312058314,
    0.924041068491933,
    0.925052224543313,
    0.9247299879994666,
    0.9280190230676919,
    0.9281745855371349,
    0.9292301880083559,
    0.9298968843059692,
    0.9313747277656784,
    0.9341415174007733,
    0.9326970087559447,
    0.9336637183874839,
    0.9331414729543536
  ],
  "val_loss": [
    1.658417611777997,
    1.311799048900795,
    1.1184443435588869,
    0.9262001655522178,
    0.824745765832461,
    0.8383821563594869,
    0.7469850254506886,
    0.7876556278562031,
    0.7057015529540671,
    0.7796122968697348,
    0.6831736987183352,
    0.6749660933985323,
    0.6690582281015054,
    0.673251621583041,
    0.6612455759321104,
    0.7421545449708377,
    0.6763737893781391,
    0.6575596696231328,
    0.6656360783037402,
    0.6420582007618247,
    0.6452041879409506,
    0.6477812029323021,
    0.6394054967610657,
    0.6280384194560167,
    0.6433481050462353,
    0.6523194279207415,
    0.6411953939766181,
    0.6611469043392698,
    0.648659809691007,
    0.6352009257522881,
    0.6348023226336449,
    0.7060266778212649,
    0.6148739670668064,
    0.6723058591695463,
    0.6274963049638848,
    0.6941769366643754,
    0.6744146071544221,
    0.6669977121189183,
    0.6605934806701328,
    0.6781863851434753,
    0.661872347108558,
    0.6627022504377537,
    0.63022720503931
  ],
  "val_acc": [
    0.4218312674930028,
    0.6180527788884447,
    0.7420031987205118,
    0.8180727708916433,
    0.8686525389844062,
    0.854358256697321,
    0.9028388644542183,
    0.8816473410635746,
    0.9201319472211116,
    0.9000399840063974,
    0.9246301479408237,
    0.9290283886445422,
    0.9335265893642543,
    0.9356257497001199,
    0.9393242702918833,
    0.914234306277489,
    0.934626149540184,
    0.9388244702119153,
    0.9409236305477809,
    0.9455217912834866,
    0.9384246301479409,
    0.9403238704518193,
    0.9453218712514994,
    0.9498200719712115,
    0.9393242702918833,
    0.9364254298280688,
    0.9464214314274291,
    0.931327469012395,
    0.9350259896041584,
    0.9452219112355058,
    0.9441223510595762,
    0.9242303078768492,
    0.9543182726909236,
    0.9369252299080368,
    0.9455217912834866,
    0.9295281887245102,
    0.9311275489804078,
    0.9336265493802479,
    0.9340263894442223,
    0.9334266293482607,
    0.9341263494602159,
    0.930327868852459,
    0.9465213914434226
  ],
  "best_val_loss": 0.6148739670668064,
  "total_time_s": 5710.359040021896,
  "stopped_epoch": 43
}