{
  "train_loss": [
    2.4232909459952032,
    1.6340915189859013,
    1.3946949293827595,
    1.2713743667347366,
    1.1846845896860043,
    1.1180162763319004,
    1.0476008654223574,
    1.0023090176658846,
    0.9670282956986826,
    0.9426654504189953,
    0.9237474378169741,
    0.9053013984815477,
    0.893808147860525,
    0.8805527101278761,
    0.8662475107606186,
    0.8591967326513137,
    0.8525164402285186,
    0.8467010581454699,
    0.8371430865403965,
    0.8300070349410024,
    0.8214147124874777,
    0.8173506723609976,
    0.8113107170267706,
    0.8038968328868206,
    0.8045206761072994,
    0.7960969339535445,
    0.7940933103216792,
    0.7856906556708001,
    0.7839446895026838,
    0.7801139985112552,
    0.7765969721718552,
    0.7745219003179825,
    0.7695714355818488,
    0.767813294133831,
    0.7642738007350447,
    0.7605652093829046,
    0.7580383791065813,
    0.7567954239535212,
    0.7521987986027375,
    0.7505493769010304,
    0.7493904806930831,
    0.7491583263001403,
    0.7455998267686188,
    0.7446373070106013
  ],
  "train_acc": [
    0.2777123427707898,
    0.527267878572381,
    0.6499955553580159,
    0.7143761944975332,
    0.7553113471709854,
    0.7863460598248811,
    0.8194364193964176,
    0.8386039379527979,
    0.8533490377350105,
    0.8626161162718343,
    0.8704164629539091,
    0.8784501533401484,
    0.8833614827325659,
    0.8875727810124895,
    0.8938063913951731,
    0.8967954131294724,
    0.8979399084403751,
    0.9012400551135606,
    0.9044513089470643,
    0.9055069114182852,
    0.9097959909329304,
    0.9114516200720032,
    0.9127739010622694,
    0.9157406995866483,
    0.9165074003289035,
    0.919151962309436,
    0.919107515889595,
    0.9220076447842126,
    0.9240855149117738,
    0.9244299746655407,
    0.9262967242988577,
    0.9264300635583804,
    0.9294635317125206,
    0.9287968354149073,
    0.9307080314680652,
    0.9315747366549625,
    0.9332303657940353,
    0.933619271967643,
    0.9356082492555224,
    0.9349637761678297,
    0.936341615182897,
    0.9362749455531357,
    0.9371194275301125,
    0.9370416462953909
  ],
  "val_loss": [
    1.6501272331948569,
    1.2400652913273167,
    1.0120273782748406,
    0.9714276367833451,
    0.8785312310641692,
    0.8011028728738684,
    0.7624613404130993,
    0.7317105459718883,
    0.7337214129774726,
    0.7032651285656163,
    0.6871418162185352,
    0.730430849525081,
    0.6738542549041022,
    0.6719437596179256,
    0.6944914931108932,
    0.6721162100116619,
    0.637923523646648,
    0.6571647638037222,
    0.6765151312235879,
    0.6626748301085831,
    0.6657008021795859,
    0.6592051484784046,
    0.6971242710000656,
    0.6678147166312003,
    0.646906740376588,
    0.6256921050644836,
    0.6342272442705581,
    0.6349789199949216,
    0.6488797316690389,
    0.6229496913545373,
    0.6391161785798757,
    0.6250150428205336,
    0.6493052385988735,
    0.6194462104827487,
    0.6395500011083747,
    0.6394933966911588,
    0.629619890191659,
    0.6685170690949466,
    0.6206296307951963,
    0.6289377817388822,
    0.6499895986105527,
    0.6372997738608643,
    0.6301466943692418,
    0.6232631756562512
  ],
  "val_acc": [
    0.47091163534586167,
    0.6751299480207917,
    0.7857856857257097,
    0.8015793682526989,
    0.8386645341863255,
    0.8748500599760096,
    0.8874450219912036,
    0.8982407037185126,
    0.8962415033986405,
    0.9166333466613354,
    0.9233306677329068,
    0.9008396641343462,
    0.9269292283086765,
    0.9271291483406637,
    0.9165333866453419,
    0.9304278288684527,
    0.9464214314274291,
    0.9360255897640943,
    0.9189324270291883,
    0.9306277489004399,
    0.9377249100359856,
    0.9355257896841264,
    0.9281287485005998,
    0.9295281887245102,
    0.9415233906437425,
    0.950219912035186,
    0.9430227908836465,
    0.9429228308676529,
    0.9387245101959216,
    0.9496201519392243,
    0.943922431027589,
    0.9503198720511795,
    0.9388244702119153,
    0.9499200319872051,
    0.9437225109956018,
    0.9347261095561775,
    0.9410235905637745,
    0.9280287884846061,
    0.9503198720511795,
    0.9467213114754098,
    0.9336265493802479,
    0.9392243102758896,
    0.939624150339864,
    0.9438224710115953
  ],
  "best_val_loss": 0.6194462104827487,
  "total_time_s": 5993.430782794952,
  "stopped_epoch": 44
}