{
  "train_loss": [
    2.5100765377740086,
    1.6957345453335066,
    1.451431806450224,
    1.30758314359675,
    1.2046885037031156,
    1.127396681525028,
    1.0697661051512177,
    1.0263635329185228,
    0.998052351946004,
    0.9740543481673001,
    0.9605098401892423,
    0.9449253051623996,
    0.9343966030429176,
    0.9189757818041645,
    0.9071511530924905,
    0.8996645049193874,
    0.8919005427547463,
    0.8836525629120852,
    0.8771365357428701,
    0.8726697639283236,
    0.8671978926827121,
    0.8615730041964615,
    0.8577519867985962,
    0.8542999365450652,
    0.8496097572046183,
    0.8446428190152313,
    0.8413781982972106,
    0.8358303365233082,
    0.8338969448411871,
    0.8300269022746226,
    0.8255864692728299,
    0.824891235924937,
    0.8200299388472517,
    0.8172965176614466,
    0.8128840812969602,
    0.812031383037334,
    0.8091368934033558,
    0.8060606956492531,
    0.802068732106329,
    0.8039079874832104,
    0.7998428037179418,
    0.7991698090275307,
    0.7955695693320902,
    0.7969432911389012,
    0.7966600417497397,
    0.794811089516555,
    0.7930528601729461,
    0.7912355598129004,
    0.7921498914237362,
    0.7916054078364744
  ],
  "train_acc": [
    0.27187875016667407,
    0.5206564736210498,
    0.6213053913507267,
    0.6933419263078359,
    0.7454442419663097,
    0.7847126538957288,
    0.8142806346948753,
    0.8328481265834037,
    0.8455042446330948,
    0.8561824969998667,
    0.8611271612071648,
    0.8670607582559224,
    0.8724721098715499,
    0.8787057202542335,
    0.8832503666829636,
    0.8848615494021956,
    0.888206142495222,
    0.8919951997866572,
    0.8947175430019112,
    0.8975954486866083,
    0.8993177474554425,
    0.9004955775812258,
    0.9035846037601671,
    0.9028179030179119,
    0.9069736432730343,
    0.909173741055158,
    0.9103182363660607,
    0.9121738743944175,
    0.9126294501977865,
    0.914262856126939,
    0.9165518467487443,
    0.9160518245255345,
    0.920063113916174,
    0.9194186408284812,
    0.9228743499711098,
    0.9218409707098093,
    0.9237299435530468,
    0.9260300457798124,
    0.9265078447931019,
    0.9251966754077959,
    0.9270856482510333,
    0.9281412507222543,
    0.9297524334414863,
    0.9280412462776123,
    0.928474598871061,
    0.9292301880083559,
    0.9302191208498155,
    0.9315302902351216,
    0.9306302502333437,
    0.9306413618383039
  ],
  "val_loss": [
    1.6965859020199598,
    1.3049924327868645,
    1.15168732795559,
    1.0014764228757502,
    0.9380939895751141,
    0.8917312656865507,
    0.8069468162766174,
    0.808665170520842,
    0.7435765879385855,
    0.7661312577582416,
    0.736438254149901,
    0.7114300879656148,
    0.7277355944810033,
    0.6810630044904722,
    0.7078294941827041,
    0.7080669469091712,
    0.6808332773458,
    0.6827712019935983,
    0.7113617750607887,
    0.6650207974299676,
    0.6605843402585331,
    0.6625408116744452,
    0.6463434203821675,
    0.6840349631946309,
    0.6497769610303157,
    0.6492469189453964,
    0.6708850806972972,
    0.6693540887087166,
    0.6604828794972032,
    0.6586726785468751,
    0.6432860624261114,
    0.6409205280747808,
    0.6681771038628158,
    0.6529502036427556,
    0.6491918039769947,
    0.6569045258016407,
    0.6461088444318165,
    0.6528537427840448,
    0.6473105658726042,
    0.6331569755472979,
    0.6491822446646189,
    0.6454390866048143,
    0.6425962739827775,
    0.6342818259906883,
    0.6365366769952328,
    0.6395714508443296,
    0.6497361004614726,
    0.630920461777066,
    0.6388000746051677,
    0.6423194496596351
  ],
  "val_acc": [
    0.38504598160735704,
    0.6376449420231908,
    0.7179128348660536,
    0.7928828468612555,
    0.8224710115953618,
    0.834266293482607,
    0.8755497800879648,
    0.8731507397041184,
    0.8988404638144742,
    0.8985405837664934,
    0.9026389444222311,
    0.912734906037585,
    0.9108356657337066,
    0.9259296281487405,
    0.92203118752499,
    0.9194322271091563,
    0.9295281887245102,
    0.929828068772491,
    0.9201319472211116,
    0.9358256697321071,
    0.9382247101159537,
    0.9359256297481008,
    0.9414234306277489,
    0.9230307876849261,
    0.9401239504198321,
    0.9393242702918833,
    0.9332267093162735,
    0.9250299880047981,
    0.9354258296681327,
    0.9368252698920432,
    0.9414234306277489,
    0.9443222710915634,
    0.9326269492203119,
    0.9369252299080368,
    0.9378248700519792,
    0.9356257497001199,
    0.9407237105157937,
    0.93812475009996,
    0.9418232706917233,
    0.9461215513794482,
    0.9398240703718512,
    0.9415233906437425,
    0.9421231507397041,
    0.9470211915233906,
    0.9456217512994802,
    0.9437225109956018,
    0.9382247101159537,
    0.9483206717313075,
    0.944422231107557,
    0.9426229508196722
  ],
  "best_val_loss": 0.630920461777066,
  "total_time_s": 7864.7609169483185,
  "stopped_epoch": 50
}