{
  "train_loss": [
    2.457559976075892,
    1.6606878911904734,
    1.4425679295639169,
    1.295976222994656,
    1.1857769095694746,
    1.114317044262738,
    1.059014052983162,
    1.016677154329672,
    0.9874861044000798,
    0.9627949575714717,
    0.940734721760288,
    0.9258751696684905,
    0.9129207701363867,
    0.8989975884854144,
    0.8899939799209167,
    0.8820226165955742,
    0.8726799475430881,
    0.8644371111025582,
    0.8526165193279848,
    0.8484595375244572,
    0.8416161380813855,
    0.8353871306242786,
    0.8266048683177695,
    0.8237324881682931,
    0.8164208444617972,
    0.810739609070728,
    0.80650844303331,
    0.8063463724805565,
    0.7974169271204958,
    0.7917881577304959,
    0.7876935448321858,
    0.7851699287030182,
    0.7802760654451837,
    0.77829350115241,
    0.7748163256826832,
    0.772301834246027,
    0.7682241661569067,
    0.7663315701862988,
    0.763873475001353,
    0.7636531372563914,
    0.7598106858544765,
    0.7596628990214244,
    0.7578479178752193,
    0.754261271313215,
    0.7525209809542815,
    0.7525163806593732,
    0.7519755430966304
  ],
  "train_acc": [
    0.3169918663051691,
    0.5317125205564692,
    0.6244388639495089,
    0.7015422907684786,
    0.7574336637183875,
    0.7917796346504289,
    0.8169585314902884,
    0.836237166096271,
    0.8485821592070759,
    0.859727098982177,
    0.8690497355438019,
    0.875961153829059,
    0.87953909062625,
    0.8861282723676608,
    0.8889283968176364,
    0.8918285257122539,
    0.895417574114405,
    0.8963176141161829,
    0.9020178674607761,
    0.9017734121516512,
    0.904384639317303,
    0.9060958264811769,
    0.9105071336503845,
    0.9110182674785546,
    0.9137961687186097,
    0.9157518111916085,
    0.9177407884794879,
    0.9176185608249255,
    0.9202075647806569,
    0.9224187741677408,
    0.9240077336770524,
    0.9248188808391484,
    0.9262300546690964,
    0.9268078581270278,
    0.9288412818347482,
    0.9293746388728388,
    0.9303857949242188,
    0.931252500111116,
    0.9314080625805591,
    0.9319636428285701,
    0.9333859282634783,
    0.9338526156718077,
    0.9336414951775635,
    0.935586026045602,
    0.9362638339481755,
    0.9367749677763456,
    0.9366638517267434
  ],
  "val_loss": [
    1.5956871499542427,
    1.3902808317705329,
    1.1378198465505918,
    0.9775909169203565,
    0.8699082932392153,
    0.813399442621633,
    0.7951480589690851,
    0.8303947409645456,
    0.7540984488830048,
    0.7064502978982662,
    0.702766702824333,
    0.686012859489383,
    0.6852709411955128,
    0.7087127697653696,
    0.657997848033333,
    0.6614812885890337,
    0.6756454076780314,
    0.6691464420463122,
    0.6491582773056854,
    0.6568040918322002,
    0.6620000906106902,
    0.6594341006435331,
    0.6462406365693164,
    0.6471710691734202,
    0.6460729660820075,
    0.632944933751353,
    0.6437851385515435,
    0.6345083336980759,
    0.6368590743005014,
    0.6427950968936842,
    0.6378696109475445,
    0.6223370550585384,
    0.6340604704506442,
    0.6282383359846522,
    0.6200894990095087,
    0.6125086659386081,
    0.6109693150480286,
    0.6189554895414728,
    0.6249453849861117,
    0.6213935774023749,
    0.6165252594841046,
    0.6202032587043003,
    0.6132527465393237,
    0.6170728199484824,
    0.6213948688045686,
    0.6147338830199731,
    0.6127886312191889
  ],
  "val_acc": [
    0.4802079168332667,
    0.6087564974010395,
    0.7265093962415033,
    0.810875649740104,
    0.8484606157536985,
    0.8671531387445022,
    0.8800479808076769,
    0.8576569372251099,
    0.8941423430627748,
    0.9180327868852459,
    0.9164334266293482,
    0.9228308676529389,
    0.9261295481807277,
    0.911735305877649,
    0.934626149540184,
    0.9356257497001199,
    0.9295281887245102,
    0.9327269092363055,
    0.9399240303878449,
    0.9350259896041584,
    0.9369252299080368,
    0.9331267493002798,
    0.9420231907237105,
    0.9412235105957617,
    0.9395241903238705,
    0.945921631347461,
    0.9414234306277489,
    0.9447221111555378,
    0.9456217512994802,
    0.9410235905637745,
    0.944422231107557,
    0.9485205917632947,
    0.944422231107557,
    0.9467213114754098,
    0.9476209516193522,
    0.9540183926429429,
    0.9536185525789684,
    0.9505197920831667,
    0.9462215113954419,
    0.9473210715713715,
    0.9506197520991604,
    0.948920431827269,
    0.9513194722111156,
    0.9501199520191923,
    0.9478208716513394,
    0.9499200319872051,
    0.9513194722111156
  ],
  "best_val_loss": 0.6109693150480286,
  "total_time_s": 7864.410400152206,
  "stopped_epoch": 47
}