{
  "train_loss": [
    2.4650752148716615,
    1.69364153597057,
    1.4213771926937615,
    1.277275243919846,
    1.1823322418620996,
    1.1036223955930957,
    1.050727685592806,
    1.002031414894227,
    0.975746019092463,
    0.9503672536815387,
    0.9276641310466714,
    0.9096425289609463,
    0.8947676705373087,
    0.8815814359510542,
    0.8682873427557931,
    0.8573935544513598,
    0.8493764268127493,
    0.844629576425668,
    0.8347053355500721,
    0.8325523930611337,
    0.8233014481444587,
    0.8170878936425384,
    0.8109160854983973,
    0.806969671595059,
    0.8025599756401492,
    0.7978159554020883,
    0.7935531816671592,
    0.7898688172069072,
    0.7848899351940658,
    0.7833371022695054,
    0.7778481400655669,
    0.7731644073917239,
    0.7706010175459151,
    0.766853396749702,
    0.7633391700748274,
    0.763987428058788,
    0.7599051895287414,
    0.7596616535495347,
    0.7547668469970007,
    0.7535840771167436,
    0.7495418110420039,
    0.7514291129232412,
    0.7489390114004482,
    0.748118870464652,
    0.7449044983457674,
    0.7454316886543003,
    0.7426119371384344,
    0.7447733609452449,
    0.7412730904466667,
    0.7414766825317325
  ],
  "train_acc": [
    0.28699053291257387,
    0.5020445353126806,
    0.64162851682297,
    0.7122872127650117,
    0.7605226898973287,
    0.7972132094759767,
    0.8218254144628651,
    0.8418596382061425,
    0.8536934974887773,
    0.8621827636783858,
    0.8718054135739366,
    0.8777390106226943,
    0.8845615360682697,
    0.8884394861993866,
    0.89365082892573,
    0.8972398773278812,
    0.898995510911596,
    0.9005400240010667,
    0.9049513311702743,
    0.9061624961109382,
    0.9084514867327437,
    0.9103293479710209,
    0.9131294724209965,
    0.9148406595848705,
    0.916529623538824,
    0.9175518911951642,
    0.9190964042846349,
    0.9207075870038668,
    0.9228521267611894,
    0.9233077025645584,
    0.9248633272589893,
    0.9266522956575848,
    0.9281079159073736,
    0.9294746433174808,
    0.930596915418463,
    0.9298302146762079,
    0.9314858438152807,
    0.932208098137695,
    0.9342304102404552,
    0.9344415307346993,
    0.9361082714787324,
    0.9354860216009601,
    0.9364860660473798,
    0.9365638472821014,
    0.9372638783945954,
    0.936741632961465,
    0.9386528290146229,
    0.9375416685186009,
    0.9391528512378328,
    0.9393417485221566
  ],
  "val_loss": [
    1.7024664291140081,
    1.3029283427658294,
    1.0623848971630372,
    0.9556267665224712,
    0.8870667700574952,
    0.8382877267060018,
    0.9303327704467377,
    0.8000904224196324,
    0.8795601418617962,
    0.7191835636856174,
    0.7226285487353825,
    0.7457595395117176,
    0.6933647880836374,
    0.6818064764851048,
    0.667669833635912,
    0.6452421283111817,
    0.6481919368711866,
    0.6706952909525277,
    0.7027172536337104,
    0.6411177640626641,
    0.6622561436565053,
    0.6516050146322925,
    0.656688960944591,
    0.6455961480849935,
    0.6692232088487847,
    0.6452454686736832,
    0.6427190188215715,
    0.6289887872041583,
    0.6232776675687605,
    0.6323575597674977,
    0.6183674544250903,
    0.6180809297498728,
    0.6209643990313802,
    0.6208084804065129,
    0.6210365141453337,
    0.6185840177850598,
    0.6313255955962266,
    0.6208170051576614,
    0.6287536908988236,
    0.6133366700698261,
    0.6110484002590751,
    0.6243630378830676,
    0.6156200527286873,
    0.6155890391283825,
    0.6186759790769819,
    0.6149927799532958,
    0.6145529251296917,
    0.6252964196897229,
    0.6179768128997561,
    0.6182489409917643
  ],
  "val_acc": [
    0.43222710915633744,
    0.6450419832067174,
    0.7525989604158336,
    0.8172730907636945,
    0.8489604158336665,
    0.8635545781687325,
    0.8299680127948821,
    0.8794482207117154,
    0.8661535385845661,
    0.913734506197521,
    0.9107357057177129,
    0.9088364654138344,
    0.9241303478608557,
    0.9245301879248301,
    0.9322271091563374,
    0.9433226709316274,
    0.937624950019992,
    0.9335265893642543,
    0.909936025589764,
    0.9440223910435825,
    0.9314274290283886,
    0.9401239504198321,
    0.9340263894442223,
    0.9375249900039984,
    0.9287285085965614,
    0.942423030787685,
    0.9377249100359856,
    0.9455217912834866,
    0.946921231507397,
    0.9451219512195121,
    0.9499200319872051,
    0.9497201119552179,
    0.947421031587365,
    0.9487205117952819,
    0.9493202718912435,
    0.9503198720511795,
    0.9432227109156337,
    0.950219912035186,
    0.9458216713314674,
    0.9520191923230708,
    0.9514194322271091,
    0.9477209116353459,
    0.9498200719712115,
    0.9496201519392243,
    0.9496201519392243,
    0.9507197121151539,
    0.9511195521791284,
    0.9465213914434226,
    0.9490203918432627,
    0.9483206717313075
  ],
  "best_val_loss": 0.6110484002590751,
  "total_time_s": 7042.627193927765,
  "stopped_epoch": 50
}