{
  "train_loss": [
    2.5923539703965446,
    1.7246698322622103,
    1.5018990146853648,
    1.378203074610696,
    1.2889358392953503,
    1.2126641632837796,
    1.141784302117724,
    1.0934924848996628,
    1.0527625919432158,
    1.0270678538249076,
    1.001123804819097,
    0.9757800190399698,
    0.9629967967066915,
    0.9465768819353549,
    0.9333753342087827,
    0.9192704953290689,
    0.9096533887476077,
    0.9028268069223572,
    0.8939600048491603,
    0.8854623645924214,
    0.876726607785415,
    0.8762249242910264,
    0.8692476628165684,
    0.8633384373385227,
    0.8578795845961379,
    0.8544095421776283,
    0.8535474177159025,
    0.8469601340429312,
    0.8437510754347981,
    0.8409293374886401,
    0.8368540188170385,
    0.8343319526921008,
    0.8301679063777965,
    0.829408191811737,
    0.8276130504367394,
    0.821189528884101,
    0.8183619648812903,
    0.817706740142515,
    0.8156574139611351,
    0.8152438629690322,
    0.8104113702419266,
    0.8107971586414515,
    0.8065524975444652,
    0.8057738428322695,
    0.8063133738057773,
    0.8051152907136737,
    0.7988882703597591,
    0.7968463890181313,
    0.8008476157411797,
    0.7974609429981768,
    0.7937517902115577,
    0.7925047622139632,
    0.7934804727376379,
    0.7911806270871578,
    0.7887331806552098,
    0.7854768011515827,
    0.7839422635732426,
    0.7849006369392725,
    0.7821828295317823,
    0.7813466276781915,
    0.7806842115710717,
    0.7779995636244001,
    0.7758712049876166,
    0.7770550239350542,
    0.7741525619765103,
    0.7737560003957482,
    0.7733620866213201,
    0.7749012938244745,
    0.7714835683411135,
    0.7710896430982421,
    0.7700283906874039,
    0.766629995907766,
    0.7659041611685944,
    0.7649739069898179,
    0.7642928547099186,
    0.7645209233937483,
    0.7630082224574565,
    0.7622622980229659,
    0.7615301127279911,
    0.7608164428626121,
    0.7608277807421586,
    0.76051271953097,
    0.7554510463804207,
    0.7574385053936951,
    0.7572970252931635,
    0.7577525741672817,
    0.759879909590555,
    0.7545914952927385,
    0.7562779492073851,
    0.7553117253991348,
    0.7544304471640296,
    0.7561501461779564,
    0.7555224619906151,
    0.7536051915038336,
    0.7557022787633538,
    0.7521440326793972,
    0.7540433384179063,
    0.753253366243649,
    0.753328487604871,
    0.7560746749802014
  ],
  "train_acc": [
    0.2498444375305569,
    0.4757322547668785,
    0.5673918840837371,
    0.6288279479087959,
    0.6756189163962842,
    0.7138539490644029,
    0.7476665629583537,
    0.7685897150984489,
    0.7883461487177208,
    0.7997466554069069,
    0.8131694741988533,
    0.8235477132316992,
    0.8298146584292635,
    0.8372705453575714,
    0.8435263789501756,
    0.8502266767411885,
    0.8542713009467088,
    0.8577714565091782,
    0.8622160984932664,
    0.8657829236854971,
    0.8692497444330859,
    0.8707275878927953,
    0.8732610338237256,
    0.8750722254322414,
    0.8778834614871772,
    0.8797724343304146,
    0.8779945775367795,
    0.8827170096448731,
    0.8841281834748211,
    0.883772612116094,
    0.8856282501444509,
    0.8861282723676608,
    0.8892839681763633,
    0.889161740521801,
    0.8889172852126761,
    0.8936174941108493,
    0.8940397350993378,
    0.8931174718876395,
    0.8953953509044846,
    0.8955620249788879,
    0.8972954353526823,
    0.8962842793013023,
    0.8996844304191297,
    0.8981954753544602,
    0.9001177830125784,
    0.899395528690164,
    0.9038179474643318,
    0.9030179119071958,
    0.9005622472109872,
    0.9025623361038269,
    0.9044290857371439,
    0.9048291035157118,
    0.904884661540513,
    0.9049179963553936,
    0.9062958353704609,
    0.9078736832748122,
    0.9088070580914708,
    0.9083848171029824,
    0.9085292679674652,
    0.9099959998222144,
    0.910229343526379,
    0.9106182496999866,
    0.911740521800969,
    0.9115849593315258,
    0.9136739410640473,
    0.913707275878928,
    0.913607271434286,
    0.9125738921729855,
    0.913407262545002,
    0.9145073114360638,
    0.9152962353882395,
    0.9158629272412108,
    0.915574025512245,
    0.917085203786835,
    0.9171518734165963,
    0.9162073869949775,
    0.9171518734165963,
    0.9178185697142095,
    0.9184852660118228,
    0.9184519311969421,
    0.9187074981110271,
    0.9188408373705498,
    0.921318725276679,
    0.9210853815725143,
    0.9210298235477132,
    0.9195853149028845,
    0.9183630383572603,
    0.9206298057691453,
    0.9206186941641851,
    0.9208409262633895,
    0.9217298546602071,
    0.920663140584026,
    0.9211742744121961,
    0.9231965865149562,
    0.9212520556469176,
    0.9218965287346105,
    0.9213853949064403,
    0.9210631583625939,
    0.9225743366371839,
    0.9207742566336281
  ],
  "val_loss": [
    1.8152826043044696,
    1.5100051933457879,
    1.3728445312205624,
    1.24223355449042,
    1.091268859830488,
    1.0615736227281471,
    0.9364806777570115,
    0.9199219900148004,
    0.8807920558077962,
    0.8661289219854356,
    0.8375814385721084,
    0.8553115281044412,
    0.861430110406132,
    0.8737674683201365,
    0.8114581348323098,
    0.8310256615870955,
    0.8401388640119666,
    0.8687368360866027,
    0.8297872699675013,
    0.7882614447230675,
    0.8335137906812373,
    0.7907916186857776,
    0.7510336709947216,
    0.7895095581914939,
    0.7427309561328667,
    0.7662262660605771,
    0.7700483363325812,
    0.7926642797508987,
    0.7545236531184798,
    0.7463786929476409,
    0.757079580696713,
    0.7791628649786728,
    0.7744302190527445,
    0.7859779800333437,
    0.7780117728337437,
    0.7416303956189283,
    0.7907098255983023,
    0.7680060812493698,
    0.7588779782114483,
    0.7415763663082588,
    0.7688982167371698,
    0.780226614536261,
    0.7408702247669963,
    0.791951779864493,
    0.7479704709970108,
    0.7787478179371105,
    0.7828940305172182,
    0.7702234688876677,
    0.7194983636508318,
    0.7476889106427512,
    0.7562976015514967,
    0.7156384704304618,
    0.711970919921178,
    0.7930939991156705,
    0.7414659484059083,
    0.7175267540850863,
    0.7259882079606436,
    0.7353441570339943,
    0.7247941455379671,
    0.7177472613135227,
    0.7078742213556167,
    0.7145049697348996,
    0.7452299584869574,
    0.7170821111329028,
    0.7565834590407764,
    0.7033939869200788,
    0.721783665479159,
    0.7160716531801967,
    0.6973198275955045,
    0.6987063921198564,
    0.7230831365592953,
    0.7416437199381722,
    0.7147142421193525,
    0.7047142732243498,
    0.71918001066728,
    0.7112912985621715,
    0.7034298175814055,
    0.7089263701000389,
    0.7103107916932256,
    0.7204227142217683,
    0.7220526896968263,
    0.7234109428252091,
    0.7080163546249133,
    0.7153133723507973,
    0.7096930846649377,
    0.7119826698055366,
    0.707610403071018,
    0.7180644902931314,
    0.6974489196259134,
    0.7168017015701197,
    0.7079253660016707,
    0.6997708570285113,
    0.7063893352876135,
    0.7195901089265603,
    0.7085818708872423,
    0.7029360797776074,
    0.6963933351658573,
    0.6969641985916128,
    0.7018843217641533,
    0.705615263517167
  ],