{
  "weighted_f1": {
    "mean": 0.8105777717428203,
    "std": NaN,
    "min": 0.8105777717428203,
    "max": 0.8105777717428203,
    "values": [
      0.8105777717428203
    ]
  },
  "macro_f1": {
    "mean": 0.7753518836809588,
    "std": NaN,
    "min": 0.7753518836809588,
    "max": 0.7753518836809588,
    "values": [
      0.7753518836809588
    ]
  },
  "weighted_accuracy": {
    "mean": 0.8012820512820513,
    "std": NaN,
    "min": 0.8012820512820513,
    "max": 0.8012820512820513,
    "values": [
      0.8012820512820513
    ]
  },
  "mean_auc": {
    "mean": 0.8982873851294904,
    "std": NaN,
    "min": 0.8982873851294904,
    "max": 0.8982873851294904,
    "values": [
      0.8982873851294904
    ]
  },
  "best_seed_idx": 0,
  "n_runs": 1
}