{
  "train_loss": [
    2.3002973397572837
  ],
  "train_acc": [
    0.08333333333333333
  ],
  "val_loss": [
    2.310554720878601
  ],
  "val_acc": [
    0.1
  ],
  "best_val_loss": 2.310554720878601,
  "total_time_s": 25.679989099502563,
  "stopped_epoch": 1
}