{
  "weighted_f1": {
    "mean": 0.9902947700790848,
    "std": NaN,
    "min": 0.9902947700790848,
    "max": 0.9902947700790848,
    "values": [
      0.9902947700790848
    ]
  },
  "macro_f1": {
    "mean": 0.9901018253901203,
    "std": NaN,
    "min": 0.9901018253901203,
    "max": 0.9901018253901203,
    "values": [
      0.9901018253901203
    ]
  },
  "weighted_accuracy": {
    "mean": 0.9903,
    "std": NaN,
    "min": 0.9903,
    "max": 0.9903,
    "values": [
      0.9903
    ]
  },
  "mean_auc": {
    "mean": 0.9997838829763224,
    "std": NaN,
    "min": 0.9997838829763224,
    "max": 0.9997838829763224,
    "values": [
      0.9997838829763224
    ]
  },
  "best_seed_idx": 0,
  "n_runs": 1
}