{
  "weighted_f1": {
    "mean": 0.48032962104619625,
    "std": NaN,
    "min": 0.48032962104619625,
    "max": 0.48032962104619625,
    "values": [
      0.48032962104619625
    ]
  },
  "macro_f1": {
    "mean": 0.48032962104619625,
    "std": NaN,
    "min": 0.48032962104619625,
    "max": 0.48032962104619625,
    "values": [
      0.48032962104619625
    ]
  },
  "weighted_accuracy": {
    "mean": 0.494,
    "std": NaN,
    "min": 0.494,
    "max": 0.494,
    "values": [
      0.494
    ]
  },
  "mean_auc": {
    "mean": 0.9655095353535351,
    "std": NaN,
    "min": 0.9655095353535351,
    "max": 0.9655095353535351,
    "values": [
      0.9655095353535351
    ]
  },
  "best_seed_idx": 0,
  "n_runs": 1
}