{
  "weighted_f1": {
    "mean": 0.48108470347195226,
    "std": NaN,
    "min": 0.48108470347195226,
    "max": 0.48108470347195226,
    "values": [
      0.48108470347195226
    ]
  },
  "macro_f1": {
    "mean": 0.3973758940090777,
    "std": NaN,
    "min": 0.3973758940090777,
    "max": 0.3973758940090777,
    "values": [
      0.3973758940090777
    ]
  },
  "weighted_accuracy": {
    "mean": 0.400997506234414,
    "std": NaN,
    "min": 0.400997506234414,
    "max": 0.400997506234414,
    "values": [
      0.400997506234414
    ]
  },
  "mean_auc": {
    "mean": 0.900573948846605,
    "std": NaN,
    "min": 0.900573948846605,
    "max": 0.900573948846605,
    "values": [
      0.900573948846605
    ]
  },
  "best_seed_idx": 0,
  "n_runs": 1
}