{
  "weighted_f1": {
    "mean": 0.13183712549105303,
    "std": NaN,
    "min": 0.13183712549105303,
    "max": 0.13183712549105303,
    "values": [
      0.13183712549105303
    ]
  },
  "macro_f1": {
    "mean": 0.2713071335914888,
    "std": NaN,
    "min": 0.2713071335914888,
    "max": 0.2713071335914888,
    "values": [
      0.2713071335914888
    ]
  },
  "weighted_accuracy": {
    "mean": 0.14912718204488778,
    "std": NaN,
    "min": 0.14912718204488778,
    "max": 0.14912718204488778,
    "values": [
      0.14912718204488778
    ]
  },
  "mean_auc": {
    "mean": 0.8840827135805963,
    "std": NaN,
    "min": 0.8840827135805963,
    "max": 0.8840827135805963,
    "values": [
      0.8840827135805963
    ]
  },
  "best_seed_idx": 0,
  "n_runs": 1
}