{
  "weighted_f1": 0.8221763590439636,
  "macro_f1": 0.8221763590439636,
  "weighted_accuracy": 0.8213,
  "weighted_precision": 0.8266832835202529,
  "weighted_recall": 0.8213,
  "per_class_auc": [
    0.9870776666666666,
    0.995905888888889,
    0.9726651111111111,
    0.9553372222222223,
    0.9759674444444444,
    0.9693327777777777,
    0.9853566666666668,
    0.98725,
    0.9924142222222222,
    0.9910342222222221
  ],
  "mean_auc": 0.9812341222222223,
  "confusion_matrix": [
    [
      894,
      9,
      34,
      10,
      4,
      1,
      0,
      7,
      31,
      10
    ],
    [
      11,
      942,
      0,
      4,
      0,
      1,
      0,
      1,
      6,
      35
    ],
    [
      66,
      1,
      771,
      53,
      43,
      27,
      17,
      17,
      3,
      2
    ],
    [
      26,
      2,
      57,
      695,
      28,
      125,
      24,
      25,
      14,
      4
    ],
    [
      26,
      1,
      64,
      52,
      739,
      35,
      12,
      65,
      6,
      0
    ],
    [
      10,
      1,
      31,
      136,
      15,
      768,
      4,
      31,
      1,
      3
    ],
    [
      14,
      3,
      52,
      92,
      31,
      23,
      770,
      8,
      4,
      3
    ],
    [
      15,
      0,
      21,
      29,
      15,
      41,
      0,
      877,
      0,
      2
    ],
    [
      65,
      16,
      5,
      7,
      1,
      1,
      2,
      4,
      889,
      10
    ],
    [
      26,
      58,
      4,
      10,
      0,
      5,
      3,
      8,
      18,
      868
    ]
  ],
  "report": "              precision    recall  f1-score   support\n\n           0       0.78      0.89      0.83      1000\n           1       0.91      0.94      0.93      1000\n           2       0.74      0.77      0.76      1000\n           3       0.64      0.69      0.67      1000\n           4       0.84      0.74      0.79      1000\n           5       0.75      0.77      0.76      1000\n           6       0.93      0.77      0.84      1000\n           7       0.84      0.88      0.86      1000\n           8       0.91      0.89      0.90      1000\n           9       0.93      0.87      0.90      1000\n\n    accuracy                           0.82     10000\n   macro avg       0.83      0.82      0.82     10000\nweighted avg       0.83      0.82      0.82     10000\n",
  "seed": 2
}