{
  "weighted_f1": 0.8146884390263189,
  "macro_f1": 0.8146884390263189,
  "weighted_accuracy": 0.8135,
  "weighted_precision": 0.8198035216010016,
  "weighted_recall": 0.8135,
  "per_class_auc": [
    0.9867891111111111,
    0.9949992222222221,
    0.9674881111111113,
    0.9564798888888889,
    0.9738721111111113,
    0.970527,
    0.9860726666666667,
    0.9888335555555554,
    0.991824,
    0.9921252222222222
  ],
  "mean_auc": 0.9809010888888888,
  "confusion_matrix": [
    [
      883,
      13,
      23,
      10,
      4,
      0,
      4,
      10,
      32,
      21
    ],
    [
      14,
      924,
      1,
      3,
      0,
      1,
      0,
      1,
      11,
      45
    ],
    [
      69,
      1,
      758,
      63,
      42,
      27,
      16,
      15,
      6,
      3
    ],
    [
      25,
      2,
      52,
      714,
      26,
      130,
      25,
      15,
      6,
      5
    ],
    [
      21,
      2,
      71,
      62,
      717,
      37,
      10,
      73,
      7,
      0
    ],
    [
      12,
      2,
      29,
      140,
      16,
      763,
      3,
      31,
      1,
      3
    ],
    [
      14,
      2,
      55,
      91,
      23,
      28,
      776,
      5,
      3,
      3
    ],
    [
      17,
      1,
      26,
      31,
      20,
      49,
      0,
      847,
      2,
      7
    ],
    [
      74,
      16,
      8,
      5,
      1,
      4,
      2,
      3,
      870,
      17
    ],
    [
      23,
      56,
      4,
      11,
      0,
      2,
      0,
      3,
      18,
      883
    ]
  ],
  "report": "              precision    recall  f1-score   support\n\n           0       0.77      0.88      0.82      1000\n           1       0.91      0.92      0.92      1000\n           2       0.74      0.76      0.75      1000\n           3       0.63      0.71      0.67      1000\n           4       0.84      0.72      0.78      1000\n           5       0.73      0.76      0.75      1000\n           6       0.93      0.78      0.85      1000\n           7       0.84      0.85      0.85      1000\n           8       0.91      0.87      0.89      1000\n           9       0.89      0.88      0.89      1000\n\n    accuracy                           0.81     10000\n   macro avg       0.82      0.81      0.81     10000\nweighted avg       0.82      0.81      0.81     10000\n",
  "seed": 0
}