{
  "weighted_f1": 0.8242120704987485,
  "macro_f1": 0.8242120704987487,
  "weighted_accuracy": 0.8229,
  "weighted_precision": 0.8288393015081883,
  "weighted_recall": 0.8229,
  "per_class_auc": [
    0.9861768888888888,
    0.9964181111111111,
    0.973662888888889,
    0.957388,
    0.9796077777777777,
    0.9701761111111111,
    0.9874461111111112,
    0.9872234444444445,
    0.9913772222222221,
    0.9917432222222221
  ],
  "mean_auc": 0.9821219777777779,
  "confusion_matrix": [
    [
      876,
      14,
      26,
      10,
      6,
      2,
      2,
      13,
      29,
      22
    ],
    [
      17,
      932,
      1,
      3,
      1,
      2,
      1,
      2,
      4,
      37
    ],
    [
      59,
      0,
      778,
      50,
      45,
      25,
      18,
      22,
      0,
      3
    ],
    [
      20,
      2,
      49,
      719,
      31,
      120,
      23,
      28,
      7,
      1
    ],
    [
      21,
      0,
      65,
      71,
      732,
      37,
      12,
      58,
      4,
      0
    ],
    [
      11,
      0,
      26,
      160,
      16,
      752,
      2,
      29,
      1,
      3
    ],
    [
      8,
      3,
      60,
      79,
      21,
      27,
      788,
      8,
      4,
      2
    ],
    [
      15,
      1,
      15,
      30,
      14,
      41,
      1,
      878,
      0,
      5
    ],
    [
      64,
      13,
      9,
      8,
      0,
      3,
      2,
      1,
      887,
      13
    ],
    [
      27,
      50,
      3,
      10,
      1,
      4,
      2,
      6,
      10,
      887
    ]
  ],
  "report": "              precision    recall  f1-score   support\n\n           0       0.78      0.88      0.83      1000\n           1       0.92      0.93      0.93      1000\n           2       0.75      0.78      0.77      1000\n           3       0.63      0.72      0.67      1000\n           4       0.84      0.73      0.78      1000\n           5       0.74      0.75      0.75      1000\n           6       0.93      0.79      0.85      1000\n           7       0.84      0.88      0.86      1000\n           8       0.94      0.89      0.91      1000\n           9       0.91      0.89      0.90      1000\n\n    accuracy                           0.82     10000\n   macro avg       0.83      0.82      0.82     10000\nweighted avg       0.83      0.82      0.82     10000\n",
  "seed": 1
}