{
  "weighted_f1": 0.8181683922406626,
  "macro_f1": 0.8181683922406627,
  "weighted_accuracy": 0.8166,
  "weighted_precision": 0.825279569954861,
  "weighted_recall": 0.8166,
  "per_class_auc": [
    0.9862373333333332,
    0.9962767777777778,
    0.9682339999999999,
    0.9549903333333333,
    0.977871,
    0.9682807777777778,
    0.9840993333333332,
    0.986782,
    0.9937787777777777,
    0.9941045555555555
  ],
  "mean_auc": 0.9810654888888888,
  "confusion_matrix": [
    [
      892,
      12,
      17,
      16,
      4,
      1,
      1,
      10,
      28,
      19
    ],
    [
      14,
      936,
      1,
      1,
      0,
      1,
      1,
      1,
      3,
      42
    ],
    [
      74,
      1,
      749,
      70,
      32,
      30,
      18,
      22,
      2,
      2
    ],
    [
      17,
      1,
      52,
      725,
      22,
      141,
      21,
      13,
      4,
      4
    ],
    [
      21,
      2,
      70,
      60,
      706,
      44,
      12,
      76,
      9,
      0
    ],
    [
      12,
      2,
      20,
      162,
      11,
      750,
      6,
      32,
      1,
      4
    ],
    [
      16,
      4,
      50,
      109,
      16,
      29,
      768,
      3,
      4,
      1
    ],
    [
      16,
      1,
      16,
      31,
      12,
      48,
      1,
      871,
      1,
      3
    ],
    [
      66,
      15,
      5,
      10,
      2,
      3,
      1,
      1,
      881,
      16
    ],
    [
      25,
      51,
      3,
      11,
      0,
      2,
      1,
      7,
      12,
      888
    ]
  ],
  "report": "              precision    recall  f1-score   support\n\n           0       0.77      0.89      0.83      1000\n           1       0.91      0.94      0.92      1000\n           2       0.76      0.75      0.76      1000\n           3       0.61      0.72      0.66      1000\n           4       0.88      0.71      0.78      1000\n           5       0.71      0.75      0.73      1000\n           6       0.93      0.77      0.84      1000\n           7       0.84      0.87      0.86      1000\n           8       0.93      0.88      0.91      1000\n           9       0.91      0.89      0.90      1000\n\n    accuracy                           0.82     10000\n   macro avg       0.83      0.82      0.82     10000\nweighted avg       0.83      0.82      0.82     10000\n",
  "seed": 3
}