{
  "weighted_f1": 0.8216185855083746,
  "macro_f1": 0.8216185855083745,
  "weighted_accuracy": 0.8198,
  "weighted_precision": 0.8286432128443671,
  "weighted_recall": 0.8198,
  "per_class_auc": [
    0.9880828888888888,
    0.9941412222222221,
    0.9704446666666667,
    0.9527267777777777,
    0.9761615555555556,
    0.9689261111111112,
    0.9849253333333333,
    0.9871212222222222,
    0.9928103333333334,
    0.9938784444444444
  ],
  "mean_auc": 0.9809218555555554,
  "confusion_matrix": [
    [
      911,
      5,
      17,
      15,
      5,
      1,
      0,
      5,
      28,
      13
    ],
    [
      20,
      927,
      1,
      3,
      0,
      2,
      0,
      1,
      7,
      39
    ],
    [
      77,
      2,
      769,
      66,
      27,
      21,
      19,
      16,
      1,
      2
    ],
    [
      25,
      2,
      56,
      717,
      28,
      127,
      20,
      16,
      3,
      6
    ],
    [
      19,
      2,
      83,
      70,
      726,
      36,
      12,
      50,
      2,
      0
    ],
    [
      11,
      1,
      31,
      155,
      15,
      753,
      4,
      24,
      3,
      3
    ],
    [
      15,
      3,
      62,
      104,
      21,
      14,
      770,
      7,
      1,
      3
    ],
    [
      20,
      3,
      23,
      30,
      23,
      38,
      0,
      859,
      0,
      4
    ],
    [
      67,
      13,
      9,
      7,
      1,
      2,
      0,
      1,
      885,
      15
    ],
    [
      28,
      59,
      4,
      11,
      0,
      1,
      0,
      5,
      11,
      881
    ]
  ],
  "report": "              precision    recall  f1-score   support\n\n           0       0.76      0.91      0.83      1000\n           1       0.91      0.93      0.92      1000\n           2       0.73      0.77      0.75      1000\n           3       0.61      0.72      0.66      1000\n           4       0.86      0.73      0.79      1000\n           5       0.76      0.75      0.75      1000\n           6       0.93      0.77      0.84      1000\n           7       0.87      0.86      0.87      1000\n           8       0.94      0.89      0.91      1000\n           9       0.91      0.88      0.90      1000\n\n    accuracy                           0.82     10000\n   macro avg       0.83      0.82      0.82     10000\nweighted avg       0.83      0.82      0.82     10000\n",
  "seed": 4
}