{
  "train_loss": [
    5.44849814453125,
    4.625771821000841,
    4.319023104265001,
    4.122652726957533,
    4.031251678042942,
    3.9614402870178225,
    3.9030354459550645,
    3.8507874170939127,
    3.8074568839603002,
    3.776256362448798,
    3.7428192572699652,
    3.7153447413550484,
    3.6845025487263996,
    3.667424059041341,
    3.653995431772868,
    3.6310743605719673,
    3.6136128409491644,
    3.5941310774061415,
    3.576479679573907,
    3.561444358698527,
    3.5582112103356254,
    3.534610960261027,
    3.5234082908206514,
    3.5152100815667047,
    3.5059598644256593,
    3.4894945173051624,
    3.477633329603407,
    3.472434028032091,
    3.45759228638543,
    3.4549091107686363,
    3.439275617896186,
    3.430964637247721,
    3.424201947318183,
    3.4182041542900934,
    3.4059703461964923,
    3.4041224859873456,
    3.3980057206047904,
    3.38773120320638,
    3.3819045212639702,
    3.3711267116970487,
    3.3676092506408692,
    3.3644609642452665,
    3.354438949966431,
    3.344827195824517,
    3.3472324901156956,
    3.340355061848958,
    3.327290218480428,
    3.3291368342929415,
    3.31872118051317,
    3.3155982549031577,
    3.3157487286037868,
    3.3090405023786755,
    3.3052750857459174,
    3.2957206571367053,
    3.2946668049706354,
    3.2910384622361923,
    3.2863543191274007,
    3.2828315823872884,
    3.283880893113878,
    3.275693520482381,
    3.273040319273207,
    3.270211277389526,
    3.264362454096476,
    3.2617969245910645,
    3.2641261627197267,
    3.256248970074124,
    3.257627630191379,
    3.2514970434824626,
    3.248221814558241,
    3.2361531837887236,
    3.241780503378974,
    3.2362668668958876,
    3.2317061910417344,
    3.236005243343777,
    3.2338930323282877,
    3.2310192189534503,
    3.226511720233493,
    3.2241551777733695,
    3.2267316798739962,
    3.2207471922132704,
    3.2230744466569687,
    3.2206782833099363,
    3.218778545803494,
    3.2106944455888535,
    3.215372486750285,
    3.2122485830518936,
    3.213863106028239,
    3.2148102537790932,
    3.2122414200252956,
    3.2086755623287626,
    3.208136794747247,
    3.2099207838694253,
    3.206806656265259,
    3.2088417621188694,
    3.2095891874101428,
    3.2059915718502467,
    3.2033355322943793,
    3.2099758771684437,
    3.202948400624593,
    3.2087494363149007
  ],
  "train_acc": [
    0.0132,
    0.027066666666666666,
    0.057666666666666665,
    0.07953333333333333,
    0.09606666666666666,
    0.10908888888888889,
    0.12253333333333333,
    0.1322222222222222,
    0.14124444444444445,
    0.1484888888888889,
    0.15568888888888888,
    0.1612888888888889,
    0.16497777777777778,
    0.17073333333333332,
    0.17528888888888888,
    0.17857777777777778,
    0.18555555555555556,
    0.1879111111111111,
    0.19097777777777777,
    0.19335555555555556,
    0.19633333333333333,
    0.20386666666666667,
    0.20144444444444445,
    0.20606666666666668,
    0.2069111111111111,
    0.21155555555555555,
    0.21353333333333332,
    0.2159111111111111,
    0.21662222222222222,
    0.21993333333333334,
    0.2212,
    0.22411111111111112,
    0.2255111111111111,
    0.22815555555555556,
    0.23073333333333335,
    0.2292,
    0.2328888888888889,
    0.2358888888888889,
    0.2383111111111111,
    0.23884444444444444,
    0.24075555555555556,
    0.2409111111111111,
    0.24446666666666667,
    0.24613333333333334,
    0.2446888888888889,
    0.24724444444444443,
    0.25104444444444446,
    0.2489111111111111,
    0.2528888888888889,
    0.25195555555555554,
    0.255,
    0.2562,
    0.2576888888888889,
    0.2555777777777778,
    0.2587111111111111,
    0.26095555555555555,
    0.2606222222222222,
    0.26166666666666666,
    0.2579111111111111,
    0.2627777777777778,
    0.2650666666666667,
    0.26624444444444445,
    0.2660222222222222,
    0.26726666666666665,
    0.2645777777777778,
    0.26553333333333334,
    0.2707555555555556,
    0.27035555555555557,
    0.2711777777777778,
    0.2724888888888889,
    0.2706222222222222,
    0.2743777777777778,
    0.27582222222222225,
    0.2751777777777778,
    0.27513333333333334,
    0.27615555555555554,
    0.27982222222222225,
    0.27855555555555556,
    0.2777777777777778,
    0.2791111111111111,
    0.27557777777777775,
    0.27757777777777776,
    0.2768,
    0.2823333333333333,
    0.2790888888888889,
    0.27986666666666665,
    0.2788888888888889,
    0.2793333333333333,
    0.279,
    0.2815111111111111,
    0.2809333333333333,
    0.28124444444444446,
    0.2821777777777778,
    0.28046666666666664,
    0.28113333333333335,
    0.28175555555555554,
    0.2828222222222222,
    0.2823333333333333,
    0.28324444444444447,
    0.2819111111111111
  ],
  "val_loss": [
    4.5751003143310545,
    4.384894899749756,
    4.0302531471252445,
    3.896153155517578,
    3.8260749420166014,
    3.7412346420288087,
    3.676275225448608,
    3.6199140182495118,
    3.5725206718444826,
    3.533144432067871,
    3.4665102935791015,
    3.4402944046020507,
    3.4150082443237304,
    3.385624267578125,
    3.3535768295288086,
    3.3251382343292235,
    3.3313235626220705,
    3.280270803833008,
    3.2701735969543457,
    3.2584888957977296,
    3.2428942703247072,
    3.229424796295166,
    3.2001401916503904,
    3.1956615955352783,
    3.198292755508423,
    3.1774063713073732,
    3.183188689041138,
    3.158707858657837,
    3.158927838897705,
    3.1421191864013673,
    3.1348039894104005,
    3.1134848037719727,
    3.102723755645752,
    3.089565383529663,
    3.084731370162964,
    3.0442907760620117,
    3.0685861083984376,
    3.064734103012085,
    3.041348720550537,
    3.0275710334777832,
    3.0148738952636718,
    3.033164111328125,
    3.002164614868164,
    3.0240706241607667,
    3.0433425395965576,
    2.9855162643432616,
    3.0078253574371336,
    2.9989189071655273,
    2.973965172958374,
    2.999401053237915,
    2.991240426635742,
    2.969978956604004,
    2.971098092651367,
    2.982111045074463,
    2.961554402923584,
    2.964665692520142,
    2.938958664703369,
    2.953309503555298,
    2.9714559322357177,
    2.96075911026001,
    2.9448894008636475,
    2.9337046119689942,
    2.9319834102630615,
    2.9466132167816164,
    2.9451147094726564,
    2.9389186561584473,
    2.924335522079468,
    2.9559741233825685,
    2.904441875457764,
    2.928943211746216,
    2.9238075523376463,
    2.8983153633117675,
    2.9142153884887696,
    2.911408391571045,
    2.917819934463501,
    2.9199165065765382,
    2.9101293140411375,
    2.9031428279876708,
    2.90361728515625,
    2.908309977722168,
    2.9074626983642577,
    2.8985082221984864,
    2.9163826587677,
    2.908605386352539,
    2.8973173873901366,
    2.9048157135009767,
    2.8953965621948243,
    2.8940790641784666,
    2.8910370483398435,
    2.896399174499512,
    2.9035337409973145,
    2.9023812671661378,
    2.899669338989258,
    2.897839323425293,
    2.8876353759765623,
    2.8913130508422853,
    2.8947336196899416,
    2.8964833908081054,
    2.8922876106262208,
    2.8984460960388185
  ],