{
  "weighted_f1": {
    "mean": 0.9973067258205013,
    "std": 0.0008621874369761276,
    "min": 0.9963899221475148,
    "max": 0.9992785496164726,
    "values": [
      0.9975974912095642,
      0.9963933180678395,
      0.9963899221475148,
      0.9968751650747616,
      0.9975956529357006,
      0.9973550378696814,
      0.9971137464527678,
      0.9992785496164726,
      0.9978354386153476,
      0.9966329362153621
    ]
  },
  "macro_f1": {
    "mean": 0.9972902141930851,
    "std": 0.0008590454374871814,
    "min": 0.9963897094612542,
    "max": 0.9992617690974782,
    "values": [
      0.9976012272732229,
      0.9963897094612542,
      0.9963964852736135,
      0.9968522078653442,
      0.9975869098875565,
      0.9973233427327399,
      0.9970814720479468,
      0.9992617690974782,
      0.9977998973261991,
      0.9966091209654956
    ]
  },
  "weighted_accuracy": {
    "mean": 0.9973057493384653,
    "std": 0.0008621396876411307,
    "min": 0.9963916285783017,
    "max": 0.9992783257156603,
    "values": [
      0.9975944190522011,
      0.9963916285783017,
      0.9963916285783017,
      0.9968727447678615,
      0.9975944190522011,
      0.9973538609574212,
      0.9971133028626413,
      0.9992783257156603,
      0.997834977146981,
      0.9966321866730815
    ]
  },
  "mean_auc": {
    "mean": 0.9999420951085332,
    "std": 4.503535180753898e-05,
    "min": 0.9998731390129079,
    "max": 0.9999874610391913,
    "values": [
      0.9999555578903208,
      0.9998731390129079,
      0.9999730199504934,
      0.9998767504384596,
      0.9999857821620413,
      0.9999728968654089,
      0.9999709301077717,
      0.9999302711036222,
      0.9998951425151152,
      0.9999874610391913
    ]
  },
  "best_seed_idx": 7,
  "n_runs": 10
}