{
  "weighted_f1": {
    "mean": 0.017561901293024953,
    "std": NaN,
    "min": 0.017561901293024953,
    "max": 0.017561901293024953,
    "values": [
      0.017561901293024953
    ]
  },
  "macro_f1": {
    "mean": 0.017883809870697508,
    "std": NaN,
    "min": 0.017883809870697508,
    "max": 0.017883809870697508,
    "values": [
      0.017883809870697508
    ]
  },
  "weighted_accuracy": {
    "mean": 0.0982,
    "std": NaN,
    "min": 0.0982,
    "max": 0.0982,
    "values": [
      0.0982
    ]
  },
  "mean_auc": {
    "mean": 0.49413176546412246,
    "std": NaN,
    "min": 0.49413176546412246,
    "max": 0.49413176546412246,
    "values": [
      0.49413176546412246
    ]
  },
  "best_seed_idx": 0,
  "n_runs": 1
}