{
  "weighted_f1": {
    "mean": 0.9904365103666027,
    "std": 0.0009321794691271459,
    "min": 0.989399044873745,
    "max": 0.9924966489494922,
    "values": [
      0.9901960965958532,
      0.9895950630657077,
      0.989399044873745,
      0.9924966489494922,
      0.990488695606946,
      0.9901985987636446,
      0.9897040858845021,
      0.9914931063622902,
      0.9904943042982304,
      0.9902994592656161
    ]
  },
  "macro_f1": {
    "mean": 0.9902480986264021,
    "std": 0.00096943771331759,
    "min": 0.9892213171874618,
    "max": 0.992392289179017,
    "values": [
      0.989986636604101,
      0.9893286956896107,
      0.9892213171874618,
      0.992392289179017,
      0.9903188635656047,
      0.9899581895819146,
      0.9894870056959661,
      0.9913434837858237,
      0.9903301085225727,
      0.9901143964519491
    ]
  },
  "weighted_accuracy": {
    "mean": 0.9904400000000001,
    "std": 0.0009335713982099051,
    "min": 0.9894,
    "max": 0.9925,
    "values": [
      0.9902,
      0.9896,
      0.9894,
      0.9925,
      0.9905,
      0.9902,
      0.9897,
      0.9915,
      0.9905,
      0.9903
    ]
  },
  "mean_auc": {
    "mean": 0.9997911891866986,
    "std": 5.747095932849848e-05,
    "min": 0.9996672442172455,
    "max": 0.9998843129937335,
    "values": [
      0.9996672442172455,
      0.9998295973765723,
      0.9998022203500765,
      0.9998843129937335,
      0.9997422919240714,
      0.9998033722578544,
      0.9997960655116589,
      0.9997663848739125,
      0.9998003621731415,
      0.9998200401887191
    ]
  },
  "best_seed_idx": 2,
  "n_runs": 10
}