{
  "weighted_f1": {
    "mean": 0.13516033260114058,
    "std": NaN,
    "min": 0.13516033260114058,
    "max": 0.13516033260114058,
    "values": [
      0.13516033260114058
    ]
  },
  "macro_f1": {
    "mean": 0.2838430007667692,
    "std": NaN,
    "min": 0.2838430007667692,
    "max": 0.2838430007667692,
    "values": [
      0.2838430007667692
    ]
  },
  "weighted_accuracy": {
    "mean": 0.1486284289276808,
    "std": NaN,
    "min": 0.1486284289276808,
    "max": 0.1486284289276808,
    "values": [
      0.1486284289276808
    ]
  },
  "mean_auc": {
    "mean": 0.8890447516189212,
    "std": NaN,
    "min": 0.8890447516189212,
    "max": 0.8890447516189212,
    "values": [
      0.8890447516189212
    ]
  },
  "best_seed_idx": 0,
  "n_runs": 1
}