{
  "weighted_f1": 0.7757367011098354,
  "macro_f1": 0.7412935323383084,
  "weighted_accuracy": 0.7628205128205128,
  "weighted_precision": 0.8331411217468189,
  "weighted_recall": 0.7628205128205128,
  "per_class_auc": [
    0.8999582289055973
  ],
  "mean_auc": 0.8999582289055973,
  "confusion_matrix": [
    [
      37,
      5
    ],
    [
      32,
      82
    ]
  ],
  "report": "              precision    recall  f1-score   support\n\n           0       0.54      0.88      0.67        42\n           1       0.94      0.72      0.82       114\n\n    accuracy                           0.76       156\n   macro avg       0.74      0.80      0.74       156\nweighted avg       0.83      0.76      0.78       156\n",
  "seed": 0
}