{
  "weighted_f1": {
    "mean": 0.8868880116457739,
    "std": NaN,
    "min": 0.8868880116457739,
    "max": 0.8868880116457739,
    "values": [
      0.8868880116457739
    ]
  },
  "macro_f1": {
    "mean": 0.8651168025562895,
    "std": NaN,
    "min": 0.8651168025562895,
    "max": 0.8651168025562895,
    "values": [
      0.8651168025562895
    ]
  },
  "weighted_accuracy": {
    "mean": 0.8887186629526462,
    "std": NaN,
    "min": 0.8887186629526462,
    "max": 0.8887186629526462,
    "values": [
      0.8887186629526462
    ]
  },
  "mean_auc": {
    "mean": 0.9860293363807793,
    "std": NaN,
    "min": 0.9860293363807793,
    "max": 0.9860293363807793,
    "values": [
      0.9860293363807793
    ]
  },
  "best_seed_idx": 0,
  "n_runs": 1
}