{
  "train_loss": [
    2.34660058743403,
    1.633922416695786,
    1.3892426006613512,
    1.254135733088089,
    1.1490976780890105,
    1.0744221392798579,
    1.0072939687476932,
    0.9649186816166345,
    0.9363025632019684,
    0.9121303860253931,
    0.8972465238219776,
    0.8853967015841488,
    0.8710165001576813,
    0.8633162678387479,
    0.854230916612948,
    0.8454067801135323,
    0.8390045227636321,
    0.8339669966815318,
    0.82729074758309,
    0.822281330414595,
    0.817616009366232,
    0.8140548998538407,
    0.8130072657916486,
    0.8095079947325424,
    0.8048021393546243,
    0.8025017050384039,
    0.8015154019674358,
    0.8006871516367897,
    0.7911853182341789,
    0.7908027154895231,
    0.7874756961606588,
    0.7841981711257929,
    0.784789520426058,
    0.7805774007894138,
    0.7812168271897968,
    0.7780193043865677,
    0.7783089778630902,
    0.7791679984670495,
    0.7760800914587649,
    0.7731586394111201,
    0.7697334869966872,
    0.7693362281059571,
    0.7670096399105996,
    0.7677755866868161,
    0.7648330122196673,
    0.7642860241458492,
    0.7627180986359064,
    0.7639263808539171,
    0.7588163835800268,
    0.7602876524267379,
    0.7603551031451813,
    0.7593075056288835,
    0.7599038580024639,
    0.754523483486863,
    0.7561324186137297,
    0.7517894430845927,
    0.7554221717753598,
    0.7501844336729144,
    0.7506667905407188,
    0.7523154667406232,
    0.7474009777642424,
    0.7478111446462762,
    0.7456216639617034,
    0.7475218818984491,
    0.7468986227923623,
    0.7436339446711929,
    0.7441790622522303,
    0.7415422527539666,
    0.7436968817028016,
    0.7415915264691866,
    0.7406006552594583,
    0.741871206698097,
    0.7415645933187275,
    0.7400059151545626,
    0.7394398079643706,
    0.7386160862939115,
    0.7379088171710279,
    0.7330562900827167,
    0.7352578887102725,
    0.7322205970502333,
    0.7356924533186989,
    0.7315990922133008,
    0.7330458502943471,
    0.7343763380353941,
    0.7330791499064845,
    0.7300526797705224,
    0.7308574125811155,
    0.7304022642309239,
    0.7288872969882256,
    0.7281150107723039,
    0.72601672010245,
    0.7252338566278436,
    0.7261862424756321,
    0.7258454048610792,
    0.7259719311287628,
    0.7245886949937795,
    0.7254963906146489,
    0.7214568585781284
  ],
  "train_acc": [
    0.2908462598337704,
    0.5107671452064536,
    0.6197275434463754,
    0.6937641672963243,
    0.7439886217165207,
    0.778579047957687,
    0.8092359660429352,
    0.8291590737366105,
    0.8423929952442331,
    0.8533712609449309,
    0.8587492777456776,
    0.8651828970176453,
    0.8714942886350504,
    0.8742277434552647,
    0.8783834837103871,
    0.8814947330992489,
    0.8865282901462287,
    0.887350548913285,
    0.8901951197831015,
    0.8922063202809014,
    0.8943397484332637,
    0.8958287034979332,
    0.8952175652251211,
    0.8973843281923641,
    0.8997066536290502,
    0.9007289212853905,
    0.9011511622738788,
    0.9021734299302191,
    0.9055624694430864,
    0.9059180408018134,
    0.9085848259922663,
    0.9086514956220276,
    0.9081848082136984,
    0.9105404684652652,
    0.9098959953775724,
    0.9112182763678386,
    0.9112960576025602,
    0.9113738388372816,
    0.9127850126672297,
    0.912951686741633,
    0.9154406862527223,
    0.9151962309435975,
    0.9159295968709721,
    0.9152962353882395,
    0.9171629850215565,
    0.9176185608249255,
    0.918096359838215,
    0.9173296590959599,
    0.9186852749011067,
    0.9192408551491177,
    0.9190852926796746,
    0.9200297791012934,
    0.919907551446731,
    0.9221076492288546,
    0.9199408862616116,
    0.9228299035512689,
    0.9205298013245033,
    0.9228965731810302,
    0.9238410596026491,
    0.9216520734254856,
    0.9242744121960976,
    0.9244077514556203,
    0.9250744477532334,
    0.9248188808391484,
    0.9247966576292279,
    0.9260633805946931,
    0.9264633983732611,
    0.9273745499799991,
    0.9262856126938975,
    0.9267745233121472,
    0.9265522912129428,
    0.9272967687452776,
    0.9265522912129428,
    0.9277856793635273,
    0.9280190230676919,
    0.9279856882528112,
    0.9284857104760211,
    0.9306635850482243,
    0.9296746522067647,
    0.9305191341837415,
    0.9295635361571626,
    0.9310302680119117,
    0.9308858171474288,
    0.9300857815902929,
    0.9298191030712476,
    0.9312191652962354,
    0.9319969776434508,
    0.9322636561624961,
    0.9328192364105071,
    0.9327859015956265,
    0.9343304146850971,
    0.934174852215654,
    0.9343637494999778,
    0.9344304191297391,
    0.9337526112271657,
    0.93447486554958,
    0.9335526023378817,
    0.9350415574025512
  ],
  "val_loss": [
    1.7960620816351651,
    1.4084517105442673,
    1.2462699426169015,
    1.0748983107295718,
    0.9584141647944399,
    0.9363785883466132,
    0.9234730479050903,
    0.8866029184658687,
    0.8363433257907165,
    0.8056544965384055,
    0.7636201175295415,
    0.7435098511369073,
    0.9267601201125308,
    0.7268014627187455,
    0.7892128895254719,
    0.8255098253571954,
    0.7355664456810583,
    0.762593523567555,
    0.7106747753092977,
    0.7096438722722962,
    0.696773303670437,
    0.7542254046076348,
    0.738362196777783,
    0.7065436102208592,
    0.6953990815020428,
    0.6889016273640385,
    0.7120759550069438,
    0.71364701471058,
    0.6838608685611296,
    0.717333228694873,
    0.7049311893027289,
    0.7240743921881244,
    0.7083244669299181,
    0.7370357749129428,
    0.6749244924785137,
    0.7267733009897771,
    0.7318993215320683,
    0.7113034854598733,
    0.7161194742417059,
    0.6813027125175168,
    0.735484327949652,
    0.6872791257299266,
    0.6895186735934518,
    0.6807978724727913,
    0.7190049421734831,
    0.7094935671609195,
    0.691256558904644,
    0.6579084004558882,
    0.6883563554224993,
    0.6847546856101157,
    0.7080760912054398,
    0.6731932845796312,
    0.6811618217226506,
    0.6734294789831717,
    0.6755494445335956,
    0.7014353393507404,
    0.7192405881475611,
    0.6809026536251345,
    0.6914718612724664,
    0.7023305068822538,
    0.670239552074983,
    0.6785163156321792,
    0.7223308600458513,
    0.6809806747943675,
    0.7250105312041214,
    0.6869976001470292,
    0.6862299165359643,
    0.6866474227159798,
    0.6770507052439492,
    0.7038917390883612,
    0.6717218845093645,
    0.7068707086905534,
    0.7859421871700843,
    0.742409833666326,
    0.7056281289449934,
    0.7160734009475814,
    0.760153314796556,
    0.6979827631334933,
    0.7012739605018969,
    0.7043619180192761,
    0.6970085112965617,
    0.7029900716476943,
    0.7205375272338269,
    0.6722808652808789,
    0.6946974686745022,
    0.6809879539967155,
    0.6800068357571369,
    0.6858209217609953,
    0.6953403302451603,
    0.6803173024575265,
    0.6885820832647166,
    0.6920945689421756,
    0.6994641226132076,
    0.6861633134097969,
    0.6761628918436136,
    0.6717744779701187,
    0.6893279311038265,
    0.6726817816364817
  ],