{
  "weighted_f1": {
    "mean": 0.8028210171639208,
    "std": NaN,
    "min": 0.8028210171639208,
    "max": 0.8028210171639208,
    "values": [
      0.8028210171639208
    ]
  },
  "macro_f1": {
    "mean": 0.802821017163921,
    "std": NaN,
    "min": 0.802821017163921,
    "max": 0.802821017163921,
    "values": [
      0.802821017163921
    ]
  },
  "weighted_accuracy": {
    "mean": 0.8016,
    "std": NaN,
    "min": 0.8016,
    "max": 0.8016,
    "values": [
      0.8016
    ]
  },
  "mean_auc": {
    "mean": 0.9779418555555557,
    "std": NaN,
    "min": 0.9779418555555557,
    "max": 0.9779418555555557,
    "values": [
      0.9779418555555557
    ]
  },
  "best_seed_idx": 0,
  "n_runs": 1
}