{
  "weighted_f1": {
    "mean": 0.4446272523212829,
    "std": 0.006418257025200385,
    "min": 0.4358824486241084,
    "max": 0.45276167270268425,
    "values": [
      0.445050214287644,
      0.4480330051240849,
      0.44140892086789274,
      0.4358824486241084,
      0.45276167270268425
    ]
  },
  "macro_f1": {
    "mean": 0.4446272523212828,
    "std": 0.0064182570252003,
    "min": 0.43588244862410847,
    "max": 0.4527616727026841,
    "values": [
      0.445050214287644,
      0.4480330051240849,
      0.44140892086789285,
      0.43588244862410847,
      0.4527616727026841
    ]
  },
  "weighted_accuracy": {
    "mean": 0.461,
    "std": 0.00590254182534948,
    "min": 0.4536,
    "max": 0.4692,
    "values": [
      0.4612,
      0.4634,
      0.4576,
      0.4536,
      0.4692
    ]
  },
  "mean_auc": {
    "mean": 0.9606398575757575,
    "std": 0.0007466703220684,
    "min": 0.9599811161616162,
    "max": 0.9615251464646464,
    "values": [
      0.9599811161616162,
      0.9615251464646464,
      0.9602905252525252,
      0.9600368636363634,
      0.9613656363636365
    ]
  },
  "best_seed_idx": 4,
  "n_runs": 5
}