{
  "weighted_f1": {
    "mean": 0.8323461280117536,
    "std": NaN,
    "min": 0.8323461280117536,
    "max": 0.8323461280117536,
    "values": [
      0.8323461280117536
    ]
  },
  "macro_f1": {
    "mean": 0.8323461280117537,
    "std": NaN,
    "min": 0.8323461280117537,
    "max": 0.8323461280117537,
    "values": [
      0.8323461280117537
    ]
  },
  "weighted_accuracy": {
    "mean": 0.8313,
    "std": NaN,
    "min": 0.8313,
    "max": 0.8313,
    "values": [
      0.8313
    ]
  },
  "mean_auc": {
    "mean": 0.9829472166666665,
    "std": NaN,
    "min": 0.9829472166666665,
    "max": 0.9829472166666665,
    "values": [
      0.9829472166666665
    ]
  },
  "best_seed_idx": 0,
  "n_runs": 1
}