{
  "train_loss": [
    4.591015455796984,
    4.3919626968383785,
    4.1816845169067385,
    4.040787275017633,
    3.9445996624416777,
    3.8554934149848092,
    3.7762991150750054,
    3.7081624469333225,
    3.649937297905816,
    3.607704266611735,
    3.561421700753106,
    3.5235846761491563,
    3.4853639808654786,
    3.4544627833048502,
    3.4234393300798205,
    3.4040869431813556,
    3.38493879254659,
    3.360362776692708,
    3.334298577626546,
    3.318849041917589,
    3.2985206144120958,
    3.27970831290351,
    3.2655766494327123,
    3.249258068678114,
    3.2296172856224907,
    3.224835444513957,
    3.203348910988702,
    3.1937449874030217,
    3.180327996826172,
    3.1599966802808974,
    3.1518733220418294,
    3.140920344373915,
    3.130443158637153,
    3.1230086464775932,
    3.10209935514662,
    3.094387113062541,
    3.0864563795725504,
    3.076643804253472,
    3.0677387969970704,
    3.0493211978488497,
    3.0452305178748236,
    3.0376697810702855,
    3.0318383270687526,
    3.0191007541656494,
    3.008516581090291,
    3.00110353135003,
    2.9906867563883464,
    2.9910519489712186,
    2.9779950283474395,
    2.9693579546610516,
    2.9644699752807617,
    2.9546827693091497,
    2.959090525266859,
    2.9379470132615833,
    2.9410593374464247,
    2.9341981704711912,
    2.92506748814053,
    2.923430280303955,
    2.918243679046631,
    2.904311943689982,
    2.8997336577097577,
    2.890798492516412,
    2.8811195877075195,
    2.881717071533203,
    2.8778089688618977,
    2.8732966450161403
  ],
  "train_acc": [
    0.015488888888888889,
    0.037088888888888887,
    0.06391111111111111,
    0.08482222222222222,
    0.1024,
    0.12306666666666667,
    0.13935555555555557,
    0.15202222222222223,
    0.16784444444444444,
    0.1748,
    0.18866666666666668,
    0.19793333333333332,
    0.20604444444444445,
    0.21775555555555556,
    0.22502222222222223,
    0.22833333333333333,
    0.2339111111111111,
    0.23935555555555554,
    0.24744444444444444,
    0.25206666666666666,
    0.2548666666666667,
    0.26122222222222224,
    0.2658888888888889,
    0.27015555555555554,
    0.27326666666666666,
    0.27597777777777777,
    0.2801777777777778,
    0.2850666666666667,
    0.28844444444444445,
    0.2946,
    0.2995777777777778,
    0.3028,
    0.30262222222222224,
    0.3062,
    0.31091111111111114,
    0.3148444444444444,
    0.3171333333333333,
    0.32008888888888887,
    0.31964444444444445,
    0.3254222222222222,
    0.32822222222222225,
    0.3317333333333333,
    0.33297777777777776,
    0.33826666666666666,
    0.3399111111111111,
    0.3422,
    0.34524444444444446,
    0.348,
    0.34786666666666666,
    0.3499333333333333,
    0.3519777777777778,
    0.3546888888888889,
    0.3540888888888889,
    0.36315555555555556,
    0.3634,
    0.36177777777777775,
    0.36633333333333334,
    0.36235555555555554,
    0.36735555555555555,
    0.3685555555555556,
    0.3715777777777778,
    0.37353333333333333,
    0.3784888888888889,
    0.3804444444444444,
    0.37866666666666665,
    0.3791333333333333
  ],
  "val_loss": [
    4.534963937377929,
    4.197487162780762,
    4.005956884002686,
    3.8481948791503906,
    3.7344367752075196,
    3.642502244567871,
    3.549943381500244,
    3.4800451725006103,
    3.447189451599121,
    3.358463194656372,
    3.318557918548584,
    3.2559468780517578,
    3.210797093963623,
    3.1885238842010497,
    3.1588883319854735,
    3.1366344802856445,
    3.0969108123779296,
    3.0940241790771483,
    3.05269158744812,
    3.0436281761169433,
    2.9887744346618654,
    3.0878079650878907,
    2.9970579116821288,
    2.9811183818817137,
    3.0380720016479494,
    2.9411774963378905,
    2.9872677185058594,
    2.8847433448791504,
    2.893004944229126,
    2.8804146530151367,
    2.908376454162598,
    2.868390502548218,
    2.9356743953704836,
    2.8674322662353515,
    2.8472396450042723,
    2.8488979587554932,
    2.779443941116333,
    2.791598362350464,
    2.8342423748016357,
    2.8397445667266847,
    2.7823256896972657,
    2.737843857574463,
    2.770732523345947,
    2.7715131156921387,
    2.751938814544678,
    2.7186092636108397,
    2.7539949913024904,
    2.749105361175537,
    2.764553438949585,
    2.7457743144989015,
    2.718774169540405,
    2.665597064971924,
    2.6364580966949465,
    2.7016926246643065,
    2.647954599380493,
    2.605842851257324,
    2.687790664291382,
    2.688061505508423,
    2.7895566608428957,
    2.6811930652618408,
    2.6314190994262696,
    2.664694443511963,
    2.6779379928588867,
    2.632307816314697,
    2.6253624702453613,
    2.6550457458496095
  ],
  "val_acc": [
    0.034,
    0.0682,
    0.102,
    0.1274,
    0.1466,
    0.1682,
    0.1906,
    0.2136,
    0.2092,
    0.2318,
    0.2388,
    0.2568,
    0.2668,
    0.2756,
    0.2882,
    0.29,
    0.2976,
    0.2954,
    0.3144,
    0.312,
    0.3316,
    0.3048,
    0.3338,
    0.344,
    0.3184,
    0.348,
    0.3326,
    0.362,
    0.3604,
    0.3624,
    0.3522,
    0.3682,
    0.3508,
    0.3708,
    0.3702,
    0.366,
    0.3938,
    0.387,
    0.3776,
    0.3784,
    0.395,
    0.4052,
    0.4014,
    0.3972,
    0.399,
    0.4124,
    0.4002,
    0.398,
    0.4014,
    0.4056,
    0.4176,
    0.4346,
    0.4326,
    0.4186,
    0.4356,
    0.4504,
    0.4186,
    0.423,
    0.3982,
    0.431,
    0.441,
    0.4364,
    0.4274,
    0.4422,
    0.4392,
    0.428
  ],
  "best_val_loss": 2.605842851257324,
  "total_time_s": 3518.4153954982758,
  "stopped_epoch": 66
}