{
  "weighted_f1": 0.8860451851055188,
  "macro_f1": 0.8565032336726879,
  "weighted_accuracy": 0.885933147632312,
  "weighted_precision": 0.893142558760859,
  "weighted_recall": 0.885933147632312,
  "per_class_auc": [
    0.9963897328197593,
    0.9999024990627419,
    0.9857177291698198,
    0.99963688181961,
    0.9876759314945185,
    0.987776454733422,
    0.9905155807674179,
    0.9612797434862077,
    0.9922742811569785
  ],
  "mean_auc": 0.9890187593900528,
  "confusion_matrix": [
    [
      1326,
      4,
      3,
      0,
      3,
      1,
      0,
      0,
      1
    ],
    [
      3,
      842,
      0,
      2,
      0,
      0,
      0,
      0,
      0
    ],
    [
      0,
      0,
      260,
      12,
      0,
      38,
      0,
      29,
      0
    ],
    [
      0,
      0,
      0,
      634,
      0,
      0,
      0,
      0,
      0
    ],
    [
      136,
      21,
      3,
      12,
      859,
      0,
      2,
      0,
      2
    ],
    [
      0,
      0,
      3,
      0,
      0,
      418,
      0,
      171,
      0
    ],
    [
      1,
      0,
      0,
      66,
      0,
      0,
      659,
      1,
      14
    ],
    [
      1,
      8,
      7,
      10,
      17,
      58,
      0,
      274,
      46
    ],
    [
      0,
      0,
      16,
      85,
      1,
      1,
      35,
      6,
      1089
    ]
  ],
  "report": "              precision    recall  f1-score   support\n\n           0       0.90      0.99      0.95      1338\n           1       0.96      0.99      0.98       847\n           2       0.89      0.77      0.82       339\n           3       0.77      1.00      0.87       634\n           4       0.98      0.83      0.90      1035\n           5       0.81      0.71      0.75       592\n           6       0.95      0.89      0.92       741\n           7       0.57      0.65      0.61       421\n           8       0.95      0.88      0.91      1233\n\n    accuracy                           0.89      7180\n   macro avg       0.86      0.86      0.86      7180\nweighted avg       0.89      0.89      0.89      7180\n",
  "seed": 0
}