{
  "weighted_f1": {
    "mean": 0.3560923349531194,
    "std": NaN,
    "min": 0.3560923349531194,
    "max": 0.3560923349531194,
    "values": [
      0.3560923349531194
    ]
  },
  "macro_f1": {
    "mean": 0.3560923349531195,
    "std": NaN,
    "min": 0.3560923349531195,
    "max": 0.3560923349531195,
    "values": [
      0.3560923349531195
    ]
  },
  "weighted_accuracy": {
    "mean": 0.3821,
    "std": NaN,
    "min": 0.3821,
    "max": 0.3821,
    "values": [
      0.3821
    ]
  },
  "mean_auc": {
    "mean": 0.9508837929292929,
    "std": NaN,
    "min": 0.9508837929292929,
    "max": 0.9508837929292929,
    "values": [
      0.9508837929292929
    ]
  },
  "best_seed_idx": 0,
  "n_runs": 1
}