{
  "weighted_f1": 0.9902947700790848,
  "macro_f1": 0.9901018253901203,
  "weighted_accuracy": 0.9903,
  "weighted_precision": 0.9903025755164377,
  "weighted_recall": 0.9903,
  "per_class_auc": [
    0.9999382324992081,
    0.9999944343816076,
    0.9997725547856634,
    0.9999080386347867,
    0.999979786975043,
    0.9986664756356705,
    0.9997678428525845,
    0.999945788974258,
    0.9999907863707446,
    0.9998748886536575
  ],
  "mean_auc": 0.9997838829763224,
  "confusion_matrix": [
    [
      977,
      0,
      1,
      1,
      0,
      0,
      0,
      0,
      0,
      1
    ],
    [
      0,
      1131,
      1,
      1,
      0,
      0,
      2,
      0,
      0,
      0
    ],
    [
      1,
      0,
      1016,
      1,
      2,
      3,
      7,
      2,
      0,
      0
    ],
    [
      0,
      0,
      2,
      999,
      0,
      7,
      0,
      0,
      2,
      0
    ],
    [
      0,
      0,
      0,
      0,
      979,
      0,
      0,
      0,
      0,
      3
    ],
    [
      2,
      0,
      11,
      4,
      0,
      867,
      3,
      4,
      0,
      1
    ],
    [
      3,
      2,
      3,
      0,
      1,
      3,
      946,
      0,
      0,
      0
    ],
    [
      0,
      2,
      2,
      0,
      1,
      0,
      0,
      1022,
      0,
      1
    ],
    [
      0,
      0,
      1,
      1,
      1,
      2,
      0,
      0,
      969,
      0
    ],
    [
      0,
      0,
      0,
      0,
      7,
      1,
      0,
      3,
      1,
      997
    ]
  ],
  "report": "              precision    recall  f1-score   support\n\n           0       0.99      1.00      1.00       980\n           1       1.00      1.00      1.00      1135\n           2       0.98      0.98      0.98      1032\n           3       0.99      0.99      0.99      1010\n           4       0.99      1.00      0.99       982\n           5       0.98      0.97      0.98       892\n           6       0.99      0.99      0.99       958\n           7       0.99      0.99      0.99      1028\n           8       1.00      0.99      1.00       974\n           9       0.99      0.99      0.99      1009\n\n    accuracy                           0.99     10000\n   macro avg       0.99      0.99      0.99     10000\nweighted avg       0.99      0.99      0.99     10000\n",
  "seed": 0
}