{
  "weighted_f1": {
    "mean": 0.13174420421631255,
    "std": NaN,
    "min": 0.13174420421631255,
    "max": 0.13174420421631255,
    "values": [
      0.13174420421631255
    ]
  },
  "macro_f1": {
    "mean": 0.23909535667815357,
    "std": NaN,
    "min": 0.23909535667815357,
    "max": 0.23909535667815357,
    "values": [
      0.23909535667815357
    ]
  },
  "weighted_accuracy": {
    "mean": 0.12369077306733167,
    "std": NaN,
    "min": 0.12369077306733167,
    "max": 0.12369077306733167,
    "values": [
      0.12369077306733167
    ]
  },
  "mean_auc": {
    "mean": 0.8577035428758867,
    "std": NaN,
    "min": 0.8577035428758867,
    "max": 0.8577035428758867,
    "values": [
      0.8577035428758867
    ]
  },
  "best_seed_idx": 0,
  "n_runs": 1
}