{
  "weighted_f1": {
    "mean": 0.6781865983070209,
    "std": 0.009310063659274224,
    "min": 0.6648111841540915,
    "max": 0.6892135095763184,
    "values": [
      0.6892135095763184,
      0.6794053311910655,
      0.6648111841540915,
      0.6740562109245684,
      0.6834467556890612
    ]
  },
  "macro_f1": {
    "mean": 0.42208967189129165,
    "std": 0.01143371524701813,
    "min": 0.4044644813549884,
    "max": 0.4333522328131765,
    "values": [
      0.4333522328131765,
      0.4044644813549884,
      0.4173641254296977,
      0.4285343552136537,
      0.42673316464494215
    ]
  },
  "weighted_accuracy": {
    "mean": 0.6637406483790522,
    "std": 0.017666705602987876,
    "min": 0.6389027431421447,
    "max": 0.683291770573566,
    "values": [
      0.6723192019950125,
      0.683291770573566,
      0.6389027431421447,
      0.6528678304239401,
      0.6713216957605985
    ]
  },
  "mean_auc": {
    "mean": 0.8998630951834146,
    "std": 0.004760970520457583,
    "min": 0.895265010699176,
    "max": 0.9076061547689828,
    "values": [
      0.9076061547689828,
      0.895265010699176,
      0.8998916616568915,
      0.8967707498528734,
      0.8997818989391496
    ]
  },
  "best_seed_idx": 0,
  "n_runs": 5
}