{
  "weighted_f1": 0.6369077323393298,
  "macro_f1": 0.33122732541847216,
  "weighted_accuracy": 0.6394014962593516,
  "weighted_precision": 0.6698024546294458,
  "weighted_recall": 0.6394014962593516,
  "per_class_auc": [
    0.9212965133542752,
    0.894832215450267,
    0.7875681181563534,
    0.9230246128197253,
    0.7932212005455652,
    0.8476815539563175,
    0.9703860114477175
  ],
  "mean_auc": 0.876858603675746,
  "confusion_matrix": [
    [
      21,
      3,
      6,
      21,
      4,
      9,
      2
    ],
    [
      9,
      11,
      2,
      35,
      4,
      27,
      15
    ],
    [
      29,
      9,
      32,
      25,
      18,
      99,
      8
    ],
    [
      3,
      0,
      1,
      15,
      1,
      2,
      1
    ],
    [
      7,
      6,
      12,
      7,
      71,
      105,
      15
    ],
    [
      5,
      6,
      15,
      51,
      90,
      1108,
      66
    ],
    [
      0,
      0,
      0,
      0,
      0,
      5,
      24
    ]
  ],
  "report": "              precision    recall  f1-score   support\n\n           0       0.28      0.32      0.30        66\n           1       0.31      0.11      0.16       103\n           2       0.47      0.15      0.22       220\n           3       0.10      0.65      0.17        23\n           4       0.38      0.32      0.35       223\n           5       0.82      0.83      0.82      1341\n           6       0.18      0.83      0.30        29\n\n    accuracy                           0.64      2005\n   macro avg       0.36      0.46      0.33      2005\nweighted avg       0.67      0.64      0.64      2005\n",
  "seed": 4
}