{
  "weighted_f1": 0.6513099120950411,
  "macro_f1": 0.3774007944738759,
  "weighted_accuracy": 0.6309226932668329,
  "weighted_precision": 0.7351910732515216,
  "weighted_recall": 0.6309226932668329,
  "per_class_auc": [
    0.9255708190726242,
    0.9195532551325636,
    0.799485612426789,
    0.91396481375861,
    0.7907802489267362,
    0.8548444336630638,
    0.9794080692447298
  ],
  "mean_auc": 0.883372464603588,
  "confusion_matrix": [
    [
      41,
      1,
      4,
      13,
      5,
      2,
      0
    ],
    [
      26,
      5,
      2,
      38,
      6,
      15,
      11
    ],
    [
      37,
      0,
      54,
      34,
      48,
      46,
      1
    ],
    [
      5,
      0,
      1,
      15,
      0,
      2,
      0
    ],
    [
      16,
      1,
      8,
      9,
      112,
      68,
      9
    ],
    [
      27,
      1,
      25,
      73,
      172,
      1013,
      30
    ],
    [
      0,
      0,
      0,
      0,
      0,
      4,
      25
    ]
  ],
  "report": "              precision    recall  f1-score   support\n\n           0       0.27      0.62      0.38        66\n           1       0.62      0.05      0.09       103\n           2       0.57      0.25      0.34       220\n           3       0.08      0.65      0.15        23\n           4       0.33      0.50      0.40       223\n           5       0.88      0.76      0.81      1341\n           6       0.33      0.86      0.48        29\n\n    accuracy                           0.63      2005\n   macro avg       0.44      0.53      0.38      2005\nweighted avg       0.74      0.63      0.65      2005\n",
  "seed": 7
}