{
  "weighted_f1": 0.6688761590645829,
  "macro_f1": 0.4146849372766059,
  "weighted_accuracy": 0.6733167082294265,
  "weighted_precision": 0.7304866688517605,
  "weighted_recall": 0.6733167082294265,
  "per_class_auc": [
    0.9251566724490912,
    0.8865731524302471,
    0.8250751209574738,
    0.9180230772605624,
    0.784690452104503,
    0.85912104795019,
    0.974574200753874
  ],
  "mean_auc": 0.8818876748437058,
  "confusion_matrix": [
    [
      37,
      2,
      0,
      13,
      9,
      4,
      1
    ],
    [
      23,
      17,
      0,
      22,
      3,
      30,
      8
    ],
    [
      43,
      2,
      32,
      17,
      48,
      76,
      2
    ],
    [
      3,
      0,
      0,
      13,
      2,
      5,
      0
    ],
    [
      13,
      2,
      5,
      3,
      109,
      84,
      7
    ],
    [
      14,
      4,
      8,
      32,
      153,
      1118,
      12
    ],
    [
      0,
      0,
      0,
      0,
      0,
      5,
      24
    ]
  ],
  "report": "              precision    recall  f1-score   support\n\n           0       0.28      0.56      0.37        66\n           1       0.63      0.17      0.26       103\n           2       0.71      0.15      0.24       220\n           3       0.13      0.57      0.21        23\n           4       0.34      0.49      0.40       223\n           5       0.85      0.83      0.84      1341\n           6       0.44      0.83      0.58        29\n\n    accuracy                           0.67      2005\n   macro avg       0.48      0.51      0.41      2005\nweighted avg       0.73      0.67      0.67      2005\n",
  "seed": 2
}