{
  "weighted_f1": 0.6120315472630334,
  "macro_f1": 0.2731726354698518,
  "weighted_accuracy": 0.6428927680798004,
  "weighted_precision": 0.632069587727156,
  "weighted_recall": 0.6428927680798004,
  "per_class_auc": [
    0.8966586962976855,
    0.8619337845701511,
    0.7469060351413292,
    0.8908656166366866,
    0.7778608204617173,
    0.8516605572176851,
    0.9782912187630881
  ],
  "mean_auc": 0.8577395327269063,
  "confusion_matrix": [
    [
      10,
      2,
      4,
      25,
      4,
      17,
      4
    ],
    [
      4,
      1,
      0,
      37,
      2,
      34,
      25
    ],
    [
      6,
      0,
      10,
      49,
      26,
      122,
      7
    ],
    [
      1,
      0,
      1,
      12,
      0,
      5,
      4
    ],
    [
      2,
      0,
      8,
      11,
      61,
      131,
      10
    ],
    [
      4,
      1,
      8,
      43,
      75,
      1171,
      39
    ],
    [
      0,
      0,
      0,
      0,
      0,
      5,
      24
    ]
  ],
  "report": "              precision    recall  f1-score   support\n\n           0       0.37      0.15      0.22        66\n           1       0.25      0.01      0.02       103\n           2       0.32      0.05      0.08       220\n           3       0.07      0.52      0.12        23\n           4       0.36      0.27      0.31       223\n           5       0.79      0.87      0.83      1341\n           6       0.21      0.83      0.34        29\n\n    accuracy                           0.64      2005\n   macro avg       0.34      0.39      0.27      2005\nweighted avg       0.63      0.64      0.61      2005\n",
  "seed": 6
}