{
  "weighted_f1": 0.6470221593004812,
  "macro_f1": 0.33717416878324885,
  "weighted_accuracy": 0.6384039900249376,
  "weighted_precision": 0.6838453300590008,
  "weighted_recall": 0.6384039900249376,
  "per_class_auc": [
    0.919350805632394,
    0.8881300215409431,
    0.793921568627451,
    0.9078664502259466,
    0.7801105222629885,
    0.8575049639272976,
    0.979460421611057
  ],
  "mean_auc": 0.8751921076897252,
  "confusion_matrix": [
    [
      21,
      7,
      7,
      18,
      6,
      7,
      0
    ],
    [
      18,
      10,
      5,
      33,
      2,
      20,
      15
    ],
    [
      35,
      5,
      44,
      25,
      39,
      65,
      7
    ],
    [
      2,
      0,
      1,
      13,
      1,
      3,
      3
    ],
    [
      8,
      3,
      16,
      5,
      83,
      93,
      15
    ],
    [
      12,
      4,
      27,
      47,
      109,
      1084,
      58
    ],
    [
      0,
      0,
      0,
      0,
      0,
      4,
      25
    ]
  ],
  "report": "              precision    recall  f1-score   support\n\n           0       0.22      0.32      0.26        66\n           1       0.34      0.10      0.15       103\n           2       0.44      0.20      0.28       220\n           3       0.09      0.57      0.16        23\n           4       0.35      0.37      0.36       223\n           5       0.85      0.81      0.83      1341\n           6       0.20      0.86      0.33        29\n\n    accuracy                           0.64      2005\n   macro avg       0.36      0.46      0.34      2005\nweighted avg       0.68      0.64      0.65      2005\n",
  "seed": 8
}