{
  "weighted_f1": 0.6554982446886589,
  "macro_f1": 0.368481897802827,
  "weighted_accuracy": 0.6897755610972569,
  "weighted_precision": 0.6456507202024852,
  "weighted_recall": 0.6897755610972569,
  "per_class_auc": [
    0.9259302670855017,
    0.8950670219390933,
    0.79240132416603,
    0.901746150133813,
    0.7958307539772413,
    0.8649486087526842,
    0.9719914840150774
  ],
  "mean_auc": 0.8782736585813488,
  "confusion_matrix": [
    [
      19,
      7,
      21,
      2,
      5,
      11,
      1
    ],
    [
      9,
      21,
      7,
      11,
      6,
      36,
      13
    ],
    [
      25,
      6,
      20,
      17,
      32,
      117,
      3
    ],
    [
      3,
      1,
      3,
      7,
      0,
      8,
      1
    ],
    [
      3,
      4,
      13,
      2,
      62,
      133,
      6
    ],
    [
      6,
      6,
      13,
      14,
      57,
      1231,
      14
    ],
    [
      0,
      0,
      0,
      0,
      1,
      5,
      23
    ]
  ],
  "report": "              precision    recall  f1-score   support\n\n           0       0.29      0.29      0.29        66\n           1       0.47      0.20      0.28       103\n           2       0.26      0.09      0.13       220\n           3       0.13      0.30      0.18        23\n           4       0.38      0.28      0.32       223\n           5       0.80      0.92      0.85      1341\n           6       0.38      0.79      0.51        29\n\n    accuracy                           0.69      2005\n   macro avg       0.39      0.41      0.37      2005\nweighted avg       0.65      0.69      0.66      2005\n",
  "seed": 0
}