{
  "weighted_f1": 0.6391017243088394,
  "macro_f1": 0.36499302098444586,
  "weighted_accuracy": 0.627930174563591,
  "weighted_precision": 0.6855796108996054,
  "weighted_recall": 0.627930174563591,
  "per_class_auc": [
    0.9191945238876646,
    0.8956795606055965,
    0.7686274509803921,
    0.9062212082656956,
    0.7611918889945796,
    0.8506632795162754,
    0.97980943738657
  ],
  "mean_auc": 0.8687696213766819,
  "confusion_matrix": [
    [
      27,
      5,
      3,
      18,
      4,
      8,
      1
    ],
    [
      11,
      18,
      1,
      23,
      3,
      29,
      18
    ],
    [
      27,
      7,
      32,
      32,
      49,
      70,
      3
    ],
    [
      4,
      0,
      2,
      11,
      0,
      2,
      4
    ],
    [
      11,
      4,
      12,
      5,
      113,
      69,
      9
    ],
    [
      11,
      6,
      30,
      35,
      190,
      1033,
      36
    ],
    [
      0,
      0,
      0,
      0,
      1,
      3,
      25
    ]
  ],
  "report": "              precision    recall  f1-score   support\n\n           0       0.30      0.41      0.34        66\n           1       0.45      0.17      0.25       103\n           2       0.40      0.15      0.21       220\n           3       0.09      0.48      0.15        23\n           4       0.31      0.51      0.39       223\n           5       0.85      0.77      0.81      1341\n           6       0.26      0.86      0.40        29\n\n    accuracy                           0.63      2005\n   macro avg       0.38      0.48      0.36      2005\nweighted avg       0.69      0.63      0.64      2005\n",
  "seed": 9
}