{
  "weighted_f1": 0.6641267310300335,
  "macro_f1": 0.4152435168624966,
  "weighted_accuracy": 0.6523690773067332,
  "weighted_precision": 0.7394919507462805,
  "weighted_recall": 0.6523690773067332,
  "per_class_auc": [
    0.9229062153249878,
    0.8794166590099334,
    0.8029411764705882,
    0.912034396525249,
    0.8066615331189322,
    0.8619522834065569,
    0.9766508446181767
  ],
  "mean_auc": 0.8803661583534891,
  "confusion_matrix": [
    [
      36,
      3,
      1,
      13,
      10,
      3,
      0
    ],
    [
      19,
      13,
      2,
      27,
      9,
      25,
      8
    ],
    [
      34,
      1,
      42,
      32,
      54,
      56,
      1
    ],
    [
      2,
      0,
      0,
      15,
      3,
      3,
      0
    ],
    [
      12,
      1,
      5,
      9,
      122,
      70,
      4
    ],
    [
      16,
      4,
      11,
      58,
      185,
      1057,
      10
    ],
    [
      0,
      0,
      0,
      0,
      1,
      5,
      23
    ]
  ],
  "report": "              precision    recall  f1-score   support\n\n           0       0.30      0.55      0.39        66\n           1       0.59      0.13      0.21       103\n           2       0.69      0.19      0.30       220\n           3       0.10      0.65      0.17        23\n           4       0.32      0.55      0.40       223\n           5       0.87      0.79      0.83      1341\n           6       0.50      0.79      0.61        29\n\n    accuracy                           0.65      2005\n   macro avg       0.48      0.52      0.42      2005\nweighted avg       0.74      0.65      0.66      2005\n",
  "seed": 1
}