{
  "weighted_f1": 0.6334079409616743,
  "macro_f1": 0.3784894767560653,
  "weighted_accuracy": 0.6304239401496259,
  "weighted_precision": 0.7019588273302713,
  "weighted_recall": 0.6304239401496259,
  "per_class_auc": [
    0.925617703596043,
    0.8823619490980368,
    0.7474586198115609,
    0.910213662089238,
    0.7893962041944104,
    0.8573769350331975,
    0.978797291637582
  ],
  "mean_auc": 0.8701746236371528,
  "confusion_matrix": [
    [
      19,
      6,
      2,
      14,
      13,
      12,
      0
    ],
    [
      9,
      14,
      2,
      31,
      8,
      31,
      8
    ],
    [
      20,
      1,
      20,
      29,
      77,
      71,
      2
    ],
    [
      3,
      0,
      0,
      10,
      1,
      9,
      0
    ],
    [
      7,
      3,
      7,
      3,
      143,
      54,
      6
    ],
    [
      5,
      3,
      8,
      22,
      262,
      1034,
      7
    ],
    [
      0,
      0,
      0,
      0,
      1,
      4,
      24
    ]
  ],
  "report": "              precision    recall  f1-score   support\n\n           0       0.30      0.29      0.29        66\n           1       0.52      0.14      0.22       103\n           2       0.51      0.09      0.15       220\n           3       0.09      0.43      0.15        23\n           4       0.28      0.64      0.39       223\n           5       0.85      0.77      0.81      1341\n           6       0.51      0.83      0.63        29\n\n    accuracy                           0.63      2005\n   macro avg       0.44      0.46      0.38      2005\nweighted avg       0.70      0.63      0.63      2005\n",
  "seed": 3
}