{
  "weighted_f1": 0.6417060966167382,
  "macro_f1": 0.36417194420109694,
  "weighted_accuracy": 0.6483790523690773,
  "weighted_precision": 0.6928352898444476,
  "weighted_recall": 0.6483790523690773,
  "per_class_auc": [
    0.9161704721271509,
    0.8920808959398895,
    0.7953934300993123,
    0.9263370332996972,
    0.7908582587207399,
    0.8570759548260154,
    0.9671576155242216
  ],
  "mean_auc": 0.877867665791004,
  "confusion_matrix": [
    [
      26,
      5,
      1,
      20,
      5,
      8,
      1
    ],
    [
      15,
      14,
      0,
      34,
      2,
      26,
      12
    ],
    [
      32,
      6,
      18,
      35,
      28,
      99,
      2
    ],
    [
      3,
      0,
      0,
      16,
      0,
      4,
      0
    ],
    [
      7,
      3,
      7,
      8,
      98,
      89,
      11
    ],
    [
      10,
      1,
      7,
      54,
      142,
      1103,
      24
    ],
    [
      0,
      0,
      0,
      0,
      0,
      4,
      25
    ]
  ],
  "report": "              precision    recall  f1-score   support\n\n           0       0.28      0.39      0.33        66\n           1       0.48      0.14      0.21       103\n           2       0.55      0.08      0.14       220\n           3       0.10      0.70      0.17        23\n           4       0.36      0.44      0.39       223\n           5       0.83      0.82      0.82      1341\n           6       0.33      0.86      0.48        29\n\n    accuracy                           0.65      2005\n   macro avg       0.42      0.49      0.36      2005\nweighted avg       0.69      0.65      0.64      2005\n",
  "seed": 5
}