{
  "weighted_f1": 0.9921998147009202,
  "macro_f1": 0.9920593027117907,
  "weighted_accuracy": 0.9922,
  "weighted_precision": 0.992202371138417,
  "weighted_recall": 0.9922,
  "per_class_auc": [
    0.9999051993302864,
    0.9999937386793085,
    0.99984840587377,
    0.9999704842564346,
    0.999879286459893,
    0.9997144382014727,
    0.9997199337445898,
    0.9999449215978461,
    0.9999337983675723,
    0.9995012080685464
  ],
  "mean_auc": 0.9998411414579719,
  "confusion_matrix": [
    [
      977,
      0,
      1,
      0,
      0,
      1,
      1,
      0,
      0,
      0
    ],
    [
      0,
      1131,
      2,
      1,
      0,
      0,
      1,
      0,
      0,
      0
    ],
    [
      1,
      0,
      1020,
      0,
      0,
      2,
      7,
      2,
      0,
      0
    ],
    [
      0,
      0,
      1,
      1003,
      0,
      4,
      0,
      0,
      1,
      1
    ],
    [
      0,
      0,
      0,
      0,
      974,
      0,
      2,
      2,
      0,
      4
    ],
    [
      0,
      0,
      5,
      6,
      0,
      876,
      2,
      3,
      0,
      0
    ],
    [
      4,
      1,
      3,
      0,
      1,
      3,
      946,
      0,
      0,
      0
    ],
    [
      0,
      2,
      2,
      1,
      0,
      2,
      0,
      1020,
      0,
      1
    ],
    [
      1,
      0,
      0,
      0,
      0,
      1,
      0,
      0,
      972,
      0
    ],
    [
      1,
      0,
      1,
      0,
      3,
      0,
      0,
      0,
      1,
      1003
    ]
  ],
  "report": "              precision    recall  f1-score   support\n\n           0       0.99      1.00      0.99       980\n           1       1.00      1.00      1.00      1135\n           2       0.99      0.99      0.99      1032\n           3       0.99      0.99      0.99      1010\n           4       1.00      0.99      0.99       982\n           5       0.99      0.98      0.98       892\n           6       0.99      0.99      0.99       958\n           7       0.99      0.99      0.99      1028\n           8       1.00      1.00      1.00       974\n           9       0.99      0.99      0.99      1009\n\n    accuracy                           0.99     10000\n   macro avg       0.99      0.99      0.99     10000\nweighted avg       0.99      0.99      0.99     10000\n",
  "seed": 0
}