{
  "weighted_f1": 0.13183712549105303,
  "macro_f1": 0.2713071335914888,
  "weighted_accuracy": 0.14912718204488778,
  "weighted_precision": 0.14376991352629692,
  "weighted_recall": 0.14912718204488778,
  "per_class_auc": [
    0.9062309531623611,
    0.9345961838841077,
    0.8449987267634327,
    0.8092396788487694,
    0.8303412802665419,
    0.8935888969749243,
    0.9695832751640375
  ],
  "mean_auc": 0.8840827135805963,
  "confusion_matrix": [
    [
      32,
      13,
      8,
      11,
      2,
      0,
      0
    ],
    [
      12,
      33,
      4,
      34,
      2,
      0,
      18
    ],
    [
      23,
      4,
      77,
      81,
      34,
      0,
      1
    ],
    [
      2,
      2,
      1,
      18,
      0,
      0,
      0
    ],
    [
      7,
      3,
      17,
      67,
      112,
      0,
      17
    ],
    [
      11,
      5,
      31,
      949,
      158,
      0,
      187
    ],
    [
      0,
      0,
      0,
      2,
      0,
      0,
      27
    ]
  ],
  "report": "              precision    recall  f1-score   support\n\n           0       0.37      0.48      0.42        66\n           1       0.55      0.32      0.40       103\n           2       0.56      0.35      0.43       220\n           3       0.02      0.78      0.03        23\n           4       0.36      0.50      0.42       223\n           5       0.00      0.00      0.00      1341\n           6       0.11      0.93      0.19        29\n\n    accuracy                           0.15      2005\n   macro avg       0.28      0.48      0.27      2005\nweighted avg       0.14      0.15      0.13      2005\n",
  "seed": 0
}