{
  "train_loss": [
    2.165963387213813,
    1.898310079828898,
    1.7714402424282498,
    1.673602676094903,
    1.6033772454155817,
    1.5470161012013752,
    1.4881092008378771,
    1.4394374159071182,
    1.4011908053716025,
    1.3696110223558213,
    1.3439332070032755,
    1.3226079306284586,
    1.3019067230860393,
    1.2885200150807699,
    1.2681287821451823,
    1.2552210827297634,
    1.2417916579988268,
    1.2282561576419406,
    1.218745492278205,
    1.209085192404853,
    1.2017857763926187,
    1.1893285632239448,
    1.1810292690489028,
    1.1706210312525431,
    1.165915513589647,
    1.154408116192288,
    1.1478764680226643,
    1.1424167358822293,
    1.1326692636066014,
    1.128215352376302,
    1.120594080819024,
    1.1165062647713555,
    1.1130725162718031,
    1.10774484500885,
    1.09733871161143,
    1.0968842440287272,
    1.087788456916809,
    1.0813762020111084,
    1.0782971763186984,
    1.077371877331204,
    1.068289910199907,
    1.0680026910781861,
    1.065052327940199,
    1.0561478303485448,
    1.0531598140292697,
    1.0456718127992417,
    1.046261067390442,
    1.037899286588033,
    1.036679416847229,
    1.0362133009168837,
    1.031740891986423,
    1.028368170038859,
    1.0236709133148194,
    1.0222948653115167,
    1.0112150324291653,
    1.0138105208502874,
    1.0094208601209853,
    1.0100211240344577,
    1.0078651470396254,
    0.9996308992173937,
    0.9996253455691867,
    0.9910100385453966,
    0.9924093975067139,
    0.9862496761533949,
    0.9841726647482978,
    0.9812774565484789,
    0.9762130642996893,
    0.9748787221696642,
    0.9736985353681776,
    0.9712948881785075,
    0.9651934005737305,
    0.9622135339736938,
    0.964521335167355,
    0.9578315198262533,
    0.9590327979193793,
    0.9566438744227092,
    0.953790237320794,
    0.9496682893964979,
    0.950827248149448,
    0.9484796622806125,
    0.9484294134140014,
    0.9485317277166578,
    0.943951154253218,
    0.942989429198371,
    0.9431325972239176,
    0.9375747126897176,
    0.9389424910333422,
    0.9373552616755167,
    0.9363656506008572,
    0.9351184146669176,
    0.9353461050669353,
    0.9365988586849636,
    0.9341531272464328,
    0.9301326330184937,
    0.9332018255445692,
    0.9311872806972927,
    0.9292316213077969,
    0.9309797147750855,
    0.9311411016252306,
    0.9320841388278537
  ],
  "train_acc": [
    0.2006888888888889,
    0.3128888888888889,
    0.38495555555555555,
    0.4495777777777778,
    0.49246666666666666,
    0.5288888888888889,
    0.5645111111111111,
    0.5896,
    0.6109777777777777,
    0.6296,
    0.6425777777777778,
    0.6494666666666666,
    0.6637555555555555,
    0.6718222222222222,
    0.6817555555555556,
    0.6876444444444444,
    0.6944666666666667,
    0.7034444444444444,
    0.7102666666666667,
    0.7143555555555555,
    0.7176222222222223,
    0.7236666666666667,
    0.7276,
    0.7337111111111111,
    0.7346,
    0.7431111111111111,
    0.7457777777777778,
    0.7498222222222222,
    0.7528222222222222,
    0.7536222222222222,
    0.7568222222222222,
    0.7612222222222222,
    0.7643555555555556,
    0.7651111111111111,
    0.7686,
    0.7674444444444445,
    0.7728888888888888,
    0.775,
    0.7792444444444444,
    0.7777333333333334,
    0.7842,
    0.7845777777777778,
    0.7856,
    0.7882888888888889,
    0.7912,
    0.7937111111111111,
    0.7944222222222223,
    0.7960666666666667,
    0.7986444444444445,
    0.8013111111111111,
    0.8027333333333333,
    0.8035777777777777,
    0.806,
    0.8059333333333333,
    0.8112444444444444,
    0.8096,
    0.8127333333333333,
    0.8119777777777778,
    0.8136666666666666,
    0.8161777777777778,
    0.8162666666666667,
    0.8205555555555556,
    0.8197111111111111,
    0.8209555555555555,
    0.8246444444444444,
    0.8250888888888889,
    0.8278444444444445,
    0.8267333333333333,
    0.8271111111111111,
    0.8297333333333333,
    0.8320444444444445,
    0.8370444444444445,
    0.8330222222222222,
    0.8366,
    0.8351333333333333,
    0.8362,
    0.8373777777777778,
    0.8418888888888889,
    0.8392,
    0.8406222222222223,
    0.8427111111111111,
    0.8408222222222222,
    0.8422222222222222,
    0.8429333333333333,
    0.8431333333333333,
    0.8466888888888889,
    0.8433777777777778,
    0.8466444444444444,
    0.8456222222222223,
    0.8456,
    0.8460444444444445,
    0.8471111111111111,
    0.8474,
    0.8504222222222222,
    0.8478444444444444,
    0.8494,
    0.8488,
    0.8480222222222222,
    0.8482222222222222,
    0.8480444444444445
  ],
  "val_loss": [
    1.959799089050293,
    1.7649259956359864,
    1.6583973924636841,
    1.5592063327789307,
    1.4815507076263428,
    1.4284383722305298,
    1.3660576568603515,
    1.3066483059883118,
    1.2793947267532348,
    1.247975646209717,
    1.2236674745559692,
    1.2148056074142457,
    1.1923857920646668,
    1.1704028329849243,
    1.1406413823127746,
    1.1602533603668213,
    1.1180246761322021,
    1.1379620781898498,
    1.1001942115783692,
    1.0854411348342896,
    1.0905022535324096,
    1.0822724579811096,
    1.0723135040283203,
    1.0710340391159057,
    1.0581455059051514,
    1.0491728046417237,
    1.0479007140159606,
    1.0450185900688171,
    1.0486259269714355,
    1.0405545088768005,
    1.0241365339279174,
    0.9995958461761475,
    1.0144113359451294,
    0.9984179104804992,
    1.015698331260681,
    0.9834412886619568,
    0.9837428494453431,
    0.9866851063728332,
    0.9985800355911255,
    0.9814741255760193,
    0.9727491320610047,
    0.9793842219352722,
    0.9795065185546875,
    0.9771934769630433,
    0.9644139097213745,
    0.9625489644050598,
    0.9612483349800109,
    0.9568745817184449,
    0.9470975352287292,
    0.974405317401886,
    0.9317726411819458,
    0.9397906371116638,
    0.9347171026229858,
    0.9570048403739929,
    0.9322031555175782,
    0.9332777700424194,
    0.9319040066719055,
    0.9445302989006042,
    0.9313041275024414,
    0.9196011117935181,
    0.9104115927696228,
    0.9250826231002808,
    0.9279161492347717,
    0.9283475481986999,
    0.9197412503242492,
    0.9161451021194458,
    0.9112815456390381,
    0.9288631892204284,
    0.9120773050308227,
    0.9200804174423218,
    0.9123801155090332,
    0.9130497256278992,
    0.9100884013175964,
    0.9167334903717042,
    0.905323979473114,
    0.9114989716529847,
    0.9106770615577697,
    0.9053085216522216,
    0.9025087116241455,
    0.9068899625778198,
    0.9083079442977905,
    0.9031172576904297,
    0.9067661214828491,
    0.8980477351188659,
    0.9013227773666381,
    0.9020585554122925,
    0.895405145072937,
    0.9016380406379699,
    0.9046928648948669,
    0.8979531947135926,
    0.8960241114616394,
    0.8983473220825196,
    0.8997669529914856,
    0.8969000743865967,
    0.8980659307479858,
    0.8982858332633972,
    0.897673475933075,
    0.8967338947296143,
    0.8958636764526368,
    0.8996070136070251
  ],