{
  "train_loss": [
    2.168125456958347,
    1.9234830476125082,
    1.7667733272128634,
    1.6677521501117283,
    1.5919745553970337,
    1.5308125070359972,
    1.4747281560050116,
    1.4325288247850205,
    1.396714063750373,
    1.371021979353163,
    1.3471556518978542,
    1.320219641494751,
    1.3054053649054633,
    1.2792880478752984,
    1.2635500685373942,
    1.252546030637953,
    1.2343537843492296,
    1.2233851175308228,
    1.2136318499883016,
    1.1995969239976672,
    1.1938053729163276,
    1.1801414440790812,
    1.1717233642790053,
    1.1670750735812716,
    1.1628755305820042,
    1.1486869932174684,
    1.1427158732520208,
    1.1365524850209554,
    1.1297243818495009,
    1.1207695692274307,
    1.1121452003055148,
    1.111624673377143,
    1.1035363954544068,
    1.0973633835686578,
    1.0914953641679552,
    1.0884290730582342,
    1.0875852379480997,
    1.0758241510179307,
    1.0736170346154108,
    1.0699305290646024,
    1.0648880068673028,
    1.0591733851114908,
    1.0566057212193807,
    1.0536263326644897,
    1.0495719506793553,
    1.0453724944220648,
    1.0404568933910794,
    1.0354215997695924,
    1.0316104814105564,
    1.0273205891927084,
    1.0259281325658163,
    1.0235762841118707,
    1.0156426460266113,
    1.0142608895619711,
    1.008122199122111,
    1.0057473281436495,
    1.0037968962775337,
    0.9974611379199558,
    0.9974645598729451,
    0.9929504833645291,
    0.9909441020117866,
    0.9867334653642442,
    0.9866833323584663,
    0.9820434689415826,
    0.9789325096554227,
    0.9731344909456041,
    0.9747871427959865,
    0.9694945602840848,
    0.9709966571172078,
    0.9639030111524793,
    0.9612967355304294,
    0.9600329385969374,
    0.956884334203932,
    0.9536189423137241,
    0.9573347804811265,
    0.947729994667901,
    0.9459796369976468,
    0.9438429272757636,
    0.945984920056661,
    0.9417636727121141,
    0.9381625648710463,
    0.9398541089375814,
    0.9363166290601095,
    0.9359147217856513,
    0.9375444823477004,
    0.9352191337903341,
    0.936113669819302,
    0.9303659130732218,
    0.9305793423546685,
    0.9286404338200887,
    0.9289383710861207,
    0.9283840415742662,
    0.9253095805697971,
    0.9237246359401279,
    0.9235880556530423,
    0.9226651949034796,
    0.9272280791600546,
    0.9274544330596923,
    0.9243970316780938,
    0.9251636820899116
  ],
  "train_acc": [
    0.18251111111111112,
    0.29484444444444446,
    0.3916,
    0.45322222222222225,
    0.49937777777777775,
    0.5382222222222223,
    0.5718222222222222,
    0.5954444444444444,
    0.6152444444444445,
    0.6300222222222223,
    0.6401777777777777,
    0.6563333333333333,
    0.6634666666666666,
    0.6751111111111111,
    0.6821555555555555,
    0.6912888888888888,
    0.7008444444444445,
    0.7075333333333333,
    0.7126222222222223,
    0.7197333333333333,
    0.7246,
    0.7297555555555556,
    0.7346222222222222,
    0.7347555555555556,
    0.7393777777777778,
    0.7453777777777778,
    0.7454888888888889,
    0.7506222222222222,
    0.7539111111111111,
    0.7558,
    0.7618888888888888,
    0.7625777777777778,
    0.7657777777777778,
    0.7690444444444444,
    0.7730666666666667,
    0.7735333333333333,
    0.7762,
    0.7792222222222223,
    0.7820666666666667,
    0.7842666666666667,
    0.7843333333333333,
    0.7897777777777778,
    0.7898444444444445,
    0.7914222222222222,
    0.7932444444444444,
    0.7944666666666667,
    0.7968666666666666,
    0.8011333333333334,
    0.8006666666666666,
    0.8033555555555556,
    0.8020888888888889,
    0.8027555555555556,
    0.8088222222222222,
    0.8092888888888888,
    0.8136222222222222,
    0.8114888888888889,
    0.8135333333333333,
    0.8172888888888888,
    0.8164888888888889,
    0.8190444444444445,
    0.8207777777777778,
    0.8217777777777778,
    0.8229111111111111,
    0.8240888888888889,
    0.8256666666666667,
    0.8277777777777777,
    0.8270666666666666,
    0.8304888888888889,
    0.8306888888888889,
    0.8327555555555556,
    0.8344222222222222,
    0.8348,
    0.8358666666666666,
    0.8379555555555556,
    0.8379333333333333,
    0.8397333333333333,
    0.8413555555555555,
    0.8416888888888889,
    0.8414666666666667,
    0.8443333333333334,
    0.8451555555555555,
    0.8436222222222223,
    0.8444444444444444,
    0.8482666666666666,
    0.8442666666666667,
    0.8461111111111111,
    0.8470888888888889,
    0.8485555555555555,
    0.8470222222222222,
    0.8492444444444445,
    0.8500666666666666,
    0.8498222222222223,
    0.8523333333333334,
    0.8529333333333333,
    0.8520666666666666,
    0.8535111111111111,
    0.8501333333333333,
    0.8506222222222222,
    0.8520888888888889,
    0.8498444444444444
  ],
  "val_loss": [
    1.978356524658203,
    1.7751568075180053,
    1.6270673347473144,
    1.5739333303451537,
    1.499503406906128,
    1.40872232131958,
    1.32546184091568,
    1.3691278886795044,
    1.3003377624511718,
    1.2695008911132812,
    1.2227177327156067,
    1.2442966569900513,
    1.2087475766181945,
    1.1895939193725587,
    1.1876873189926147,
    1.1216391750335692,
    1.1217958561897279,
    1.1309593172073364,
    1.099586833190918,
    1.0805783113479615,
    1.070960823917389,
    1.0672510662078858,
    1.0754754156112671,
    1.0536414031028747,
    1.0285894739151,
    1.0545647676467895,
    1.041323512363434,
    1.0209993349075317,
    1.0125265253067017,
    1.0278752589225768,
    0.9991094573974609,
    0.9925391081809998,
    0.9967870704650879,
    0.9850485235214234,
    0.9963195350646973,
    1.0007490591049195,
    0.985068928527832,
    1.050445077896118,
    0.9699830839157104,
    0.9761150416374207,
    0.9896498247146607,
    0.9937014684677125,
    0.9845812808990478,
    0.9860155939102173,
    0.9576489696502686,
    0.9879617725372315,
    0.95826624917984,
    0.9794949987411499,
    0.961365292930603,
    0.9539429532051087,
    0.9358848208427429,
    0.9421917590141297,
    0.9515655645370483,
    0.9363389371871949,
    0.9482315460205079,
    0.948032070350647,
    0.9356008900642395,
    0.942938945388794,
    0.9329116355895997,
    0.9195471870422364,
    0.924825393486023,
    0.9315876024246216,
    0.9179693716049194,
    0.9192552261352539,
    0.9146841708183289,
    0.9140977218627929,
    0.9099924144744873,
    0.9200147785186767,
    0.9157166662216186,
    0.9089893812179566,
    0.921965043926239,
    0.9160116516113281,
    0.9010082639694214,
    0.9111535771369934,
    0.905591381263733,
    0.9083523221969605,
    0.9131170579910278,
    0.9109400003433228,
    0.8987117678642272,
    0.9030539804458618,
    0.9037609623908996,
    0.9050934464454651,
    0.9044609828948975,
    0.9065621706008911,
    0.9065070595741272,
    0.9032484846115112,
    0.9013411841392517,
    0.9009110409736634,
    0.9000408102989197,
    0.9024448174476624,
    0.9050245265007019,
    0.8995995092391967,
    0.8998897239685059,
    0.904843368434906,
    0.8996651713371276,
    0.9043829386711121,
    0.9023165616989136,
    0.8996017191886901,
    0.8979775668144226,
    0.901350597190857
  ],