{
  "train_loss": [
    2.1680106696658665,
    1.9008575949350992,
    1.7896350175009834,
    1.6857350289662678,
    1.613918166732788,
    1.552313018629286,
    1.5024723672442966,
    1.4483503073162503,
    1.4178676743189493,
    1.3838201819313898,
    1.3618164337158203,
    1.33316897315979,
    1.314835217221578,
    1.292580434650845,
    1.2793219637552897,
    1.2623303890440198,
    1.25155891840193,
    1.2328971694098578,
    1.2189486767662896,
    1.20819211162991,
    1.1973041337966919,
    1.1863819620344374,
    1.1814568229251439,
    1.1689514285617404,
    1.1593617436938817,
    1.1529083550135295,
    1.146879073799981,
    1.1396580414877997,
    1.1354045334710015,
    1.1264855314466689,
    1.1215420573976305,
    1.1115830935584174,
    1.1068065695232816,
    1.098003812874688,
    1.0934671188354492,
    1.0901976674397786,
    1.0864749192979601,
    1.0816244090398153,
    1.0706168922848172,
    1.070800634511312,
    1.0636519183158875,
    1.06143844771915,
    1.053173518922594,
    1.0499939330312942,
    1.0476015832689074,
    1.0469052038404676,
    1.0433297212812636,
    1.0334828795750937,
    1.0313119062423706,
    1.0252073382059732,
    1.025885084576077,
    1.0223864986419677,
    1.0175160398059422,
    1.0159864214791192,
    1.0143951554192436,
    1.0089374372270372,
    0.9995143002404107,
    1.0023983109368217,
    0.9988741012149387,
    0.9890990286297269,
    0.9905088233523899,
    0.9887775650024414,
    0.9839241755379571,
    0.9851977047814263,
    0.9797495419608222,
    0.9729475121815999,
    0.9698491050084432,
    0.9708824696646796,
    0.9679342619578044,
    0.9678105145772298,
    0.9607708286073473,
    0.9592093851513332,
    0.9572376967324151,
    0.9537248845206366,
    0.949728786998325,
    0.9523207753181457,
    0.9494102739546034,
    0.9473143945164151,
    0.9437497514300877,
    0.9408468759324815,
    0.9411125750753615,
    0.9420457567003038,
    0.9354604963302612,
    0.9352502462599013,
    0.930577867910597,
    0.9290032270855374,
    0.9358422952651978,
    0.9351199558046129,
    0.9313909711413914,
    0.9296249610477023,
    0.9274876857333713,
    0.9266701986948649,
    0.9282735305680169,
    0.9224798508326213,
    0.924612720849779,
    0.9232793121231927,
    0.9243652162128024,
    0.9243869093153212,
    0.9249995458390977,
    0.924008442264133
  ],
  "train_acc": [
    0.20566666666666666,
    0.30273333333333335,
    0.37295555555555554,
    0.44482222222222223,
    0.4915777777777778,
    0.5287111111111111,
    0.5596222222222222,
    0.5868222222222222,
    0.6038222222222223,
    0.6225555555555555,
    0.6327333333333334,
    0.6494666666666666,
    0.6592444444444444,
    0.6680222222222222,
    0.6763777777777777,
    0.6864666666666667,
    0.6915111111111111,
    0.7020666666666666,
    0.7093333333333334,
    0.7155555555555555,
    0.7189111111111111,
    0.7265111111111111,
    0.7302444444444445,
    0.7342666666666666,
    0.7415111111111111,
    0.7433555555555555,
    0.7454888888888889,
    0.7485111111111111,
    0.7523333333333333,
    0.7570444444444444,
    0.7611333333333333,
    0.7612888888888889,
    0.7666444444444445,
    0.7714,
    0.7730222222222223,
    0.7702222222222223,
    0.775,
    0.7783555555555556,
    0.7837555555555555,
    0.7822444444444444,
    0.7877555555555555,
    0.7882222222222223,
    0.7901777777777778,
    0.7941333333333334,
    0.7943111111111111,
    0.7944666666666667,
    0.7974444444444444,
    0.7991333333333334,
    0.8021555555555555,
    0.8054666666666667,
    0.8030888888888889,
    0.8048444444444445,
    0.8085333333333333,
    0.8104444444444444,
    0.8104888888888889,
    0.8130666666666667,
    0.8175333333333333,
    0.8143111111111111,
    0.8172,
    0.8206666666666667,
    0.8208888888888889,
    0.8208666666666666,
    0.8246,
    0.8225111111111111,
    0.8252222222222222,
    0.8290444444444445,
    0.8287333333333333,
    0.8306888888888889,
    0.8320666666666666,
    0.8328222222222222,
    0.8358,
    0.8366,
    0.8371777777777778,
    0.8379333333333333,
    0.8387777777777777,
    0.8382444444444445,
    0.8416222222222223,
    0.8398888888888889,
    0.8413111111111111,
    0.8431777777777778,
    0.8444,
    0.845,
    0.8470444444444445,
    0.8473333333333334,
    0.8485555555555555,
    0.8507333333333333,
    0.8479555555555556,
    0.8470666666666666,
    0.8499555555555556,
    0.8486666666666667,
    0.8517777777777777,
    0.8508222222222223,
    0.8506,
    0.8513777777777778,
    0.8528888888888889,
    0.8532666666666666,
    0.8518888888888889,
    0.8517777777777777,
    0.8524444444444444,
    0.8523333333333334
  ],
  "val_loss": [
    1.9588168851852417,
    1.7723748790740967,
    1.7179288375854491,
    1.5966721263885497,
    1.5276933122634888,
    1.434481691646576,
    1.382708885383606,
    1.3326822441101074,
    1.3140914552688598,
    1.265276505470276,
    1.2292912559509277,
    1.2112415580749512,
    1.1871070344924928,
    1.1700613154411317,
    1.1655720154762268,
    1.169412844657898,
    1.1484051481246949,
    1.1744442333221436,
    1.0952299217224122,
    1.0792049350738526,
    1.0805473628997804,
    1.0807908515930176,
    1.0596283687591552,
    1.0607297142028809,
    1.0633320781707765,
    1.0469829685211183,
    1.033474300956726,
    1.0303143968582154,
    1.020127314567566,
    1.0311172540664673,
    0.9939728885650635,
    1.0007216934204102,
    1.028251452064514,
    1.0009862736701964,
    1.016087212371826,
    0.9848717798233032,
    0.9733983865737915,
    0.9732289677619934,
    0.9864773451805114,
    0.9652950212478638,
    0.9555463441848755,
    0.9815760847091675,
    0.9716858378410339,
    0.9802306818008423,
    0.9464117408752442,
    0.9561458986282348,
    0.9652746663093567,
    0.9491173807144165,
    0.9480871755599976,
    0.9356333002090454,
    0.9384021444320678,
    0.9367073417663574,
    0.9408081202507019,
    0.9268156454086304,
    0.9367966272354126,
    0.9319066866874695,
    0.9184868839263916,
    0.9309314764022827,
    0.9239854873657226,
    0.9244603266716004,
    0.9273156327247619,
    0.9171523170471192,
    0.9160466390609742,
    0.9178010042190552,
    0.9091058737754821,
    0.9042448663711548,
    0.8983985736846923,
    0.9039385883331299,
    0.9027486772537231,
    0.8997310383796692,
    0.9046107805252075,
    0.9033543715476989,
    0.8988606032371521,
    0.9040435488700866,
    0.8989267643928528,
    0.9054284445762635,
    0.8906830364227295,
    0.8953500349998474,
    0.8929170146942139,
    0.893675411605835,
    0.9088831232070923,
    0.8928782078742981,
    0.8948945042610168,
    0.8990027488708496,
    0.896387481880188,
    0.8922494618415833,
    0.8930961415290832,
    0.8909734674453735,
    0.8910006136894226,
    0.889079586315155,
    0.8852220600128173,
    0.8951106011390686,
    0.8878279501914978,
    0.891809398841858,
    0.8895204188346862,
    0.8910616743087768,
    0.8889459525108337,
    0.8912118608474732,
    0.8899363461494446,
    0.8911704440116882
  ],