{
  "train_loss": [
    2.1520529459635416,
    1.910361948246426,
    1.7860198099560207,
    1.6724093162112765,
    1.5964328334808349,
    1.5395806485917833,
    1.4921274745517308,
    1.4457077862845527,
    1.409950443734063,
    1.3803638121710884,
    1.35137769340939,
    1.3302813940260145,
    1.3127448800404866,
    1.2909094998253716,
    1.2796774894714356,
    1.2652785963694255,
    1.2451439396116468,
    1.2355749347050984,
    1.2250423296186659,
    1.2133450518078275,
    1.200488238843282,
    1.1891528764088948,
    1.1786625808291966,
    1.1779326001485189,
    1.1637026381174724,
    1.1577647397783069,
    1.151347844250997,
    1.1416122191535103,
    1.132173382059733,
    1.124257064098782,
    1.1199681336720784,
    1.110906209373474,
    1.1129012678146362,
    1.1010124609205458,
    1.0989989711973402,
    1.0925348807864719,
    1.0848204642189874,
    1.0803895153045655,
    1.077015297932095,
    1.0732535835266113,
    1.0662959494272868,
    1.0611232526567247,
    1.055922832361857,
    1.0499355712042915,
    1.051473461786906,
    1.0427164358350967,
    1.0435842035717435,
    1.035601057296329,
    1.0338591806411743,
    1.034768833986918,
    1.027177113702562,
    1.0211410245047676,
    1.017347777832879,
    1.013859817621443,
    1.0129185756259493,
    1.010182668961419,
    1.0047215557098388,
    0.9998072564442952,
    0.9982829104105632,
    0.9939545345730252,
    0.9917820089975993,
    0.9896525978300307,
    0.9846784486346775,
    0.985578438589308,
    0.9800069603178236,
    0.9801868104510837,
    0.9711945450676812,
    0.9692242686377631,
    0.9669766000535753,
    0.9668345525847541,
    0.9625330335405138,
    0.9591285883373685,
    0.960212493133545,
    0.9573001084857516,
    0.9528601383421156,
    0.9512215855492486,
    0.9493440461476644,
    0.9474832849502564,
    0.9453578129874335,
    0.9434623582839966,
    0.9406153618494669,
    0.9341890036900838,
    0.9400511822170682,
    0.9348088428285387,
    0.933789993985494,
    0.931077223417494,
    0.930885420566135,
    0.9337093351152208,
    0.9297894471062554,
    0.9315658480962118,
    0.930539779080285,
    0.9277332700623406,
    0.9287394306818644,
    0.9248160818735759,
    0.9275820564905802,
    0.9242868968963623,
    0.9276807796266344,
    0.9269910713831584,
    0.9233667866388957,
    0.9218024854448107
  ],
  "train_acc": [
    0.19391111111111112,
    0.2895333333333333,
    0.37346666666666667,
    0.45113333333333333,
    0.49993333333333334,
    0.5393555555555556,
    0.5639777777777778,
    0.5865555555555556,
    0.6090444444444445,
    0.6227111111111111,
    0.6388666666666667,
    0.6471111111111111,
    0.6602888888888889,
    0.666,
    0.6753777777777777,
    0.6816444444444445,
    0.6910444444444445,
    0.6969777777777778,
    0.702,
    0.7094666666666667,
    0.7171111111111111,
    0.7220666666666666,
    0.7261777777777778,
    0.7297777777777777,
    0.7336,
    0.7360222222222222,
    0.7414,
    0.7490444444444444,
    0.7520888888888889,
    0.7540222222222223,
    0.7574222222222222,
    0.7625777777777778,
    0.7603111111111112,
    0.7649555555555556,
    0.7667333333333334,
    0.7726,
    0.7759333333333334,
    0.7763333333333333,
    0.7796888888888889,
    0.7799555555555555,
    0.7850888888888888,
    0.7895111111111112,
    0.7876888888888889,
    0.7914222222222222,
    0.7916888888888889,
    0.7952444444444444,
    0.7961555555555555,
    0.7983777777777777,
    0.7995555555555556,
    0.8003555555555556,
    0.8023111111111111,
    0.8063111111111111,
    0.8078666666666666,
    0.8099777777777778,
    0.8094,
    0.8108888888888889,
    0.8147777777777778,
    0.8158222222222222,
    0.8182666666666667,
    0.8166666666666667,
    0.8202888888888888,
    0.8213777777777778,
    0.8244888888888889,
    0.8230888888888889,
    0.8259111111111112,
    0.8262888888888889,
    0.8289333333333333,
    0.8308888888888889,
    0.8313555555555555,
    0.8313777777777778,
    0.8330444444444445,
    0.8357555555555556,
    0.8360444444444445,
    0.8364222222222222,
    0.8376888888888889,
    0.8391777777777778,
    0.8385555555555556,
    0.8417555555555556,
    0.8424,
    0.8423333333333334,
    0.8430222222222222,
    0.8469777777777778,
    0.8447111111111111,
    0.8471555555555556,
    0.8461333333333333,
    0.8488222222222223,
    0.8492888888888889,
    0.8477333333333333,
    0.8497333333333333,
    0.8487777777777777,
    0.8475333333333334,
    0.8498888888888889,
    0.8507555555555556,
    0.8506444444444444,
    0.8498222222222223,
    0.8518444444444444,
    0.8483333333333334,
    0.8516666666666667,
    0.8520222222222222,
    0.851
  ],
  "val_loss": [
    1.9561698482513428,
    1.7982062858581542,
    1.628146043586731,
    1.5442468242645264,
    1.4487527769088746,
    1.3796886337280274,
    1.3573766994476317,
    1.3267442333221435,
    1.2759119737625122,
    1.2461837366104127,
    1.2092040006637572,
    1.1935597827911377,
    1.1959071479797363,
    1.1679486793518066,
    1.1926114734649658,
    1.1478336463928223,
    1.1211896389007567,
    1.1111510272979737,
    1.1019794454574585,
    1.1038113035202026,
    1.0703965101242066,
    1.0810228874206542,
    1.0528288318634034,
    1.0396063571929932,
    1.0394431184768678,
    1.0429856258392334,
    1.0345995587348937,
    1.0188928216934203,
    1.0216426988601686,
    1.02033960647583,
    1.017727822303772,
    0.9926737157821656,
    1.0000282903671265,
    1.020603001499176,
    1.0000771242141724,
    1.0183899621963501,
    0.9826671493530273,
    0.9767760633468628,
    0.982681469154358,
    0.9587845621109009,
    0.9678943185806275,
    0.971525802230835,
    0.9611619596481323,
    0.9641522934913636,
    0.9717080114364623,
    0.9521675155639648,
    0.947861719417572,
    0.9582757397651672,
    0.95575442943573,
    0.9470243775367737,
    0.9380816048622131,
    0.9451830129623413,
    0.9338507258415222,
    0.930594075012207,
    0.9258800009727478,
    0.925798703956604,
    0.922610100364685,
    0.9314492544174194,
    0.9356112191200257,
    0.933437979888916,
    0.9186558650970459,
    0.937921969127655,
    0.9110913866043091,
    0.9046829320907592,
    0.9132011400222778,
    0.9166269577026367,
    0.9066616067886353,
    0.9097989582061767,
    0.915268123626709,
    0.8992739898681641,
    0.9023431791305542,
    0.9020906600952149,
    0.9059570035934448,
    0.9032837944030762,
    0.8940949836730957,
    0.9093785408973694,
    0.8984871583938598,
    0.9036778056144714,
    0.8956781175613403,
    0.8960607295036316,
    0.8955309587478638,
    0.8940174037933349,
    0.8914876441955566,
    0.8932890455245972,
    0.8949453903198242,
    0.8970590417861939,
    0.8984332925796509,
    0.8870573244094848,
    0.8909293894767761,
    0.8892511493682861,
    0.889198775100708,
    0.887625481891632,
    0.8890452880859375,
    0.8908796915054321,
    0.887205906200409,
    0.8863366101264953,
    0.8859855739593506,
    0.8865811338424683,
    0.8891773029327392,
    0.8870121520996094
  ],