{
  "train_loss": [
    2.1912757546742756,
    1.9263710043377347,
    1.764552619128757,
    1.6514863047917685,
    1.5735484666400485,
    1.5166393984900581,
    1.4679570651160345,
    1.420549222056071,
    1.386668027920193,
    1.361289316452874,
    1.339045236714681,
    1.3163652274237738,
    1.2974167428334553,
    1.2794648274739584,
    1.2652809459898207,
    1.2496629250632392,
    1.2296603658040364,
    1.2239109752655029,
    1.2153212327109444,
    1.2037156663682727,
    1.1913496855841743,
    1.1830805911805895,
    1.1750800051583183,
    1.1627441056569416,
    1.1577951554616293,
    1.1493985222710503,
    1.1428327172385322,
    1.1353870018429226,
    1.1283210444132488,
    1.1219095822016398,
    1.1125118782043457,
    1.1103263381110298,
    1.106423531680637,
    1.098429023191664,
    1.0960571835094028,
    1.0907418015374077,
    1.0821989890628392,
    1.0813998966640896,
    1.0693549442503187,
    1.070435633722941,
    1.0644952224519517,
    1.0644420591990154,
    1.055572298198276,
    1.0549155873616536,
    1.045958679072062,
    1.043290627670288,
    1.0354524122873943,
    1.033534704759386,
    1.0302240242216323,
    1.028680265490214,
    1.0211845538563198,
    1.015943542989095,
    1.016067831155989,
    1.0085657733917237,
    1.0055622024536133,
    1.002885200076633,
    0.9984773188273112,
    0.9927369424608019,
    0.9900393881056044,
    0.9869085207621257,
    0.9834580695682101,
    0.9799092163933648,
    0.9778473736657036,
    0.9737170862621731,
    0.9691590776019626,
    0.9686239390903049,
    0.9667199523289999,
    0.9641882267422146,
    0.9561175563600328,
    0.953923436164856,
    0.9538415557861328,
    0.9502331127166748,
    0.950412272283766,
    0.9461060620201959,
    0.9436000179820591,
    0.9411939128769768,
    0.9395413694169786,
    0.9412245434443156,
    0.9360297276920743,
    0.9344018930647108,
    0.9353198425822787,
    0.9297842374165853,
    0.9288515435218812,
    0.9310503263473511,
    0.9280939959632026,
    0.9279130329555936,
    0.9258358034557767,
    0.9273519859949748,
    0.9215745240529378,
    0.9153064724816217,
    0.9201693517578973,
    0.9204514056947496,
    0.919828861618042,
    0.9178572420120239,
    0.9194046169916789,
    0.9205166870329116,
    0.9152534379323324,
    0.915399702390035,
    0.9199619853973389,
    0.9145639323870342
  ],
  "train_acc": [
    0.17462222222222223,
    0.2934,
    0.401,
    0.47086666666666666,
    0.5169333333333334,
    0.5483333333333333,
    0.5781555555555555,
    0.5997555555555556,
    0.6168222222222223,
    0.629,
    0.6435333333333333,
    0.6537111111111111,
    0.6656444444444445,
    0.6725111111111111,
    0.6835333333333333,
    0.6915111111111111,
    0.7003111111111111,
    0.7044888888888889,
    0.7088888888888889,
    0.7146222222222223,
    0.7216222222222223,
    0.7270666666666666,
    0.7297555555555556,
    0.7369333333333333,
    0.7410888888888889,
    0.7436666666666667,
    0.7461333333333333,
    0.7494,
    0.7532888888888889,
    0.7565555555555555,
    0.7609555555555556,
    0.7633111111111112,
    0.7654444444444445,
    0.7669555555555555,
    0.7703777777777778,
    0.7727111111111111,
    0.7777111111111111,
    0.7783555555555556,
    0.7809777777777778,
    0.7826666666666666,
    0.7872222222222223,
    0.7849333333333334,
    0.7891333333333334,
    0.7918,
    0.7943555555555556,
    0.7961777777777778,
    0.7975555555555556,
    0.8011777777777778,
    0.8012444444444444,
    0.8030666666666667,
    0.8071777777777778,
    0.8080222222222222,
    0.8102444444444444,
    0.8129111111111111,
    0.8115777777777777,
    0.8151111111111111,
    0.8166666666666667,
    0.8196888888888889,
    0.8216666666666667,
    0.8228666666666666,
    0.8243777777777778,
    0.8261777777777778,
    0.8260222222222222,
    0.828,
    0.8303555555555555,
    0.8323555555555555,
    0.8328,
    0.8328444444444445,
    0.8377333333333333,
    0.8373555555555555,
    0.8387333333333333,
    0.8398,
    0.8398888888888889,
    0.8402888888888889,
    0.8404,
    0.8454,
    0.8451555555555555,
    0.8438888888888889,
    0.8466444444444444,
    0.8454666666666667,
    0.8448888888888889,
    0.8485111111111111,
    0.8501555555555556,
    0.8496666666666667,
    0.8509555555555556,
    0.8506,
    0.8508222222222223,
    0.8502444444444445,
    0.8538,
    0.8555111111111111,
    0.8530222222222222,
    0.8535333333333334,
    0.8541111111111112,
    0.8546222222222222,
    0.8535111111111111,
    0.8533333333333334,
    0.856,
    0.8571111111111112,
    0.8532666666666666,
    0.8542444444444445
  ],
  "val_loss": [
    1.9651019056320191,
    1.757639305114746,
    1.6175613796234132,
    1.5219262271881104,
    1.4412898796081544,
    1.3617773778915405,
    1.3474791725158692,
    1.3159940809249877,
    1.2818615607261659,
    1.2390879109382629,
    1.2034611330032348,
    1.2030113753318787,
    1.1844659719467163,
    1.1715961484909057,
    1.1469966156959535,
    1.1307345426559448,
    1.1153161876678466,
    1.1224691242218017,
    1.090746597290039,
    1.0648132113456725,
    1.115046014022827,
    1.0612898330688476,
    1.061170673084259,
    1.079301270866394,
    1.0388047054290772,
    1.0486521277427674,
    1.0573683330535888,
    1.00992905292511,
    1.0211281089782716,
    1.0329838066101074,
    1.019480317878723,
    1.022485404586792,
    1.0007685932159425,
    1.0016045438766479,
    0.9961280404090881,
    0.9914400247573852,
    0.9973588919639588,
    0.9846285858154297,
    0.9942403227806091,
    0.9751626662254333,
    0.9719081508636475,
    0.9870376692771912,
    0.9565401442527771,
    0.9696497714042663,
    0.9870852518081665,
    0.9546003967285156,
    0.9603312824249267,
    0.9609633125305176,
    0.9495517524719238,
    0.9447375325202942,
    0.9486290399551391,
    0.9324549654006958,
    0.9400036786079407,
    0.9265785660743714,
    0.9421797449111938,
    0.9258161780357361,
    0.925080283164978,
    0.9274213492393494,
    0.9192122248649597,
    0.9223715705871582,
    0.9284447211265564,
    0.9280866487503052,
    0.9472135982513428,
    0.9177561205863952,
    0.9136894781112671,
    0.9280502223968505,
    0.9257059642791748,
    0.9125992235183715,
    0.9148068073272705,
    0.9078337285995484,
    0.9067675577163696,
    0.911436419582367,
    0.9143536296844482,
    0.9074590268135071,
    0.9022466862678528,
    0.9067517757415772,
    0.9042219856262207,
    0.9052218126296997,
    0.9077340612411499,
    0.9061329364776611,
    0.900061946105957,
    0.9008755430221558,
    0.9029608841896057,
    0.9005749319076538,
    0.908242939567566,
    0.9041941090583802,
    0.9022113429069519,
    0.9004955345153809,
    0.899495726776123,
    0.9005182802200318,
    0.9051106333732605,
    0.8989870590209961,
    0.897379025554657,
    0.9033451278686524,
    0.9016219589233399,
    0.8987509042739869,
    0.9000598000526429,
    0.897756264591217,
    0.901800869846344,
    0.8998814193725586
  ],