{
  "train_loss": [
    0.19432595268492298,
    0.19260108427250341,
    0.18886915422402895,
    0.17932542312494565,
    0.17735536838625812,
    0.1662250363128089,
    0.15779010574896257,
    0.16507241364582118,
    0.15501268950355795,
    0.1599599682476931,
    0.16044979479723362,
    0.1557339009566185,
    0.1503213271771595,
    0.14960168269309368,
    0.15085312325657504,
    0.14731354885922246,
    0.13703409025629798,
    0.13755739297403957,
    0.14259760354683076,
    0.14642218388480582,
    0.1452911593865999,
    0.1408224737906194,
    0.133015438805133,
    0.14400517449274167,
    0.14499344477505038,
    0.14165180659556126,
    0.13790845368808005,
    0.1403277467240344,
    0.14180224457066573,
    0.14128962519404653,
    0.13931655875601612,
    0.12625623578990336,
    0.12713839896978477,
    0.13614606256886716,
    0.12717393381800843,
    0.1342361678570618,
    0.13885639558781634,
    0.12880812115939982,
    0.13008516835860717,
    0.12087427581841256,
    0.12368313490580289,
    0.12983268008127316,
    0.13338793568558746,
    0.13452911649868166,
    0.1302633714817819,
    0.12790424406746806,
    0.13411249624285507,
    0.1288718329026149,
    0.1340775979962541,
    0.13234390299289656
  ],
  "train_acc": [
    0.5036630036630036,
    0.4908424908424908,
    0.489010989010989,
    0.5036630036630036,
    0.4908424908424908,
    0.6117216117216118,
    0.6611721611721612,
    0.6135531135531136,
    0.6831501831501832,
    0.6501831501831502,
    0.663003663003663,
    0.6758241758241759,
    0.7014652014652014,
    0.6813186813186813,
    0.6941391941391941,
    0.7087912087912088,
    0.7362637362637363,
    0.7380952380952381,
    0.7014652014652014,
    0.6923076923076923,
    0.7252747252747253,
    0.7490842490842491,
    0.7545787545787546,
    0.7435897435897436,
    0.7197802197802198,
    0.7362637362637363,
    0.7362637362637363,
    0.73992673992674,
    0.73992673992674,
    0.7252747252747253,
    0.7326007326007326,
    0.8003663003663004,
    0.7655677655677655,
    0.7344322344322345,
    0.7948717948717948,
    0.7637362637362637,
    0.7271062271062271,
    0.7509157509157509,
    0.76007326007326,
    0.8003663003663004,
    0.7912087912087912,
    0.7673992673992674,
    0.7326007326007326,
    0.7564102564102564,
    0.7435897435897436,
    0.7692307692307693,
    0.7380952380952381,
    0.7692307692307693,
    0.7527472527472527,
    0.7875457875457875
  ],
  "val_loss": [
    0.2339426726102829,
    0.22659502923488617,
    0.22125087678432465,
    0.2175469994544983,
    0.21597853302955627,
    0.2198321372270584,
    0.2423328310251236,
    0.2552017867565155,
    0.2468203604221344,
    0.2437140941619873,
    0.2253797948360443,
    0.17768827080726624,
    0.1687156707048416,
    0.17656439542770386,
    0.2203991711139679,
    0.17929460108280182,
    0.159335196018219,
    0.17270950973033905,
    0.1995447874069214,
    0.14054439961910248,
    0.1417274922132492,
    0.142411008477211,
    0.14351791143417358,
    0.14075399935245514,
    0.1400519609451294,
    0.1380510777235031,
    0.13068066537380219,
    0.13487568497657776,
    0.14134669303894043,
    0.14594168961048126,
    0.14841102063655853,
    0.14515329897403717,
    0.14466919004917145,
    0.13896934688091278,
    0.13472749292850494,
    0.13131263852119446,
    0.12921947240829468,
    0.12793020904064178,
    0.12731318175792694,
    0.12567487359046936,
    0.12437514960765839,
    0.1229538545012474,
    0.12328429520130157,
    0.12382640689611435,
    0.12485551834106445,
    0.12441123276948929,
    0.12325213849544525,
    0.12330421060323715,
    0.12405524402856827,
    0.12344186007976532
  ],
  "val_acc": [
    0.2692307692307692,
    0.2692307692307692,
    0.2692307692307692,
    0.2692307692307692,
    0.2692307692307692,
    0.2692307692307692,
    0.2692307692307692,
    0.2692307692307692,
    0.28205128205128205,
    0.32051282051282054,
    0.2948717948717949,
    0.5256410256410257,
    0.5897435897435898,
    0.5897435897435898,
    0.5,
    0.6410256410256411,
    0.6923076923076923,
    0.6538461538461539,
    0.6153846153846154,
    0.7948717948717948,
    0.8076923076923077,
    0.782051282051282,
    0.7435897435897436,
    0.7692307692307693,
    0.7692307692307693,
    0.782051282051282,
    0.8076923076923077,
    0.7948717948717948,
    0.7564102564102564,
    0.7435897435897436,
    0.7435897435897436,
    0.7435897435897436,
    0.7307692307692307,
    0.7307692307692307,
    0.7564102564102564,
    0.782051282051282,
    0.7948717948717948,
    0.7948717948717948,
    0.8076923076923077,
    0.8076923076923077,
    0.8076923076923077,
    0.8076923076923077,
    0.8076923076923077,
    0.8076923076923077,
    0.8076923076923077,
    0.8076923076923077,
    0.8205128205128205,
    0.8205128205128205,
    0.8076923076923077,
    0.8205128205128205
  ],
  "best_val_loss": 0.1229538545012474,
  "total_time_s": 32.52885985374451,
  "stopped_epoch": 50
}