{
  "train_loss": [
    0.17375849318373335,
    0.17388405964706408,
    0.1721845792108403,
    0.16971327915733114,
    0.17173760266967744,
    0.16637551899139696,
    0.15986083617140523,
    0.15574498714763166,
    0.15767808089326152,
    0.1538879918309795,
    0.1581551220827487,
    0.14921036444522523,
    0.15296259107607188,
    0.1536381599994806,
    0.14400708309678367,
    0.1443781479374393,
    0.1528573818914183,
    0.1440082434223685,
    0.13641655434182276,
    0.15125294024254377,
    0.1383273265846483,
    0.13624533432307262,
    0.13807419046159192,
    0.13475343262974596,
    0.13470160333446532,
    0.13094956539707742,
    0.13728589026919213,
    0.1376818691963678,
    0.13933919839588277
  ],
  "train_acc": [
    0.5164835164835165,
    0.4981684981684982,
    0.5421245421245421,
    0.5732600732600732,
    0.5842490842490843,
    0.6135531135531136,
    0.6428571428571429,
    0.684981684981685,
    0.6703296703296703,
    0.6776556776556777,
    0.6648351648351648,
    0.7289377289377289,
    0.7014652014652014,
    0.684981684981685,
    0.7234432234432234,
    0.7142857142857143,
    0.6776556776556777,
    0.7289377289377289,
    0.7673992673992674,
    0.7106227106227107,
    0.73992673992674,
    0.7728937728937729,
    0.7472527472527473,
    0.7582417582417582,
    0.7509157509157509,
    0.7637362637362637,
    0.73992673992674,
    0.7435897435897436,
    0.7417582417582418
  ],
  "val_loss": [
    0.16788920760154724,
    0.17146487534046173,
    0.18063797056674957,
    0.2102746218442917,
    0.23057179152965546,
    0.24486689269542694,
    0.26024216413497925,
    0.30309808254241943,
    0.32542285323143005,
    0.2485680729150772,
    0.23524676263332367,
    0.21565330028533936,
    0.1783737987279892,
    0.16854296624660492,
    0.1940651684999466,
    0.1828787475824356,
    0.15858779847621918,
    0.14021365344524384,
    0.13014134764671326,
    0.1397438943386078,
    0.14825476706027985,
    0.14180004596710205,
    0.13508060574531555,
    0.13307103514671326,
    0.1328933984041214,
    0.1346864402294159,
    0.13913023471832275,
    0.15003611147403717,
    0.15269486606121063
  ],
  "val_acc": [
    0.7307692307692307,
    0.7307692307692307,
    0.2692307692307692,
    0.2692307692307692,
    0.2692307692307692,
    0.2692307692307692,
    0.2692307692307692,
    0.2692307692307692,
    0.2692307692307692,
    0.44871794871794873,
    0.4358974358974359,
    0.5,
    0.6666666666666666,
    0.7051282051282052,
    0.6666666666666666,
    0.7051282051282052,
    0.717948717948718,
    0.7307692307692307,
    0.7948717948717948,
    0.782051282051282,
    0.7564102564102564,
    0.7564102564102564,
    0.782051282051282,
    0.7692307692307693,
    0.782051282051282,
    0.782051282051282,
    0.7692307692307693,
    0.7564102564102564,
    0.7564102564102564
  ],
  "best_val_loss": 0.13014134764671326,
  "total_time_s": 21.209256410598755,
  "stopped_epoch": 29
}