{
  "train_loss": [
    0.1753415075632242,
    0.17555618984795315,
    0.17202316344657662,
    0.16906801128125454,
    0.16315737028261681,
    0.1629969685614764,
    0.16018234144200336,
    0.16637720118512164,
    0.1558300466873707,
    0.15342611647569215,
    0.15663518486442146,
    0.15774325393276772,
    0.14654898616202147,
    0.14357612060976552,
    0.1556721120636105,
    0.14758151300224193,
    0.14554777572224864,
    0.14944193067349792,
    0.1494573849788952,
    0.135313087221467,
    0.14966624904246556,
    0.14111045756182827,
    0.14186115249063505,
    0.1400787000145231,
    0.13449563962090147,
    0.13746991355122226,
    0.1329094853265818,
    0.13936035809936104,
    0.1404069769076812,
    0.1310076668803945,
    0.13332160166550033,
    0.13166814021793477,
    0.13251775197493723
  ],
  "train_acc": [
    0.5054945054945055,
    0.5,
    0.5457875457875457,
    0.5659340659340659,
    0.6391941391941391,
    0.6465201465201466,
    0.6465201465201466,
    0.6172161172161172,
    0.7014652014652014,
    0.6758241758241759,
    0.6886446886446886,
    0.6648351648351648,
    0.7106227106227107,
    0.7362637362637363,
    0.6758241758241759,
    0.7106227106227107,
    0.717948717948718,
    0.7014652014652014,
    0.7161172161172161,
    0.7783882783882784,
    0.6996336996336996,
    0.7326007326007326,
    0.7344322344322345,
    0.7307692307692307,
    0.76007326007326,
    0.7380952380952381,
    0.7747252747252747,
    0.76007326007326,
    0.76007326007326,
    0.7619047619047619,
    0.7545787545787546,
    0.7472527472527473,
    0.7747252747252747
  ],
  "val_loss": [
    0.16611617803573608,
    0.17437517642974854,
    0.19056279957294464,
    0.21481604874134064,
    0.2603304088115692,
    0.30564084649086,
    0.3113565444946289,
    0.2851204574108124,
    0.24683013558387756,
    0.214223250746727,
    0.20064350962638855,
    0.18676939606666565,
    0.17359928786754608,
    0.16240952908992767,
    0.15406474471092224,
    0.14906908571720123,
    0.14770491421222687,
    0.15767741203308105,
    0.1607312560081482,
    0.15368661284446716,
    0.1598626971244812,
    0.14044684171676636,
    0.12884216010570526,
    0.1289604753255844,
    0.13414175808429718,
    0.13929416239261627,
    0.14519846439361572,
    0.15418055653572083,
    0.16807802021503448,
    0.15700775384902954,
    0.14300231635570526,
    0.13388118147850037,
    0.13025757670402527
  ],
  "val_acc": [
    0.7307692307692307,
    0.2692307692307692,
    0.2692307692307692,
    0.2692307692307692,
    0.2692307692307692,
    0.2692307692307692,
    0.2692307692307692,
    0.2692307692307692,
    0.32051282051282054,
    0.5128205128205128,
    0.5384615384615384,
    0.6538461538461539,
    0.6666666666666666,
    0.6794871794871795,
    0.6923076923076923,
    0.6923076923076923,
    0.717948717948718,
    0.7051282051282052,
    0.6794871794871795,
    0.6923076923076923,
    0.7051282051282052,
    0.717948717948718,
    0.8076923076923077,
    0.782051282051282,
    0.7948717948717948,
    0.7692307692307693,
    0.717948717948718,
    0.717948717948718,
    0.6410256410256411,
    0.6666666666666666,
    0.7435897435897436,
    0.7692307692307693,
    0.7692307692307693
  ],
  "best_val_loss": 0.12884216010570526,
  "total_time_s": 20.344708919525146,
  "stopped_epoch": 33
}