{
  "train_loss": [
    0.17438147301638957,
    0.17577467744167036,
    0.17251277783196486,
    0.17048018029976242,
    0.16745669288294657,
    0.16627731045960506,
    0.16074629226228693,
    0.16381230873939318,
    0.16107551174941082,
    0.16143918965325688,
    0.16116390794843108,
    0.15038859396627097,
    0.15083099394054203,
    0.14902854227757717,
    0.14959669680822463,
    0.1418342887809425,
    0.14423976734881,
    0.15207815115705078,
    0.14183839315023178,
    0.13937355755340486,
    0.14108331032070048,
    0.14670771551437867,
    0.14124794227954668,
    0.14102060590689872,
    0.1282027611038187,
    0.13353978523186275,
    0.13446842930910788,
    0.142588517113483,
    0.13785788602444715,
    0.1340658486216933
  ],
  "train_acc": [
    0.5293040293040293,
    0.4816849816849817,
    0.5402930402930403,
    0.5824175824175825,
    0.6172161172161172,
    0.6117216117216118,
    0.6556776556776557,
    0.6483516483516484,
    0.6318681318681318,
    0.6501831501831502,
    0.6556776556776557,
    0.7161172161172161,
    0.7014652014652014,
    0.7197802197802198,
    0.6776556776556777,
    0.7216117216117216,
    0.7197802197802198,
    0.6904761904761905,
    0.7454212454212454,
    0.7582417582417582,
    0.7380952380952381,
    0.7197802197802198,
    0.7252747252747253,
    0.7509157509157509,
    0.793040293040293,
    0.7490842490842491,
    0.7490842490842491,
    0.7454212454212454,
    0.7417582417582418,
    0.7692307692307693
  ],
  "val_loss": [
    0.15977980196475983,
    0.16667576134204865,
    0.17864075303077698,
    0.19264213740825653,
    0.2105829268693924,
    0.21621359884738922,
    0.22643451392650604,
    0.2372375875711441,
    0.23169121146202087,
    0.23499752581119537,
    0.23547232151031494,
    0.15426231920719147,
    0.14429938793182373,
    0.1487419605255127,
    0.13273712992668152,
    0.13321825861930847,
    0.13125576078891754,
    0.12375359982252121,
    0.12011980265378952,
    0.11352578550577164,
    0.12336932867765427,
    0.1303429752588272,
    0.13957002758979797,
    0.12348644435405731,
    0.12141244113445282,
    0.144098162651062,
    0.17203108966350555,
    0.1467827409505844,
    0.13621242344379425,
    0.1436183899641037
  ],
  "val_acc": [
    0.7307692307692307,
    0.7307692307692307,
    0.2692307692307692,
    0.2692307692307692,
    0.2692307692307692,
    0.2692307692307692,
    0.2692307692307692,
    0.2692307692307692,
    0.2692307692307692,
    0.2692307692307692,
    0.2692307692307692,
    0.6794871794871795,
    0.7564102564102564,
    0.6794871794871795,
    0.7948717948717948,
    0.7948717948717948,
    0.717948717948718,
    0.7564102564102564,
    0.8205128205128205,
    0.8205128205128205,
    0.7564102564102564,
    0.7692307692307693,
    0.7307692307692307,
    0.8076923076923077,
    0.8076923076923077,
    0.7307692307692307,
    0.6923076923076923,
    0.7307692307692307,
    0.7564102564102564,
    0.7051282051282052
  ],
  "best_val_loss": 0.11352578550577164,
  "total_time_s": 21.736225605010986,
  "stopped_epoch": 30
}