{
  "train_loss": [
    0.17587243004159614,
    0.1750163307665905,
    0.1716252000995608,
    0.17253926248995813,
    0.1700666952919174,
    0.16656834858677763,
    0.16550459529890682,
    0.15993776529918224,
    0.15610157613789205,
    0.1554598651635341,
    0.15043888145532364,
    0.14872100638164268,
    0.15142872378284677,
    0.1410997083117237,
    0.15310626654397874,
    0.1463044952778589,
    0.14970411212889703,
    0.15126469523915442,
    0.1363935920890871,
    0.14244230015155596,
    0.1427540768470083,
    0.13401650612825874,
    0.14409511951190648,
    0.13294853029888629,
    0.14266357862905704,
    0.1362585044114581,
    0.13973236545210793,
    0.13307648438673753
  ],
  "train_acc": [
    0.4981684981684982,
    0.4926739926739927,
    0.5439560439560439,
    0.5347985347985348,
    0.5915750915750916,
    0.608058608058608,
    0.6245421245421245,
    0.6501831501831502,
    0.6923076923076923,
    0.6868131868131868,
    0.6996336996336996,
    0.717948717948718,
    0.7014652014652014,
    0.7161172161172161,
    0.6996336996336996,
    0.7087912087912088,
    0.7032967032967034,
    0.684981684981685,
    0.7747252747252747,
    0.7564102564102564,
    0.7307692307692307,
    0.7619047619047619,
    0.7271062271062271,
    0.7582417582417582,
    0.7472527472527473,
    0.7747252747252747,
    0.7564102564102564,
    0.7802197802197802
  ],
  "val_loss": [
    0.18571975827217102,
    0.1850312501192093,
    0.1882849931716919,
    0.19361403584480286,
    0.2083396464586258,
    0.22619254887104034,
    0.2510351240634918,
    0.2708154618740082,
    0.27321264147758484,
    0.24359668791294098,
    0.18959671258926392,
    0.17473196983337402,
    0.18190044164657593,
    0.17125976085662842,
    0.17890702188014984,
    0.2112746387720108,
    0.17376363277435303,
    0.14601771533489227,
    0.14862196147441864,
    0.15392489731311798,
    0.1607009917497635,
    0.15641869604587555,
    0.15147696435451508,
    0.1529262214899063,
    0.17389900982379913,
    0.20683836936950684,
    0.18955589830875397,
    0.16756750643253326
  ],
  "val_acc": [
    0.2692307692307692,
    0.2692307692307692,
    0.2692307692307692,
    0.2692307692307692,
    0.2692307692307692,
    0.2692307692307692,
    0.2692307692307692,
    0.2692307692307692,
    0.3076923076923077,
    0.41025641025641024,
    0.6025641025641025,
    0.6794871794871795,
    0.6666666666666666,
    0.7435897435897436,
    0.7435897435897436,
    0.6025641025641025,
    0.6410256410256411,
    0.7435897435897436,
    0.7435897435897436,
    0.782051282051282,
    0.7435897435897436,
    0.7564102564102564,
    0.7564102564102564,
    0.7692307692307693,
    0.6923076923076923,
    0.5769230769230769,
    0.6153846153846154,
    0.7307692307692307
  ],
  "best_val_loss": 0.14601771533489227,
  "total_time_s": 19.69664978981018,
  "stopped_epoch": 28
}