{
  "train_loss": [
    0.19067124263707536,
    0.18320590137562034,
    0.17677649238825718,
    0.17107538824334687,
    0.1693028964839139,
    0.1638020340885435,
    0.16393869591283275,
    0.16399128003653152,
    0.15832969562692956,
    0.15321549232844467,
    0.15391263660493787,
    0.15252855136280968,
    0.1411241976332752,
    0.14194443679991223,
    0.1460149979198372,
    0.14972571362724235,
    0.1448973630701666,
    0.1410512632993988,
    0.14650948967907454,
    0.14133680641869487,
    0.1422678264942798,
    0.1384673922053187,
    0.13511765145120166,
    0.1374495702457952,
    0.1285551463291322
  ],
  "train_acc": [
    0.5128205128205128,
    0.532967032967033,
    0.5311355311355311,
    0.5476190476190477,
    0.5714285714285714,
    0.6282051282051282,
    0.6282051282051282,
    0.6336996336996337,
    0.652014652014652,
    0.6813186813186813,
    0.684981684981685,
    0.6684981684981685,
    0.7454212454212454,
    0.7344322344322345,
    0.7307692307692307,
    0.7032967032967034,
    0.7362637362637363,
    0.7362637362637363,
    0.7124542124542125,
    0.7197802197802198,
    0.717948717948718,
    0.7252747252747253,
    0.7838827838827839,
    0.7271062271062271,
    0.76007326007326
  ],
  "val_loss": [
    0.15095534920692444,
    0.15355101227760315,
    0.16094614565372467,
    0.17262591421604156,
    0.18688227236270905,
    0.20393146574497223,
    0.22559714317321777,
    0.22752493619918823,
    0.21919094026088715,
    0.2091681957244873,
    0.18273606896400452,
    0.18129517138004303,
    0.1689215451478958,
    0.13217884302139282,
    0.12387973070144653,
    0.13228870928287506,
    0.12640991806983948,
    0.13064472377300262,
    0.14865458011627197,
    0.18125170469284058,
    0.14329856634140015,
    0.13100337982177734,
    0.12959438562393188,
    0.14744135737419128,
    0.15565550327301025
  ],
  "val_acc": [
    0.7307692307692307,
    0.7307692307692307,
    0.7307692307692307,
    0.7307692307692307,
    0.2692307692307692,
    0.2692307692307692,
    0.2692307692307692,
    0.2692307692307692,
    0.2692307692307692,
    0.3974358974358974,
    0.5384615384615384,
    0.5512820512820513,
    0.6282051282051282,
    0.7564102564102564,
    0.782051282051282,
    0.7307692307692307,
    0.782051282051282,
    0.782051282051282,
    0.7051282051282052,
    0.6282051282051282,
    0.7692307692307693,
    0.7948717948717948,
    0.782051282051282,
    0.6794871794871795,
    0.717948717948718
  ],
  "best_val_loss": 0.12387973070144653,
  "total_time_s": 16.700895309448242,
  "stopped_epoch": 25
}