{
  "train_loss": [
    0.1763829869992567,
    0.1734460697615103,
    0.17185649401320643,
    0.1695010427371923,
    0.1688304480724719,
    0.16720275761006953,
    0.1616889579501344,
    0.15986205200790923,
    0.1619808207173924,
    0.15927991003562242,
    0.15225257601711775,
    0.15305021683593373,
    0.15261205905304723,
    0.14960213867954283,
    0.15394961266290574,
    0.15416788907496484,
    0.15075308084487915,
    0.14954591081255958,
    0.14833515544077416,
    0.14432646754460457,
    0.14691586066515017,
    0.14488383532662094,
    0.1374632137599009,
    0.12789774634244241,
    0.13809414235226838,
    0.14350246422456733,
    0.14139144957720579,
    0.13236310826989758,
    0.14425981317684328,
    0.14120408865340026,
    0.14023456195771913,
    0.13267465148653304,
    0.13646812611447148,
    0.13064657798507712,
    0.13721863472418033,
    0.13107986764593438,
    0.15292462346318003,
    0.13737825940161835,
    0.13490823293343568,
    0.12975331775216392,
    0.12403042349732403
  ],
  "train_acc": [
    0.4945054945054945,
    0.510989010989011,
    0.5531135531135531,
    0.5915750915750916,
    0.5989010989010989,
    0.6153846153846154,
    0.6428571428571429,
    0.6703296703296703,
    0.6556776556776557,
    0.6556776556776557,
    0.7417582417582418,
    0.7051282051282052,
    0.7087912087912088,
    0.7124542124542125,
    0.6684981684981685,
    0.6831501831501832,
    0.706959706959707,
    0.6978021978021978,
    0.7032967032967034,
    0.7307692307692307,
    0.7051282051282052,
    0.7307692307692307,
    0.7509157509157509,
    0.7802197802197802,
    0.7362637362637363,
    0.7161172161172161,
    0.7307692307692307,
    0.7637362637362637,
    0.7344322344322345,
    0.7326007326007326,
    0.7307692307692307,
    0.7637362637362637,
    0.7380952380952381,
    0.7765567765567766,
    0.7509157509157509,
    0.7673992673992674,
    0.6886446886446886,
    0.7545787545787546,
    0.7417582417582418,
    0.7747252747252747,
    0.7802197802197802
  ],
  "val_loss": [
    0.1659204512834549,
    0.17111189663410187,
    0.17931129038333893,
    0.1934221386909485,
    0.213775634765625,
    0.22367903590202332,
    0.23531386256217957,
    0.24939395487308502,
    0.23922590911388397,
    0.21972355246543884,
    0.18900606036186218,
    0.166824609041214,
    0.16382551193237305,
    0.16463355720043182,
    0.20243826508522034,
    0.18270514905452728,
    0.17287881672382355,
    0.17744232714176178,
    0.16745547950267792,
    0.14926402270793915,
    0.156533882021904,
    0.17851325869560242,
    0.17541325092315674,
    0.17209948599338531,
    0.18671491742134094,
    0.18026494979858398,
    0.1561799943447113,
    0.1402323842048645,
    0.14327822625637054,
    0.14176659286022186,
    0.12517544627189636,
    0.1273917853832245,
    0.13617779314517975,
    0.14773029088974,
    0.15200047194957733,
    0.15441781282424927,
    0.1442001610994339,
    0.1370447427034378,
    0.13700294494628906,
    0.13439181447029114,
    0.13369442522525787
  ],
  "val_acc": [
    0.7307692307692307,
    0.7307692307692307,
    0.2692307692307692,
    0.2692307692307692,
    0.2692307692307692,
    0.2692307692307692,
    0.2692307692307692,
    0.2692307692307692,
    0.2692307692307692,
    0.3333333333333333,
    0.5,
    0.6794871794871795,
    0.6538461538461539,
    0.6794871794871795,
    0.5769230769230769,
    0.6153846153846154,
    0.6666666666666666,
    0.6538461538461539,
    0.6666666666666666,
    0.6923076923076923,
    0.6923076923076923,
    0.6923076923076923,
    0.7051282051282052,
    0.7051282051282052,
    0.6923076923076923,
    0.6923076923076923,
    0.7307692307692307,
    0.7435897435897436,
    0.7435897435897436,
    0.7307692307692307,
    0.7948717948717948,
    0.7948717948717948,
    0.7564102564102564,
    0.7051282051282052,
    0.717948717948718,
    0.717948717948718,
    0.7564102564102564,
    0.7564102564102564,
    0.7692307692307693,
    0.7692307692307693,
    0.7692307692307693
  ],
  "best_val_loss": 0.12517544627189636,
  "total_time_s": 27.21855092048645,
  "stopped_epoch": 41
}