{
  "train_loss": [
    0.17933680766668075,
    0.17481258811749817,
    0.1720805220005713,
    0.1704011347704318,
    0.16706065631611444,
    0.16227956400031135,
    0.15777820070366283,
    0.16180092445659988,
    0.15845161856530787,
    0.15628296977434403,
    0.15007108826558668,
    0.14768331680760716,
    0.14770882966972532,
    0.15440339455892751,
    0.14805570261164025,
    0.15709633017197633,
    0.1465532036818864,
    0.14902465443908078,
    0.14526025372328777,
    0.14002313975231115,
    0.13358041076433091,
    0.14146140807277555,
    0.1475028585601639,
    0.15409677271004563,
    0.14572632809480032,
    0.138978368415064,
    0.1311600304348565,
    0.1397752888473399,
    0.12745541552484255,
    0.1305919897643638,
    0.13835780972089523,
    0.13495767209337745,
    0.13942631385920248,
    0.13750013212362924,
    0.1358045572653795,
    0.1370834402821876,
    0.13335806925545682,
    0.1352334846179564,
    0.13168041768309835
  ],
  "train_acc": [
    0.4468864468864469,
    0.5036630036630036,
    0.5402930402930403,
    0.5567765567765568,
    0.6227106227106227,
    0.6373626373626373,
    0.6703296703296703,
    0.6575091575091575,
    0.6776556776556777,
    0.6794871794871795,
    0.7271062271062271,
    0.7142857142857143,
    0.7197802197802198,
    0.6868131868131868,
    0.7087912087912088,
    0.6868131868131868,
    0.7216117216117216,
    0.706959706959707,
    0.7307692307692307,
    0.73992673992674,
    0.7655677655677655,
    0.7435897435897436,
    0.7289377289377289,
    0.6831501831501832,
    0.7216117216117216,
    0.7490842490842491,
    0.7857142857142857,
    0.7527472527472527,
    0.7802197802197802,
    0.7673992673992674,
    0.7417582417582418,
    0.7472527472527473,
    0.73992673992674,
    0.7582417582417582,
    0.7619047619047619,
    0.7564102564102564,
    0.7490842490842491,
    0.7637362637362637,
    0.7802197802197802
  ],
  "val_loss": [
    0.16080696880817413,
    0.1654135137796402,
    0.17808468639850616,
    0.19282612204551697,
    0.20309099555015564,
    0.21766476333141327,
    0.24591690301895142,
    0.27153220772743225,
    0.26028579473495483,
    0.23753009736537933,
    0.18971563875675201,
    0.18187610805034637,
    0.21638958156108856,
    0.2188975065946579,
    0.2190006971359253,
    0.19567999243736267,
    0.17587630450725555,
    0.17537319660186768,
    0.18637385964393616,
    0.1707220822572708,
    0.17876280844211578,
    0.1886427253484726,
    0.1893835812807083,
    0.1637401133775711,
    0.15043850243091583,
    0.14014072716236115,
    0.1423361450433731,
    0.13639195263385773,
    0.13349494338035583,
    0.1439661979675293,
    0.19260860979557037,
    0.21181301772594452,
    0.16916659474372864,
    0.16567984223365784,
    0.1605418473482132,
    0.16225136816501617,
    0.16076934337615967,
    0.1665314882993698,
    0.15525884926319122
  ],
  "val_acc": [
    0.7307692307692307,
    0.7307692307692307,
    0.2692307692307692,
    0.2692307692307692,
    0.2692307692307692,
    0.2692307692307692,
    0.2692307692307692,
    0.2692307692307692,
    0.2692307692307692,
    0.28205128205128205,
    0.5128205128205128,
    0.5769230769230769,
    0.5,
    0.5,
    0.5512820512820513,
    0.5897435897435898,
    0.6282051282051282,
    0.6282051282051282,
    0.6153846153846154,
    0.6794871794871795,
    0.6666666666666666,
    0.6410256410256411,
    0.6410256410256411,
    0.6923076923076923,
    0.717948717948718,
    0.717948717948718,
    0.7307692307692307,
    0.7564102564102564,
    0.7948717948717948,
    0.7564102564102564,
    0.6410256410256411,
    0.6282051282051282,
    0.6923076923076923,
    0.6923076923076923,
    0.6923076923076923,
    0.717948717948718,
    0.717948717948718,
    0.6794871794871795,
    0.7307692307692307
  ],
  "best_val_loss": 0.13349494338035583,
  "total_time_s": 27.038861989974976,
  "stopped_epoch": 39
}