{
  "train_loss": [
    0.17420894649875907,
    0.17296386780319634,
    0.1695337732196291,
    0.1686282251780723,
    0.16653998086959015,
    0.16400093216817457,
    0.16041804080481056,
    0.1531411539831441,
    0.15563057783322456,
    0.14679328346754605,
    0.14746278584440112,
    0.15222702876770453,
    0.15167972718403017,
    0.14857058696476094,
    0.14380110674725347,
    0.15390277891368656,
    0.1490177565114402,
    0.15230591404132354,
    0.14529912621328683,
    0.143835475729717,
    0.1425296087295581,
    0.1441280954268389,
    0.1403017175612432,
    0.14377793478660095,
    0.13315385378105737,
    0.13935789051073375,
    0.13399850197764107
  ],
  "train_acc": [
    0.5036630036630036,
    0.5091575091575091,
    0.5879120879120879,
    0.6043956043956044,
    0.6135531135531136,
    0.6282051282051282,
    0.6648351648351648,
    0.6886446886446886,
    0.684981684981685,
    0.7051282051282052,
    0.7051282051282052,
    0.6978021978021978,
    0.7051282051282052,
    0.7326007326007326,
    0.7289377289377289,
    0.6996336996336996,
    0.7014652014652014,
    0.7014652014652014,
    0.7252747252747253,
    0.7307692307692307,
    0.7344322344322345,
    0.717948717948718,
    0.7326007326007326,
    0.7087912087912088,
    0.7692307692307693,
    0.7692307692307693,
    0.7527472527472527
  ],
  "val_loss": [
    0.1748649924993515,
    0.1743936389684677,
    0.17988163232803345,
    0.19448861479759216,
    0.22702965140342712,
    0.25690534710884094,
    0.2842750549316406,
    0.30388879776000977,
    0.30039796233177185,
    0.2828797698020935,
    0.26672208309173584,
    0.20453467965126038,
    0.17926111817359924,
    0.15615059435367584,
    0.1381678730249405,
    0.13887576758861542,
    0.13314276933670044,
    0.13533270359039307,
    0.1450028121471405,
    0.1636461317539215,
    0.1546647548675537,
    0.15617065131664276,
    0.18565523624420166,
    0.15771842002868652,
    0.1402146965265274,
    0.1476874202489853,
    0.16582873463630676
  ],
  "val_acc": [
    0.2692307692307692,
    0.2692307692307692,
    0.2692307692307692,
    0.2692307692307692,
    0.2692307692307692,
    0.2692307692307692,
    0.2692307692307692,
    0.2692307692307692,
    0.2692307692307692,
    0.3333333333333333,
    0.4230769230769231,
    0.5897435897435898,
    0.6153846153846154,
    0.6666666666666666,
    0.782051282051282,
    0.7307692307692307,
    0.7692307692307693,
    0.7692307692307693,
    0.7692307692307693,
    0.6794871794871795,
    0.6794871794871795,
    0.6923076923076923,
    0.6538461538461539,
    0.717948717948718,
    0.7948717948717948,
    0.7948717948717948,
    0.6923076923076923
  ],
  "best_val_loss": 0.13314276933670044,
  "total_time_s": 19.819806814193726,
  "stopped_epoch": 27
}