{
  "train_loss": [
    0.17490365893849524,
    0.17274310224222175,
    0.1718029968795322,
    0.1708746334135314,
    0.165394738644034,
    0.16610820706074053,
    0.16210799508697385,
    0.15418755664275244,
    0.1576502854789133,
    0.15396407917960658,
    0.15382838669495705,
    0.15615767327857105,
    0.15459201100108388,
    0.14525790397937483,
    0.14315778770289578,
    0.14310103545695435,
    0.14325735930885589,
    0.14330624633437986,
    0.14629689574023305,
    0.14425816034877692,
    0.1422335990728476,
    0.13722905532999352,
    0.13545357247630319,
    0.14977007869617406,
    0.13581787617433638,
    0.1422699681677661,
    0.14028130897453853,
    0.13060588436030643,
    0.13308181149728132,
    0.13459556361476144,
    0.14068230571764292,
    0.13567227572748514
  ],
  "train_acc": [
    0.47802197802197804,
    0.5201465201465202,
    0.5531135531135531,
    0.5586080586080586,
    0.6282051282051282,
    0.6135531135531136,
    0.6355311355311355,
    0.7234432234432234,
    0.6923076923076923,
    0.6923076923076923,
    0.706959706959707,
    0.6684981684981685,
    0.6813186813186813,
    0.7380952380952381,
    0.7490842490842491,
    0.7435897435897436,
    0.7362637362637363,
    0.7234432234432234,
    0.7271062271062271,
    0.73992673992674,
    0.7161172161172161,
    0.7417582417582418,
    0.793040293040293,
    0.7142857142857143,
    0.7509157509157509,
    0.7417582417582418,
    0.7380952380952381,
    0.7710622710622711,
    0.7728937728937729,
    0.7545787545787546,
    0.7472527472527473,
    0.7527472527472527
  ],
  "val_loss": [
    0.18180020153522491,
    0.18157033622264862,
    0.18349134922027588,
    0.18675726652145386,
    0.2001032829284668,
    0.21552711725234985,
    0.22431938350200653,
    0.24175609648227692,
    0.2534176707267761,
    0.2552444338798523,
    0.26041358709335327,
    0.1956821084022522,
    0.15471622347831726,
    0.1422952562570572,
    0.15694916248321533,
    0.1515122503042221,
    0.1673356294631958,
    0.17149344086647034,
    0.1469329446554184,
    0.14087888598442078,
    0.14350467920303345,
    0.13703139126300812,
    0.15658892691135406,
    0.1588624119758606,
    0.1405615508556366,
    0.150267094373703,
    0.1583220511674881,
    0.15033602714538574,
    0.14720597863197327,
    0.14091378450393677,
    0.14460043609142303,
    0.15605662763118744
  ],
  "val_acc": [
    0.2692307692307692,
    0.2692307692307692,
    0.2692307692307692,
    0.2692307692307692,
    0.2692307692307692,
    0.2692307692307692,
    0.2692307692307692,
    0.2692307692307692,
    0.2692307692307692,
    0.2692307692307692,
    0.28205128205128205,
    0.5256410256410257,
    0.6666666666666666,
    0.7692307692307693,
    0.7051282051282052,
    0.6923076923076923,
    0.6666666666666666,
    0.6666666666666666,
    0.717948717948718,
    0.782051282051282,
    0.782051282051282,
    0.782051282051282,
    0.7051282051282052,
    0.6794871794871795,
    0.7435897435897436,
    0.7307692307692307,
    0.6794871794871795,
    0.6923076923076923,
    0.717948717948718,
    0.7307692307692307,
    0.7307692307692307,
    0.6794871794871795
  ],
  "best_val_loss": 0.13703139126300812,
  "total_time_s": 21.964682817459106,
  "stopped_epoch": 32
}