{
  "weighted_f1": 0.8872006359696668,
  "macro_f1": 0.8652436369364631,
  "weighted_accuracy": 0.8881615598885794,
  "weighted_precision": 0.8911854027743876,
  "weighted_recall": 0.8881615598885794,
  "per_class_auc": [
    0.9926542193046691,
    0.9997526123446626,
    0.9902772585387687,
    0.9973338403012507,
    0.9441242438178796,
    0.9880820882357768,
    0.9903579716970159,
    0.9633046674109894,
    0.9872019001040688
  ],
  "mean_auc": 0.9836765335283424,
  "confusion_matrix": [
    [
      1326,
      1,
      3,
      0,
      0,
      5,
      3,
      0,
      0
    ],
    [
      4,
      785,
      33,
      1,
      23,
      1,
      0,
      0,
      0
    ],
    [
      0,
      0,
      272,
      5,
      1,
      50,
      0,
      11,
      0
    ],
    [
      0,
      0,
      3,
      631,
      0,
      0,
      0,
      0,
      0
    ],
    [
      192,
      1,
      8,
      0,
      816,
      9,
      7,
      1,
      1
    ],
    [
      0,
      0,
      7,
      0,
      3,
      489,
      0,
      93,
      0
    ],
    [
      0,
      0,
      0,
      29,
      0,
      0,
      701,
      1,
      10
    ],
    [
      0,
      1,
      15,
      5,
      24,
      56,
      2,
      279,
      39
    ],
    [
      0,
      0,
      16,
      53,
      16,
      3,
      63,
      4,
      1078
    ]
  ],
  "report": "              precision    recall  f1-score   support\n\n           0       0.87      0.99      0.93      1338\n           1       1.00      0.93      0.96       847\n           2       0.76      0.80      0.78       339\n           3       0.87      1.00      0.93       634\n           4       0.92      0.79      0.85      1035\n           5       0.80      0.83      0.81       592\n           6       0.90      0.95      0.92       741\n           7       0.72      0.66      0.69       421\n           8       0.96      0.87      0.91      1233\n\n    accuracy                           0.89      7180\n   macro avg       0.87      0.87      0.87      7180\nweighted avg       0.89      0.89      0.89      7180\n",
  "seed": 0
}