{
  "weighted_f1": {
    "mean": 0.9932010501597295,
    "std": NaN,
    "min": 0.9932010501597295,
    "max": 0.9932010501597295,
    "values": [
      0.9932010501597295
    ]
  },
  "macro_f1": {
    "mean": 0.9931220727826693,
    "std": NaN,
    "min": 0.9931220727826693,
    "max": 0.9931220727826693,
    "values": [
      0.9931220727826693
    ]
  },
  "weighted_accuracy": {
    "mean": 0.9932,
    "std": NaN,
    "min": 0.9932,
    "max": 0.9932,
    "values": [
      0.9932
    ]
  },
  "mean_auc": {
    "mean": 0.9998870736876837,
    "std": NaN,
    "min": 0.9998870736876837,
    "max": 0.9998870736876837,
    "values": [
      0.9998870736876837
    ]
  },
  "best_seed_idx": 0,
  "n_runs": 1
}