{
  "weighted_f1": {
    "mean": 0.019307904278462656,
    "std": NaN,
    "min": 0.019307904278462656,
    "max": 0.019307904278462656,
    "values": [
      0.019307904278462656
    ]
  },
  "macro_f1": {
    "mean": 0.018709209572153735,
    "std": NaN,
    "min": 0.018709209572153735,
    "max": 0.018709209572153735,
    "values": [
      0.018709209572153735
    ]
  },
  "weighted_accuracy": {
    "mean": 0.1032,
    "std": NaN,
    "min": 0.1032,
    "max": 0.1032,
    "values": [
      0.1032
    ]
  },
  "mean_auc": {
    "mean": 0.48071950818182385,
    "std": NaN,
    "min": 0.48071950818182385,
    "max": 0.48071950818182385,
    "values": [
      0.48071950818182385
    ]
  },
  "best_seed_idx": 0,
  "n_runs": 1
}