{
  "weighted_f1": 0.6398049343297786,
  "macro_f1": 0.4048480261224339,
  "weighted_accuracy": 0.5740648379052369,
  "weighted_precision": 0.7723534271103422,
  "weighted_recall": 0.5740648379052369,
  "per_class_auc": [
    0.8930876584306187,
    0.9366839198391064,
    0.8508607079195315,
    0.7735050234721185,
    0.8476997176548746,
    0.9020208350179241,
    0.9774012285355298
  ],
  "mean_auc": 0.8830370129813863,
  "confusion_matrix": [
    [
      31,
      16,
      6,
      9,
      3,
      1,
      0
    ],
    [
      12,
      47,
      4,
      23,
      3,
      2,
      12
    ],
    [
      32,
      13,
      66,
      61,
      29,
      11,
      8
    ],
    [
      4,
      3,
      0,
      16,
      0,
      0,
      0
    ],
    [
      19,
      3,
      16,
      25,
      114,
      31,
      15
    ],
    [
      14,
      11,
      34,
      204,
      160,
      849,
      69
    ],
    [
      0,
      0,
      0,
      1,
      0,
      0,
      28
    ]
  ],
  "report": "              precision    recall  f1-score   support\n\n           0       0.28      0.47      0.35        66\n           1       0.51      0.46      0.48       103\n           2       0.52      0.30      0.38       220\n           3       0.05      0.70      0.09        23\n           4       0.37      0.51      0.43       223\n           5       0.95      0.63      0.76      1341\n           6       0.21      0.97      0.35        29\n\n    accuracy                           0.57      2005\n   macro avg       0.41      0.58      0.40      2005\nweighted avg       0.77      0.57      0.64      2005\n",
  "seed": 0
}