{
  "weighted_f1": 0.8162301869157828,
  "macro_f1": 0.8162301869157826,
  "weighted_accuracy": 0.8151,
  "weighted_precision": 0.819702837669683,
  "weighted_recall": 0.8151,
  "per_class_auc": [
    0.9852004444444443,
    0.993702,
    0.9692035555555556,
    0.950726,
    0.9765377777777777,
    0.967664,
    0.9865878888888888,
    0.9877537777777777,
    0.9929507222222221,
    0.9905476666666667
  ],
  "mean_auc": 0.9800873833333332,
  "confusion_matrix": [
    [
      875,
      15,
      22,
      16,
      10,
      1,
      1,
      11,
      31,
      18
    ],
    [
      17,
      929,
      2,
      2,
      0,
      3,
      1,
      2,
      7,
      37
    ],
    [
      64,
      1,
      747,
      60,
      54,
      25,
      25,
      16,
      5,
      3
    ],
    [
      18,
      2,
      38,
      703,
      36,
      126,
      34,
      33,
      7,
      3
    ],
    [
      15,
      2,
      53,
      56,
      764,
      32,
      11,
      63,
      4,
      0
    ],
    [
      9,
      1,
      32,
      154,
      27,
      732,
      8,
      34,
      0,
      3
    ],
    [
      8,
      3,
      51,
      86,
      28,
      26,
      792,
      4,
      1,
      1
    ],
    [
      12,
      0,
      18,
      25,
      21,
      46,
      1,
      873,
      2,
      2
    ],
    [
      84,
      16,
      6,
      9,
      0,
      3,
      3,
      0,
      868,
      11
    ],
    [
      22,
      59,
      5,
      16,
      1,
      2,
      1,
      8,
      18,
      868
    ]
  ],
  "report": "              precision    recall  f1-score   support\n\n           0       0.78      0.88      0.82      1000\n           1       0.90      0.93      0.92      1000\n           2       0.77      0.75      0.76      1000\n           3       0.62      0.70      0.66      1000\n           4       0.81      0.76      0.79      1000\n           5       0.73      0.73      0.73      1000\n           6       0.90      0.79      0.84      1000\n           7       0.84      0.87      0.85      1000\n           8       0.92      0.87      0.89      1000\n           9       0.92      0.87      0.89      1000\n\n    accuracy                           0.82     10000\n   macro avg       0.82      0.82      0.82     10000\nweighted avg       0.82      0.82      0.82     10000\n",
  "seed": 0
}