{
  "weighted_f1": {
    "mean": 0.4956312447979063,
    "std": NaN,
    "min": 0.4956312447979063,
    "max": 0.4956312447979063,
    "values": [
      0.4956312447979063
    ]
  },
  "macro_f1": {
    "mean": 0.4956312447979063,
    "std": NaN,
    "min": 0.4956312447979063,
    "max": 0.4956312447979063,
    "values": [
      0.4956312447979063
    ]
  },
  "weighted_accuracy": {
    "mean": 0.505,
    "std": NaN,
    "min": 0.505,
    "max": 0.505,
    "values": [
      0.505
    ]
  },
  "mean_auc": {
    "mean": 0.9668043030303031,
    "std": NaN,
    "min": 0.9668043030303031,
    "max": 0.9668043030303031,
    "values": [
      0.9668043030303031
    ]
  },
  "best_seed_idx": 0,
  "n_runs": 1
}