{
  "weighted_f1": 0.8667671629501653,
  "macro_f1": 0.8375398706013172,
  "weighted_accuracy": 0.8672701949860724,
  "weighted_precision": 0.8785726211123044,
  "weighted_recall": 0.8672701949860724,
  "per_class_auc": [
    0.989458071006868,
    0.9999479870717113,
    0.9930300517571695,
    0.9963473732604302,
    0.9635202415065859,
    0.9859439357390177,
    0.9857618438919883,
    0.9508293507838058,
    0.9915610329742953
  ],
  "mean_auc": 0.9840444319990969,
  "confusion_matrix": [
    [
      1299,
      25,
      1,
      4,
      1,
      1,
      1,
      0,
      6
    ],
    [
      6,
      841,
      0,
      0,
      0,
      0,
      0,
      0,
      0
    ],
    [
      0,
      0,
      258,
      10,
      0,
      48,
      0,
      23,
      0
    ],
    [
      0,
      0,
      0,
      634,
      0,
      0,
      0,
      0,
      0
    ],
    [
      186,
      1,
      0,
      3,
      825,
      11,
      7,
      0,
      2
    ],
    [
      0,
      0,
      4,
      1,
      2,
      481,
      0,
      104,
      0
    ],
    [
      0,
      0,
      0,
      117,
      1,
      0,
      621,
      0,
      2
    ],
    [
      0,
      1,
      4,
      41,
      13,
      110,
      7,
      211,
      34
    ],
    [
      0,
      0,
      7,
      121,
      4,
      2,
      41,
      1,
      1057
    ]
  ],
  "report": "              precision    recall  f1-score   support\n\n           0       0.87      0.97      0.92      1338\n           1       0.97      0.99      0.98       847\n           2       0.94      0.76      0.84       339\n           3       0.68      1.00      0.81       634\n           4       0.98      0.80      0.88      1035\n           5       0.74      0.81      0.77       592\n           6       0.92      0.84      0.88       741\n           7       0.62      0.50      0.56       421\n           8       0.96      0.86      0.91      1233\n\n    accuracy                           0.87      7180\n   macro avg       0.85      0.84      0.84      7180\nweighted avg       0.88      0.87      0.87      7180\n",
  "seed": 0
}