{
  "train_loss": [
    3.5145827757674146,
    2.214711590955697,
    1.1224638395321602,
    0.7963306184734645,
    0.6341425912706348,
    0.5498267649186296,
    0.5002692555763404,
    0.47724269584973383,
    0.4569756764421649,
    0.4430361453668486,
    0.43642216890467966,
    0.4217766807458111,
    0.414570579841771,
    0.4112585038579716,
    0.4078682171356506,
    0.4037721834146278,
    0.39603300029277394,
    0.3920564695040655,
    0.3923905129491422,
    0.39625052919100173,
    0.3857111209970262,
    0.37916907344010287,
    0.39103214687073545,
    0.3813479067211751,
    0.3812553990970958,
    0.38251592108731364,
    0.3771337791074609,
    0.3751010005769835,
    0.3824548988192387,
    0.37560331292241533,
    0.37487442795260034,
    0.3817872665600951,
    0.37386059581271247,
    0.3764547193668207,
    0.36858363501480707,
    0.3736799556062499,
    0.3716876041919575,
    0.36288744403633305,
    0.3703782738470484,
    0.36386181729368566,
    0.36280735202937586,
    0.36596649469920106,
    0.3589584286575512,
    0.3684949785749489,
    0.3692763860486986,
    0.358448970641944,
    0.3567461012629199,
    0.3618876932532279,
    0.36212583733192416,
    0.3628073688675614,
    0.35817768432978564,
    0.36127635709998357,
    0.3564100766343998,
    0.3568739750016617,
    0.3590697279752263,
    0.3572706385699996,
    0.35758409716866235,
    0.355449609566059,
    0.3564798298181876,
    0.3556673135560959,
    0.3482377623083638,
    0.3517358409669709,
    0.3482215602264226,
    0.35187713018188865,
    0.3504004420723668,
    0.3516194311966811,
    0.35124206287230897,
    0.34685186903762333,
    0.3504601822328851,
    0.3520906911427021,
    0.3479192622809868,
    0.35355899517781264,
    0.3522797896381952,
    0.34795866143227433,
    0.3494811688273664,
    0.35094392816191927,
    0.3457516549295962,
    0.3476041515398147,
    0.3510248236921549,
    0.34890668191642404,
    0.3484102384509327,
    0.34836423308442177,
    0.3486603755969159,
    0.3451624485072992,
    0.3499067269246661,
    0.3431065544903835,
    0.34820240181486994,
    0.35036726550419856,
    0.34412313649587545,
    0.3488936435902838,
    0.3430890938996661,
    0.3434894328767603,
    0.34838097928030165,
    0.3460941722105394,
    0.3450549265390346,
    0.3469145402324939,
    0.3493994107262604,
    0.34504086561595976,
    0.34567315239671337,
    0.34395633322663904
  ],
  "train_acc": [
    0.7421410365335599,
    0.7304587935429057,
    0.7272727272727273,
    0.836661002548853,
    0.8740441801189465,
    0.8906117247238743,
    0.903355989804588,
    0.9029311809685642,
    0.9114273576890399,
    0.9090909090909091,
    0.9076040781648258,
    0.9158878504672897,
    0.9137638062871708,
    0.9169498725573492,
    0.9203483432455395,
    0.9216227697536109,
    0.9228971962616822,
    0.929269328802039,
    0.9237468139337298,
    0.9288445199660152,
    0.927357689039932,
    0.9320305862361937,
    0.927570093457944,
    0.9328802039082413,
    0.9303313508920985,
    0.9322429906542056,
    0.9316057774001699,
    0.9381903143585386,
    0.9303313508920985,
    0.9324553950722175,
    0.933517417162277,
    0.9337298215802888,
    0.933305012744265,
    0.9322429906542056,
    0.9390399320305862,
    0.9299065420560748,
    0.9401019541206457,
    0.9401019541206457,
    0.9373406966864911,
    0.9420135938827527,
    0.9356414613423959,
    0.9405267629566695,
    0.9407391673746814,
    0.9330926083262532,
    0.9341546304163126,
    0.9439252336448598,
    0.9401019541206457,
    0.9373406966864911,
    0.9403143585386576,
    0.93946474086661,
    0.9428632115548004,
    0.9424384027187765,
    0.9458368734069669,
    0.9392523364485982,
    0.9432880203908242,
    0.9451996601529312,
    0.9430756159728122,
    0.9401019541206457,
    0.947536108751062,
    0.9449872557349193,
    0.9511469838572643,
    0.9462616822429907,
    0.9511469838572643,
    0.9449872557349193,
    0.9473237043330501,
    0.9449872557349193,
    0.9471112999150383,
    0.9481733220050977,
    0.9507221750212405,
    0.9439252336448598,
    0.949447748513169,
    0.9441376380628717,
    0.9443500424808836,
    0.9454120645709431,
    0.9473237043330501,
    0.9488105352591334,
    0.9488105352591334,
    0.9471112999150383,
    0.9449872557349193,
    0.947536108751062,
    0.947536108751062,
    0.9498725573491928,
    0.9447748513169074,
    0.9483857264231096,
    0.949447748513169,
    0.9483857264231096,
    0.9466864910790145,
    0.9454120645709431,
    0.9511469838572643,
    0.9488105352591334,
    0.9517841971112999,
    0.949447748513169,
    0.949447748513169,
    0.9492353440951572,
    0.9513593882752761,
    0.9490229396771452,
    0.9483857264231096,
    0.9460492778249787,
    0.9500849617672048,
    0.9483857264231096
  ],
  "val_loss": [
    0.7369503219619052,
    0.7209708808942605,
    0.6563995130189503,
    0.5915730204291016,
    0.4213117943465255,
    0.45760868978864366,
    0.4788197879572861,
    0.38986993973491757,
    0.4325392036947585,
    0.4686305136171006,
    0.44517975772610147,
    0.4570178496473618,
    0.4287269324746751,
    0.47153654307809495,
    0.4522763713625551,
    0.4132986369023796,
    0.4188712002666852,
    0.3689356409866391,
    0.39435928422986094,
    0.3952204380326599,
    0.40294225070312734,
    0.4588846286744562,
    0.3859927617866574,
    0.39070697845393465,
    0.3640378131211259,
    0.40752419852118454,
    0.3759220606498136,
    0.38928500272845495,
    0.3468268923177064,
    0.3775006141371399,
    0.4063534254336175,
    0.36160831369516505,
    0.34910811677233866,
    0.35323784028300803,
    0.4049029398055477,
    0.3570089651883103,
    0.3646843203606496,
    0.36558876852042804,
    0.3708476312742888,
    0.35031416375218455,
    0.35640455020293027,
    0.3429539303743202,
    0.3546591783297881,
    0.4227372985759764,
    0.36000922322273254,
    0.3418841857946556,
    0.3578507420215898,
    0.34792113759135473,
    0.35887646220112573,
    0.35013038761743154,
    0.3710601787075742,
    0.35935962564162627,
    0.3441037287693897,
    0.34984143408200213,
    0.36094522771944526,
    0.35142460488181076,
    0.34071759868214146,
    0.3562961507389564,
    0.341834562425395,
    0.3506968794888212,
    0.34238442937836394,
    0.34368484370581065,
    0.33302301441440146,
    0.34210634254317246,
    0.34885795789820545,
    0.331161072235981,
    0.3373424820317567,
    0.33605303109147167,
    0.3403736625918905,
    0.3360601608989803,
    0.3386532787148279,
    0.33678270068787436,
    0.34571850709332763,
    0.3367206765950181,
    0.33844548168073174,
    0.33706349066195596,
    0.330026040322908,
    0.33302152839325766,
    0.3406113468053687,
    0.33712964112522037,
    0.33635950497998535,
    0.3354593911243759,
    0.3339401660984709,
    0.3352443202761293,
    0.3342245191563177,
    0.3332371927854669,
    0.3395008892958401,
    0.33631811433166037,
    0.33506810460381836,
    0.33626318341903105,
    0.33414650168127685,
    0.33373420588842784,
    0.3328825144367364,
    0.3327465323546461,
    0.33332464599427375,
    0.33476446330092335,
    0.33307340081411463,
    0.3337202927538457,
    0.33284003816488134,
    0.3335568281530424
  ],