{
  "weighted_f1": {
    "mean": 0.8959263363537011,
    "std": NaN,
    "min": 0.8959263363537011,
    "max": 0.8959263363537011,
    "values": [
      0.8959263363537011
    ]
  },
  "macro_f1": {
    "mean": 0.895926336353701,
    "std": NaN,
    "min": 0.895926336353701,
    "max": 0.895926336353701,
    "values": [
      0.895926336353701
    ]
  },
  "weighted_accuracy": {
    "mean": 0.8955,
    "std": NaN,
    "min": 0.8955,
    "max": 0.8955,
    "values": [
      0.8955
    ]
  },
  "mean_auc": {
    "mean": 0.9887851388888891,
    "std": NaN,
    "min": 0.9887851388888891,
    "max": 0.9887851388888891,
    "values": [
      0.9887851388888891
    ]
  },
  "best_seed_idx": 0,
  "n_runs": 1
}