{
  "train_loss": [
    2.195959594133165,
    1.923290765592787,
    1.7930756105634902,
    1.710259211285909,
    1.6280119971381293,
    1.5637875585767957,
    1.5089370467503866,
    1.4598386440700954,
    1.4263530081007216,
    1.3931316630681356,
    1.3683072854571872,
    1.3531642688327365,
    1.3318408600913154,
    1.314998709848192,
    1.2953302647060818,
    1.2803760710398355,
    1.2663900682661269,
    1.251933416197035,
    1.2427294496536254,
    1.2297085006290012,
    1.216147876018948,
    1.2084130771636963,
    1.1982244821124606,
    1.1867948678758409,
    1.1792750799179077,
    1.168956142086453,
    1.1648099372651841,
    1.154952748743693,
    1.1440546763949924,
    1.1332779623031617,
    1.1302324396769206,
    1.124139748870002,
    1.1171947212643094,
    1.1077211417728001,
    1.102640827009413,
    1.1017616721895005,
    1.0917382673899332,
    1.0907811709721884,
    1.0867388314353095,
    1.0801231868955825,
    1.0797311355166965,
    1.0751387551413643,
    1.0713074472003512,
    1.0720654080073038,
    1.0714393250571357,
    1.0679669880972968,
    1.0675642053392198,
    1.0627200893825954,
    1.0610603483412,
    1.064545878982544
  ],
  "train_acc": [
    0.19011111111111112,
    0.28935555555555553,
    0.3678888888888889,
    0.42748888888888886,
    0.4878222222222222,
    0.5232444444444444,
    0.5528444444444445,
    0.5810888888888889,
    0.5981777777777778,
    0.6163555555555555,
    0.6287777777777778,
    0.6350888888888889,
    0.6465333333333333,
    0.6566,
    0.6651111111111111,
    0.6758222222222222,
    0.6823333333333333,
    0.6894444444444444,
    0.6947555555555556,
    0.7033555555555555,
    0.7109333333333333,
    0.7121333333333333,
    0.7174,
    0.7244444444444444,
    0.7307111111111111,
    0.7338888888888889,
    0.7348222222222223,
    0.7408,
    0.7447111111111111,
    0.7496222222222222,
    0.7552222222222222,
    0.7552888888888889,
    0.7584,
    0.7632,
    0.7661777777777777,
    0.7664222222222222,
    0.7715111111111111,
    0.7727333333333334,
    0.7759333333333334,
    0.7774222222222222,
    0.7784444444444445,
    0.7806444444444445,
    0.7830222222222222,
    0.7835777777777778,
    0.7825555555555556,
    0.7840666666666667,
    0.7831777777777778,
    0.7850666666666667,
    0.7860222222222222,
    0.7872222222222223
  ],
  "val_loss": [
    2.023565100479126,
    1.7831869918823242,
    1.6751872022628784,
    1.6044259963989258,
    1.4824132217407227,
    1.4483863004684447,
    1.378752542114258,
    1.3501195571899414,
    1.3083706203460694,
    1.2913756895065307,
    1.2521792066574096,
    1.2325073780059814,
    1.2287644115447998,
    1.2010288365364075,
    1.1860250104904175,
    1.1571539264678956,
    1.1422237308502197,
    1.1358963618278504,
    1.127740962791443,
    1.1088342054367066,
    1.134361553478241,
    1.115291304397583,
    1.0715815692901611,
    1.0856381943702698,
    1.0858898739814757,
    1.0687574864387512,
    1.0493698986053466,
    1.0313987648010254,
    1.0321113651275635,
    1.0598035749435424,
    1.0347591365814208,
    1.0273197490692139,
    1.0080168815612793,
    1.001863427734375,
    1.0105104481697083,
    1.0114094982147217,
    0.9976559435844421,
    1.0014736534118653,
    0.989886833190918,
    0.9983895729064941,
    0.9815276021957398,
    0.987629223060608,
    0.9852197075843812,
    0.980731034374237,
    0.9787275638580323,
    0.9810404413223267,
    0.979471997833252,
    0.9787937711715698,
    0.9785941425323487,
    0.9771195152282715
  ],
  "val_acc": [
    0.209,
    0.3616,
    0.4312,
    0.479,
    0.5464,
    0.5614,
    0.5956,
    0.6084,
    0.6252,
    0.637,
    0.6478,
    0.67,
    0.667,
    0.6798,
    0.6892,
    0.7022,
    0.7158,
    0.7204,
    0.716,
    0.7312,
    0.7098,
    0.7308,
    0.7488,
    0.7424,
    0.7442,
    0.7474,
    0.7616,
    0.7694,
    0.769,
    0.7556,
    0.7684,
    0.771,
    0.7824,
    0.784,
    0.7776,
    0.7782,
    0.7844,
    0.7836,
    0.7854,
    0.7872,
    0.795,
    0.7928,
    0.7928,
    0.7936,
    0.7948,
    0.7934,
    0.7938,
    0.7924,
    0.7926,
    0.794
  ],
  "best_val_loss": 0.9771195152282715,
  "total_time_s": 3439.9417078495026,
  "stopped_epoch": 50
}