{
  "weighted_f1": 0.8267450142450142,
  "macro_f1": 0.7893518518518519,
  "weighted_accuracy": 0.8205128205128205,
  "weighted_precision": 0.8429696664990782,
  "weighted_recall": 0.8205128205128205,
  "per_class_auc": [
    0.9152046783625731
  ],
  "mean_auc": 0.9152046783625731,
  "confusion_matrix": [
    [
      34,
      8
    ],
    [
      20,
      94
    ]
  ],
  "report": "              precision    recall  f1-score   support\n\n           0       0.63      0.81      0.71        42\n           1       0.92      0.82      0.87       114\n\n    accuracy                           0.82       156\n   macro avg       0.78      0.82      0.79       156\nweighted avg       0.84      0.82      0.83       156\n",
  "seed": 0
}