{
  "weighted_f1": {
    "mean": 0.3650467137932494,
    "std": 0.005007956359448756,
    "min": 0.3581628342179916,
    "max": 0.3760054843535718,
    "values": [
      0.36485152048192193,
      0.3581628342179916,
      0.36894591082854794,
      0.36744201072503274,
      0.3760054843535718,
      0.36550884855145865,
      0.3619077586481353,
      0.36346469061443765,
      0.3601930136691582,
      0.36398506584223816
    ]
  },
  "macro_f1": {
    "mean": 0.36504671379324943,
    "std": 0.005007956359448751,
    "min": 0.3581628342179916,
    "max": 0.3760054843535718,
    "values": [
      0.364851520481922,
      0.3581628342179916,
      0.36894591082854783,
      0.36744201072503274,
      0.3760054843535718,
      0.3655088485514586,
      0.3619077586481352,
      0.36346469061443754,
      0.36019301366915824,
      0.36398506584223816
    ]
  },
  "weighted_accuracy": {
    "mean": 0.39049999999999996,
    "std": 0.004712866549257588,
    "min": 0.3842,
    "max": 0.4009,
    "values": [
      0.3908,
      0.3842,
      0.3936,
      0.3924,
      0.4009,
      0.3918,
      0.3871,
      0.3893,
      0.3858,
      0.3891
    ]
  },
  "mean_auc": {
    "mean": 0.9531622924242423,
    "std": 0.0008432153948743024,
    "min": 0.9514174545454547,
    "max": 0.9540823686868687,
    "values": [
      0.9528491919191918,
      0.9527623737373736,
      0.954055616161616,
      0.9523833787878789,
      0.9540071161616162,
      0.9540823686868687,
      0.9532495555555555,
      0.9534490909090908,
      0.9514174545454547,
      0.9533667777777776
    ]
  },
  "best_seed_idx": 4,
  "n_runs": 10
}