{
  "train_loss": [
    2.136953820304871,
    1.3315250160217285,
    0.9643589617156982,
    0.8490898245239258,
    0.7869315695571899,
    0.7507355965042114,
    0.7285521887207032,
    0.7071966006660462,
    0.6927017455482483,
    0.6843639443969727,
    0.674135954208374,
    0.6704406063079834,
    0.6629219526672363,
    0.6602965089035034,
    0.6571289841270447,
    0.6552879724502564,
    0.6529426392745972,
    0.6507032566070556,
    0.6467625246047973,
    0.6464693306350708,
    0.6439493995285034,
    0.6426905304527283,
    0.6414585154342651,
    0.6397612036132813,
    0.6385274940490723,
    0.6375179370498657,
    0.6333140166091918,
    0.6324941288375855,
    0.6312562386703491,
    0.6314955170059204,
    0.6289735577964782,
    0.6270468272781372,
    0.6270520247077942,
    0.6253520109176636,
    0.6240322573852539,
    0.6231465211105347,
    0.6219433647537231,
    0.6205728119468689,
    0.6196541062164307,
    0.6189409912872315,
    0.6184623631858825,
    0.6180286387252808,
    0.6184702278900146,
    0.6156284931564331,
    0.6159388755226135,
    0.6159928142356873,
    0.6151215508270264,
    0.6142011681747437,
    0.6165181813812256,
    0.6139578150558471
  ],
  "train_acc": [
    0.2311,
    0.64204,
    0.84092,
    0.90136,
    0.92958,
    0.94204,
    0.95122,
    0.95784,
    0.96364,
    0.96536,
    0.96894,
    0.97088,
    0.97326,
    0.97406,
    0.9747,
    0.97528,
    0.97554,
    0.97708,
    0.97808,
    0.97788,
    0.97962,
    0.97996,
    0.98004,
    0.98096,
    0.98066,
    0.98178,
    0.98298,
    0.98352,
    0.98334,
    0.98352,
    0.98472,
    0.98554,
    0.98474,
    0.98576,
    0.98726,
    0.98708,
    0.98722,
    0.9872,
    0.98806,
    0.98824,
    0.98872,
    0.98832,
    0.98856,
    0.98962,
    0.98968,
    0.98982,
    0.98964,
    0.98988,
    0.99022,
    0.9906
  ],
  "val_loss": [
    1.8432974628448486,
    0.8638532346725464,
    0.7801176597595215,
    0.6538823082923889,
    0.6156892526626587,
    0.6100174377441406,
    0.5976609625816345,
    0.5718802527427673,
    0.5684962430953979,
    0.6018129466056824,
    0.5576613203048706,
    0.5578147082328796,
    0.5519600771903992,
    0.5517650650024414,
    0.5523687297821045,
    0.5449844476699829,
    0.5427762375831604,
    0.5496907768249512,
    0.5423017814636231,
    0.5430929306030273,
    0.5370826450347901,
    0.5389400390625,
    0.5400239472389221,
    0.537369655418396,
    0.5360014039993286,
    0.5312898468017578,
    0.5328877077102662,
    0.5309358491897583,
    0.5326341903686523,
    0.5287711310386658,
    0.5275285805702209,
    0.527451686668396,
    0.5255001797676087,
    0.5290110774040222,
    0.5262989184379577,
    0.524666433429718,
    0.5247678580284119,
    0.5227942938804626,
    0.5232011253356934,
    0.521255376625061,
    0.5215760601043701,
    0.5236085489273071,
    0.5225049669265747,
    0.5218245525360108,
    0.5211488782882691,
    0.5205480262756348,
    0.5198946697235107,
    0.5201463339805603,
    0.5200804654121399,
    0.5203543594360351
  ],
  "val_acc": [
    0.3672,
    0.8707,
    0.9061,
    0.9515,
    0.9644,
    0.9647,
    0.9683,
    0.9773,
    0.9776,
    0.9641,
    0.9821,
    0.9815,
    0.9833,
    0.9835,
    0.9822,
    0.985,
    0.9859,
    0.9843,
    0.987,
    0.9864,
    0.989,
    0.9878,
    0.9869,
    0.9878,
    0.9901,
    0.991,
    0.9904,
    0.9912,
    0.9895,
    0.9926,
    0.9923,
    0.9919,
    0.9931,
    0.9917,
    0.9921,
    0.9928,
    0.9926,
    0.994,
    0.9936,
    0.9941,
    0.994,
    0.9933,
    0.9941,
    0.9938,
    0.994,
    0.9943,
    0.9945,
    0.9949,
    0.9947,
    0.9949
  ],
  "best_val_loss": 0.5198946697235107,
  "total_time_s": 3006.7779109477997,
  "stopped_epoch": 50
}