{
  "weighted_f1": {
    "mean": 0.8515675971575886,
    "std": NaN,
    "min": 0.8515675971575886,
    "max": 0.8515675971575886,
    "values": [
      0.8515675971575886
    ]
  },
  "macro_f1": {
    "mean": 0.8515675971575882,
    "std": NaN,
    "min": 0.8515675971575882,
    "max": 0.8515675971575882,
    "values": [
      0.8515675971575882
    ]
  },
  "weighted_accuracy": {
    "mean": 0.8505,
    "std": NaN,
    "min": 0.8505,
    "max": 0.8505,
    "values": [
      0.8505
    ]
  },
  "mean_auc": {
    "mean": 0.9855714333333333,
    "std": NaN,
    "min": 0.9855714333333333,
    "max": 0.9855714333333333,
    "values": [
      0.9855714333333333
    ]
  },
  "best_seed_idx": 0,
  "n_runs": 1
}