{
  "weighted_f1": {
    "mean": 0.8366366366366367,
    "std": NaN,
    "min": 0.8366366366366367,
    "max": 0.8366366366366367,
    "values": [
      0.8366366366366367
    ]
  },
  "macro_f1": {
    "mean": 0.796996996996997,
    "std": NaN,
    "min": 0.796996996996997,
    "max": 0.796996996996997,
    "values": [
      0.796996996996997
    ]
  },
  "weighted_accuracy": {
    "mean": 0.8333333333333334,
    "std": NaN,
    "min": 0.8333333333333334,
    "max": 0.8333333333333334,
    "values": [
      0.8333333333333334
    ]
  },
  "mean_auc": {
    "mean": 0.9087301587301587,
    "std": NaN,
    "min": 0.9087301587301587,
    "max": 0.9087301587301587,
    "values": [
      0.9087301587301587
    ]
  },
  "best_seed_idx": 0,
  "n_runs": 1
}