{
  "weighted_f1": {
    "mean": 0.8860543334285642,
    "std": NaN,
    "min": 0.8860543334285642,
    "max": 0.8860543334285642,
    "values": [
      0.8860543334285642
    ]
  },
  "macro_f1": {
    "mean": 0.8757499415629951,
    "std": NaN,
    "min": 0.8757499415629951,
    "max": 0.8757499415629951,
    "values": [
      0.8757499415629951
    ]
  },
  "weighted_accuracy": {
    "mean": 0.8894230769230769,
    "std": NaN,
    "min": 0.8894230769230769,
    "max": 0.8894230769230769,
    "values": [
      0.8894230769230769
    ]
  },
  "mean_auc": {
    "mean": 0.9656804733727811,
    "std": NaN,
    "min": 0.9656804733727811,
    "max": 0.9656804733727811,
    "values": [
      0.9656804733727811
    ]
  },
  "best_seed_idx": 0,
  "n_runs": 1
}