{
  "weighted_f1": 0.9971169476744276,
  "macro_f1": 0.9971082366178808,
  "weighted_accuracy": 0.9971133028626413,
  "weighted_precision": 0.9971308449556135,
  "weighted_recall": 0.9971133028626413,
  "per_class_auc": [
    0.9999993576278481,
    0.9999976676180841,
    0.9999537984496124,
    0.9999666506212109
  ],
  "mean_auc": 0.9999793685791888,
  "confusion_matrix": [
    [
      978,
      0,
      2,
      0
    ],
    [
      0,
      1131,
      4,
      0
    ],
    [
      1,
      0,
      1030,
      1
    ],
    [
      0,
      0,
      4,
      1006
    ]
  ],
  "report": "              precision    recall  f1-score   support\n\n           0       1.00      1.00      1.00       980\n           1       1.00      1.00      1.00      1135\n           2       0.99      1.00      0.99      1032\n           3       1.00      1.00      1.00      1010\n\n    accuracy                           1.00      4157\n   macro avg       1.00      1.00      1.00      4157\nweighted avg       1.00      1.00      1.00      4157\n",
  "seed": 0
}