{
  "weighted_f1": {
    "mean": 0.9129862054177686,
    "std": NaN,
    "min": 0.9129862054177686,
    "max": 0.9129862054177686,
    "values": [
      0.9129862054177686
    ]
  },
  "macro_f1": {
    "mean": 0.9054477878636267,
    "std": NaN,
    "min": 0.9054477878636267,
    "max": 0.9054477878636267,
    "values": [
      0.9054477878636267
    ]
  },
  "weighted_accuracy": {
    "mean": 0.9150641025641025,
    "std": NaN,
    "min": 0.9150641025641025,
    "max": 0.9150641025641025,
    "values": [
      0.9150641025641025
    ]
  },
  "mean_auc": {
    "mean": 0.9758492220030681,
    "std": NaN,
    "min": 0.9758492220030681,
    "max": 0.9758492220030681,
    "values": [
      0.9758492220030681
    ]
  },
  "best_seed_idx": 0,
  "n_runs": 1
}