{
  "weighted_f1": {
    "mean": 0.840459138912785,
    "std": NaN,
    "min": 0.840459138912785,
    "max": 0.840459138912785,
    "values": [
      0.840459138912785
    ]
  },
  "macro_f1": {
    "mean": 0.8404591389127851,
    "std": NaN,
    "min": 0.8404591389127851,
    "max": 0.8404591389127851,
    "values": [
      0.8404591389127851
    ]
  },
  "weighted_accuracy": {
    "mean": 0.8399,
    "std": NaN,
    "min": 0.8399,
    "max": 0.8399,
    "values": [
      0.8399
    ]
  },
  "mean_auc": {
    "mean": 0.9834548999999999,
    "std": NaN,
    "min": 0.9834548999999999,
    "max": 0.9834548999999999,
    "values": [
      0.9834548999999999
    ]
  },
  "best_seed_idx": 0,
  "n_runs": 1
}