{
  "weighted_f1": {
    "mean": 0.7277218477836442,
    "std": NaN,
    "min": 0.7277218477836442,
    "max": 0.7277218477836442,
    "values": [
      0.7277218477836442
    ]
  },
  "macro_f1": {
    "mean": 0.6901346281174134,
    "std": NaN,
    "min": 0.6901346281174134,
    "max": 0.6901346281174134,
    "values": [
      0.6901346281174134
    ]
  },
  "weighted_accuracy": {
    "mean": 0.7115384615384616,
    "std": NaN,
    "min": 0.7115384615384616,
    "max": 0.7115384615384616,
    "values": [
      0.7115384615384616
    ]
  },
  "mean_auc": {
    "mean": 0.8583959899749374,
    "std": NaN,
    "min": 0.8583959899749374,
    "max": 0.8583959899749374,
    "values": [
      0.8583959899749374
    ]
  },
  "best_seed_idx": 0,
  "n_runs": 1
}