{
  "weighted_f1": {
    "mean": 0.6754412310574992,
    "std": 0.010646190175440417,
    "min": 0.661785589604299,
    "max": 0.6867602654225039,
    "values": [
      0.6671303692467214,
      0.6833158141439017,
      0.6867602654225039,
      0.6782141168700703,
      0.661785589604299
    ]
  },
  "macro_f1": {
    "mean": 0.4049590007619708,
    "std": 0.029711017208922417,
    "min": 0.37651492974715695,
    "max": 0.44790169922088363,
    "values": [
      0.3769203905125099,
      0.44790169922088363,
      0.41166412452738144,
      0.41179385980192185,
      0.37651492974715695
    ]
  },
  "weighted_accuracy": {
    "mean": 0.6700249376558605,
    "std": 0.011283290348588045,
    "min": 0.656857855361596,
    "max": 0.6802992518703241,
    "values": [
      0.656857855361596,
      0.6593516209476309,
      0.6802992518703241,
      0.6733167082294265,
      0.6802992518703241
    ]
  },
  "mean_auc": {
    "mean": 0.8965390486583926,
    "std": 0.008039694077222442,
    "min": 0.886177574411364,
    "max": 0.9071953575527462,
    "values": [
      0.8993736006989713,
      0.9071953575527462,
      0.8984885010004948,
      0.8914602096283868,
      0.886177574411364
    ]
  },
  "best_seed_idx": 3,
  "n_runs": 5
}