{
  "train_loss": [
    2.0530934973610773,
    1.7780014546924168,
    1.5868842087427775,
    1.4638483519660102,
    1.3708407068252564,
    1.3111651973512437,
    1.2422374999576145,
    1.1906199101130168,
    1.1513254302978515,
    1.1258757439931233,
    1.1009636160532634,
    1.081906635877821,
    1.0662589872572157,
    1.0516475580003526,
    1.0407975458357068,
    1.0250133117675782,
    1.0124252660539415,
    1.0044583010991415,
    0.9949014378335741,
    0.9856719790988498,
    0.976671627193027,
    0.9700876292122735,
    0.9596599497053359,
    0.9539644255320231,
    0.9484157273504469,
    0.9434679740481906,
    0.9387367708418104,
    0.9291167743047078,
    0.9227710271729364,
    0.9174273783365885,
    0.9171658968183729,
    0.9094771162880791,
    0.9030330471250746,
    0.8984602372275459,
    0.8909644730144077,
    0.8876168657514784,
    0.8851871262126498,
    0.8805325059466892,
    0.8731820031483968,
    0.8703005655500624,
    0.8619728439860874,
    0.8579072873327467,
    0.8573320270114475,
    0.8491104836463929,
    0.8445084472232395,
    0.8400617727279663,
    0.8387548178142972,
    0.829752404668596,
    0.8263524466408624,
    0.823330872323778,
    0.818487264611986,
    0.8106803639941745,
    0.8083205945544772,
    0.8042605132950676,
    0.8018613355530633,
    0.7940685771942139,
    0.7924698308626811,
    0.7886345440970527,
    0.7804073505613539,
    0.7801588766733806,
    0.7738962504492866,
    0.7702154110272725,
    0.7694655415640937,
    0.761537324417962,
    0.7555690902180142,
    0.7531463935852051,
    0.7516004901250204,
    0.7496026284853617,
    0.7416173999044631,
    0.7349992831230163,
    0.734058295779758,
    0.7306902558326721,
    0.7276571441014608,
    0.7256015555487739,
    0.718936560037401,
    0.7158776404910617,
    0.7128096214294434,
    0.7155353936301337,
    0.7077592320336236,
    0.703820554139879,
    0.6998319023132324,
    0.6982571209271748,
    0.6966277357419332,
    0.6947724346372817,
    0.6922788481818305,
    0.6887247632344564,
    0.6875907926347521,
    0.6870178284221226,
    0.6836357239405314,
    0.6838162875917223,
    0.6828453782611423,
    0.6814267376157973,
    0.6802162621604072,
    0.6802695655822754,
    0.6764462699890137,
    0.679013637055291,
    0.6781926982773675,
    0.678352077653673,
    0.678938189125061,
    0.6784321570820279
  ],
  "train_acc": [
    0.2408888888888889,
    0.4023111111111111,
    0.5157555555555555,
    0.5833555555555555,
    0.6332222222222222,
    0.6696888888888889,
    0.7034,
    0.7285333333333334,
    0.7443777777777778,
    0.7595777777777778,
    0.7724,
    0.7793777777777777,
    0.7880444444444444,
    0.7940888888888888,
    0.8009555555555555,
    0.8052,
    0.8137555555555556,
    0.8182444444444444,
    0.8206222222222223,
    0.826,
    0.8309111111111112,
    0.8307777777777777,
    0.8373333333333334,
    0.8404888888888888,
    0.8421555555555555,
    0.8432444444444445,
    0.8479333333333333,
    0.8499333333333333,
    0.8540444444444445,
    0.8571555555555556,
    0.8566888888888889,
    0.8601777777777778,
    0.8632222222222222,
    0.8648222222222223,
    0.8690888888888889,
    0.8709111111111111,
    0.8705777777777778,
    0.8736,
    0.8765333333333334,
    0.8777555555555555,
    0.8803111111111112,
    0.8818888888888889,
    0.8845333333333333,
    0.8873111111111112,
    0.8886222222222222,
    0.8903555555555556,
    0.8915777777777778,
    0.8948,
    0.8971333333333333,
    0.8984666666666666,
    0.9016222222222222,
    0.9041111111111111,
    0.9046,
    0.9061777777777777,
    0.9081777777777778,
    0.9104444444444444,
    0.9112444444444444,
    0.9151777777777778,
    0.9176222222222222,
    0.9174,
    0.9190444444444444,
    0.9214888888888889,
    0.9206,
    0.9251111111111111,
    0.9281555555555555,
    0.9298888888888889,
    0.9310222222222222,
    0.9308,
    0.9340222222222222,
    0.9373777777777778,
    0.9379111111111111,
    0.9395777777777777,
    0.9394444444444444,
    0.9426,
    0.9447333333333333,
    0.9469111111111111,
    0.9484888888888889,
    0.9464888888888889,
    0.9495555555555556,
    0.9508888888888889,
    0.9537111111111111,
    0.9536666666666667,
    0.9547333333333333,
    0.9562666666666667,
    0.9568,
    0.9584444444444444,
    0.9587555555555556,
    0.9594444444444444,
    0.9604666666666667,
    0.9599333333333333,
    0.9613111111111111,
    0.9610222222222222,
    0.9618444444444444,
    0.9615333333333334,
    0.964,
    0.9623111111111111,
    0.9633555555555555,
    0.9628888888888889,
    0.9628222222222222,
    0.9629555555555556
  ],
  "val_loss": [
    1.8473079544067383,
    1.6228175498962403,
    1.3979130016326904,
    1.3031507720947266,
    1.199875957107544,
    1.1284139638900756,
    1.0878963258743286,
    1.0441017770767211,
    1.0127009410858154,
    0.9661653765678406,
    1.0067493629455566,
    1.0058559277534485,
    0.979763747215271,
    0.9370617221832276,
    0.9380886569976806,
    0.9250392308235168,
    0.9014392383575439,
    0.915838648223877,
    0.8910675590515137,
    0.8865758730888367,
    0.8850067407608032,
    0.8895602947235107,
    0.8760883783340454,
    0.8889627743721008,
    0.8900910288810729,
    0.8522423436164855,
    0.8749985701560974,
    0.8750702948570251,
    0.8827486303329468,
    0.8442651929855347,
    0.8401776123046875,
    0.8407363359451294,
    0.8450681661605834,
    0.8407191168785095,
    0.8389784600257874,
    0.8464741395950317,
    0.8170180767059326,
    0.8252363041877746,
    0.8395046858787537,
    0.8145599921226502,
    0.8233058394432068,
    0.8251109261512757,
    0.8179827401161194,
    0.8068767402648925,
    0.8304893748283386,
    0.7992817045211792,
    0.794879168510437,
    0.7998005953788757,
    0.7974877460479737,
    0.802889524269104,
    0.7970740923881531,
    0.8080506679534912,
    0.8007537431716919,
    0.7976588485717774,
    0.7896949444770813,
    0.7862745684623719,
    0.8164796772956848,
    0.804634623336792,
    0.7907623542785644,
    0.7876383493423462,
    0.7772906083106995,
    0.7800001058578491,
    0.7969616331100464,
    0.7739504800796508,
    0.7768508487701417,
    0.7832447764396667,
    0.7664560245513916,
    0.7746504393577576,
    0.7804045614242554,
    0.7803099395751953,
    0.7752524713516236,
    0.7776401812553406,
    0.7789045380592347,
    0.7742084044456482,
    0.7779903712272644,
    0.7753489104270935,
    0.7691212700843811,
    0.7676596678733826,
    0.7786752471923828,
    0.7733789704322815,
    0.7772309551239014,
    0.7736023008346558,
    0.772772099685669,
    0.7702441806793213,
    0.7699940879821777,
    0.7670825395584107,
    0.7703963816642762,
    0.770445191192627,
    0.7667478812217713,
    0.7672271146774292,
    0.7658292284965516,
    0.7707048386573792,
    0.7669784126281738,
    0.7722201654434204,
    0.7679386292457581,
    0.7705358426094056,
    0.7649958386421204,
    0.7719688131332397,
    0.7691404651641846,
    0.766866685962677
  ],