{
  "weighted_f1": {
    "mean": 0.7964743589743589,
    "std": NaN,
    "min": 0.7964743589743589,
    "max": 0.7964743589743589,
    "values": [
      0.7964743589743589
    ]
  },
  "macro_f1": {
    "mean": 0.7291666666666667,
    "std": NaN,
    "min": 0.7291666666666667,
    "max": 0.7291666666666667,
    "values": [
      0.7291666666666667
    ]
  },
  "weighted_accuracy": {
    "mean": 0.8076923076923077,
    "std": NaN,
    "min": 0.8076923076923077,
    "max": 0.8076923076923077,
    "values": [
      0.8076923076923077
    ]
  },
  "mean_auc": {
    "mean": 0.8036758563074353,
    "std": NaN,
    "min": 0.8036758563074353,
    "max": 0.8036758563074353,
    "values": [
      0.8036758563074353
    ]
  },
  "best_seed_idx": 0,
  "n_runs": 1
}