{
  "weighted_f1": {
    "mean": 0.8799013768080759,
    "std": 0.01556808753489217,
    "min": 0.8557345551285841,
    "max": 0.9027934647685719,
    "values": [
      0.8557345551285841,
      0.9027934647685719,
      0.8851468212348116,
      0.8877903960338963,
      0.8881206752120079,
      0.8912525879917184,
      0.8895231336601881,
      0.8624445758202779,
      0.8755657588363027,
      0.8606417993944003
    ]
  },
  "macro_f1": {
    "mean": 0.8687493636359784,
    "std": 0.017790999283807125,
    "min": 0.8413715637008572,
    "max": 0.895328942218445,
    "values": [
      0.8413715637008572,
      0.895328942218445,
      0.8742108230812154,
      0.8776964316596529,
      0.8782690520179475,
      0.8815734989648033,
      0.8796376000069095,
      0.8487496305054685,
      0.8639562567040787,
      0.846699837500407
    ]
  },
  "weighted_accuracy": {
    "mean": 0.8839743589743592,
    "std": 0.013831241309984832,
    "min": 0.8621794871794872,
    "max": 0.9038461538461539,
    "values": [
      0.8621794871794872,
      0.9038461538461539,
      0.8894230769230769,
      0.8910256410256411,
      0.8910256410256411,
      0.8942307692307693,
      0.8926282051282052,
      0.8685897435897436,
      0.8798076923076923,
      0.8669871794871795
    ]
  },
  "mean_auc": {
    "mean": 0.9603659872890644,
    "std": 0.004771967593737817,
    "min": 0.953605084374315,
    "max": 0.9705018628095552,
    "values": [
      0.9558842866535174,
      0.9584703046241508,
      0.9705018628095552,
      0.9641683103221564,
      0.9628205128205127,
      0.9614617576156037,
      0.9581306158229235,
      0.953605084374315,
      0.9579114617576157,
      0.9607056760902914
    ]
  },
  "best_seed_idx": 2,
  "n_runs": 10
}