{
  "weighted_f1": 0.8439580163781418,
  "macro_f1": 0.8439580163781418,
  "weighted_accuracy": 0.8431,
  "weighted_precision": 0.8477874362383527,
  "weighted_recall": 0.8431,
  "per_class_auc": [
    0.988503,
    0.9976841111111111,
    0.9740362222222222,
    0.9605031111111112,
    0.9847635555555555,
    0.9748755555555557,
    0.9898972222222222,
    0.991449,
    0.9957183333333334,
    0.9943641111111112
  ],
  "mean_auc": 0.9851794222222221,
  "confusion_matrix": [
    [
      895,
      12,
      22,
      16,
      2,
      2,
      1,
      9,
      27,
      14
    ],
    [
      7,
      947,
      0,
      2,
      0,
      3,
      0,
      0,
      10,
      31
    ],
    [
      61,
      0,
      757,
      55,
      40,
      43,
      22,
      13,
      5,
      4
    ],
    [
      17,
      3,
      27,
      736,
      24,
      145,
      18,
      17,
      8,
      5
    ],
    [
      20,
      1,
      45,
      67,
      756,
      39,
      10,
      52,
      10,
      0
    ],
    [
      10,
      2,
      19,
      122,
      13,
      803,
      4,
      24,
      1,
      2
    ],
    [
      12,
      4,
      34,
      73,
      16,
      26,
      828,
      2,
      3,
      2
    ],
    [
      17,
      0,
      14,
      29,
      11,
      36,
      0,
      885,
      0,
      8
    ],
    [
      42,
      12,
      5,
      5,
      0,
      2,
      1,
      0,
      921,
      12
    ],
    [
      13,
      58,
      3,
      8,
      0,
      2,
      1,
      2,
      10,
      903
    ]
  ],
  "report": "              precision    recall  f1-score   support\n\n           0       0.82      0.90      0.85      1000\n           1       0.91      0.95      0.93      1000\n           2       0.82      0.76      0.79      1000\n           3       0.66      0.74      0.70      1000\n           4       0.88      0.76      0.81      1000\n           5       0.73      0.80      0.76      1000\n           6       0.94      0.83      0.88      1000\n           7       0.88      0.89      0.88      1000\n           8       0.93      0.92      0.92      1000\n           9       0.92      0.90      0.91      1000\n\n    accuracy                           0.84     10000\n   macro avg       0.85      0.84      0.84     10000\nweighted avg       0.85      0.84      0.84     10000\n",
  "seed": 0
}