{
  "weighted_f1": {
    "mean": 0.23274427336571243,
    "std": NaN,
    "min": 0.23274427336571243,
    "max": 0.23274427336571243,
    "values": [
      0.23274427336571243
    ]
  },
  "macro_f1": {
    "mean": 0.3010433868989422,
    "std": NaN,
    "min": 0.3010433868989422,
    "max": 0.3010433868989422,
    "values": [
      0.3010433868989422
    ]
  },
  "weighted_accuracy": {
    "mean": 0.2174563591022444,
    "std": NaN,
    "min": 0.2174563591022444,
    "max": 0.2174563591022444,
    "values": [
      0.2174563591022444
    ]
  },
  "mean_auc": {
    "mean": 0.8857854609266962,
    "std": NaN,
    "min": 0.8857854609266962,
    "max": 0.8857854609266962,
    "values": [
      0.8857854609266962
    ]
  },
  "best_seed_idx": 0,
  "n_runs": 1
}