{
  "weighted_f1": {
    "mean": 0.444458588873383,
    "std": NaN,
    "min": 0.444458588873383,
    "max": 0.444458588873383,
    "values": [
      0.444458588873383
    ]
  },
  "macro_f1": {
    "mean": 0.444458588873383,
    "std": NaN,
    "min": 0.444458588873383,
    "max": 0.444458588873383,
    "values": [
      0.444458588873383
    ]
  },
  "weighted_accuracy": {
    "mean": 0.4723,
    "std": NaN,
    "min": 0.4723,
    "max": 0.4723,
    "values": [
      0.4723
    ]
  },
  "mean_auc": {
    "mean": 0.9693029191919194,
    "std": NaN,
    "min": 0.9693029191919194,
    "max": 0.9693029191919194,
    "values": [
      0.9693029191919194
    ]
  },
  "best_seed_idx": 0,
  "n_runs": 1
}