{
  "weighted_f1": {
    "mean": 0.8493798034787952,
    "std": NaN,
    "min": 0.8493798034787952,
    "max": 0.8493798034787952,
    "values": [
      0.8493798034787952
    ]
  },
  "macro_f1": {
    "mean": 0.849379803478795,
    "std": NaN,
    "min": 0.849379803478795,
    "max": 0.849379803478795,
    "values": [
      0.849379803478795
    ]
  },
  "weighted_accuracy": {
    "mean": 0.8486,
    "std": NaN,
    "min": 0.8486,
    "max": 0.8486,
    "values": [
      0.8486
    ]
  },
  "mean_auc": {
    "mean": 0.9852188555555557,
    "std": NaN,
    "min": 0.9852188555555557,
    "max": 0.9852188555555557,
    "values": [
      0.9852188555555557
    ]
  },
  "best_seed_idx": 0,
  "n_runs": 1
}