{
  "weighted_f1": {
    "mean": 0.33473751453179174,
    "std": NaN,
    "min": 0.33473751453179174,
    "max": 0.33473751453179174,
    "values": [
      0.33473751453179174
    ]
  },
  "macro_f1": {
    "mean": 0.3347375145317916,
    "std": NaN,
    "min": 0.3347375145317916,
    "max": 0.3347375145317916,
    "values": [
      0.3347375145317916
    ]
  },
  "weighted_accuracy": {
    "mean": 0.3606,
    "std": NaN,
    "min": 0.3606,
    "max": 0.3606,
    "values": [
      0.3606
    ]
  },
  "mean_auc": {
    "mean": 0.9481211111111112,
    "std": NaN,
    "min": 0.9481211111111112,
    "max": 0.9481211111111112,
    "values": [
      0.9481211111111112
    ]
  },
  "best_seed_idx": 0,
  "n_runs": 1
}