{
  "weighted_f1": 0.8456374601184,
  "macro_f1": 0.8129944857348358,
  "weighted_accuracy": 0.8397435897435898,
  "weighted_precision": 0.8635809734819636,
  "weighted_recall": 0.8397435897435898,
  "per_class_auc": [
    0.8926482873851295
  ],
  "mean_auc": 0.8926482873851295,
  "confusion_matrix": [
    [
      36,
      6
    ],
    [
      19,
      95
    ]
  ],
  "report": "              precision    recall  f1-score   support\n\n           0       0.65      0.86      0.74        42\n           1       0.94      0.83      0.88       114\n\n    accuracy                           0.84       156\n   macro avg       0.80      0.85      0.81       156\nweighted avg       0.86      0.84      0.85       156\n",
  "seed": 0
}