{
  "weighted_f1": {
    "mean": 0.8576572659156889,
    "std": NaN,
    "min": 0.8576572659156889,
    "max": 0.8576572659156889,
    "values": [
      0.8576572659156889
    ]
  },
  "macro_f1": {
    "mean": 0.8576572659156888,
    "std": NaN,
    "min": 0.8576572659156888,
    "max": 0.8576572659156888,
    "values": [
      0.8576572659156888
    ]
  },
  "weighted_accuracy": {
    "mean": 0.8573,
    "std": NaN,
    "min": 0.8573,
    "max": 0.8573,
    "values": [
      0.8573
    ]
  },
  "mean_auc": {
    "mean": 0.9864665555555554,
    "std": NaN,
    "min": 0.9864665555555554,
    "max": 0.9864665555555554,
    "values": [
      0.9864665555555554
    ]
  },
  "best_seed_idx": 0,
  "n_runs": 1
}