{
  "weighted_f1": 0.7642827537226939,
  "macro_f1": 0.7642827537226938,
  "weighted_accuracy": 0.7633,
  "weighted_precision": 0.7687392729099354,
  "weighted_recall": 0.7633,
  "per_class_auc": [
    0.9782048888888889,
    0.9935007777777779,
    0.9549643333333334,
    0.9298782777777779,
    0.9633026666666665,
    0.9548122222222223,
    0.981387111111111,
    0.9785794444444444,
    0.9895032222222222,
    0.9889372222222222
  ],
  "mean_auc": 0.9713070166666669,
  "confusion_matrix": [
    [
      851,
      18,
      26,
      10,
      9,
      3,
      5,
      4,
      49,
      25
    ],
    [
      28,
      891,
      1,
      2,
      0,
      2,
      2,
      3,
      9,
      62
    ],
    [
      100,
      4,
      672,
      65,
      65,
      31,
      34,
      19,
      5,
      5
    ],
    [
      25,
      4,
      57,
      612,
      41,
      175,
      28,
      29,
      18,
      11
    ],
    [
      29,
      1,
      82,
      67,
      677,
      28,
      19,
      82,
      13,
      2
    ],
    [
      11,
      1,
      33,
      205,
      26,
      668,
      3,
      47,
      3,
      3
    ],
    [
      18,
      7,
      69,
      101,
      37,
      24,
      733,
      5,
      5,
      1
    ],
    [
      21,
      4,
      32,
      37,
      38,
      51,
      1,
      802,
      2,
      12
    ],
    [
      84,
      15,
      3,
      10,
      0,
      4,
      3,
      0,
      868,
      13
    ],
    [
      30,
      53,
      5,
      11,
      1,
      2,
      3,
      11,
      25,
      859
    ]
  ],
  "report": "              precision    recall  f1-score   support\n\n           0       0.71      0.85      0.77      1000\n           1       0.89      0.89      0.89      1000\n           2       0.69      0.67      0.68      1000\n           3       0.55      0.61      0.58      1000\n           4       0.76      0.68      0.71      1000\n           5       0.68      0.67      0.67      1000\n           6       0.88      0.73      0.80      1000\n           7       0.80      0.80      0.80      1000\n           8       0.87      0.87      0.87      1000\n           9       0.87      0.86      0.86      1000\n\n    accuracy                           0.76     10000\n   macro avg       0.77      0.76      0.76     10000\nweighted avg       0.77      0.76      0.76     10000\n",
  "seed": 0
}