{
  "weighted_f1": 0.8388218632512966,
  "macro_f1": 0.8388218632512965,
  "weighted_accuracy": 0.8381,
  "weighted_precision": 0.8424126596033522,
  "weighted_recall": 0.8381,
  "per_class_auc": [
    0.9868734444444445,
    0.9968823333333333,
    0.9733785555555554,
    0.9589666666666666,
    0.9819420000000001,
    0.9723322222222222,
    0.9875633333333333,
    0.9895492222222222,
    0.9930282222222223,
    0.9922115555555556
  ],
  "mean_auc": 0.9832727555555556,
  "confusion_matrix": [
    [
      909,
      9,
      25,
      9,
      2,
      1,
      2,
      6,
      25,
      12
    ],
    [
      12,
      942,
      2,
      1,
      0,
      1,
      0,
      1,
      5,
      36
    ],
    [
      52,
      4,
      790,
      55,
      38,
      17,
      23,
      19,
      1,
      1
    ],
    [
      28,
      3,
      53,
      736,
      23,
      85,
      34,
      24,
      8,
      6
    ],
    [
      17,
      3,
      56,
      55,
      782,
      20,
      12,
      49,
      6,
      0
    ],
    [
      12,
      1,
      31,
      165,
      22,
      721,
      7,
      40,
      0,
      1
    ],
    [
      14,
      6,
      48,
      54,
      15,
      13,
      842,
      3,
      3,
      2
    ],
    [
      18,
      0,
      23,
      31,
      13,
      28,
      0,
      881,
      2,
      4
    ],
    [
      59,
      16,
      10,
      7,
      2,
      1,
      2,
      3,
      889,
      11
    ],
    [
      23,
      48,
      6,
      10,
      0,
      1,
      1,
      6,
      16,
      889
    ]
  ],
  "report": "              precision    recall  f1-score   support\n\n           0       0.79      0.91      0.85      1000\n           1       0.91      0.94      0.93      1000\n           2       0.76      0.79      0.77      1000\n           3       0.66      0.74      0.69      1000\n           4       0.87      0.78      0.82      1000\n           5       0.81      0.72      0.76      1000\n           6       0.91      0.84      0.88      1000\n           7       0.85      0.88      0.87      1000\n           8       0.93      0.89      0.91      1000\n           9       0.92      0.89      0.91      1000\n\n    accuracy                           0.84     10000\n   macro avg       0.84      0.84      0.84     10000\nweighted avg       0.84      0.84      0.84     10000\n",
  "seed": 0
}