{
  "weighted_f1": {
    "mean": 0.8118050362823214,
    "std": NaN,
    "min": 0.8118050362823214,
    "max": 0.8118050362823214,
    "values": [
      0.8118050362823214
    ]
  },
  "macro_f1": {
    "mean": 0.8118050362823215,
    "std": NaN,
    "min": 0.8118050362823215,
    "max": 0.8118050362823215,
    "values": [
      0.8118050362823215
    ]
  },
  "weighted_accuracy": {
    "mean": 0.8103,
    "std": NaN,
    "min": 0.8103,
    "max": 0.8103,
    "values": [
      0.8103
    ]
  },
  "mean_auc": {
    "mean": 0.9809626222222223,
    "std": NaN,
    "min": 0.9809626222222223,
    "max": 0.9809626222222223,
    "values": [
      0.9809626222222223
    ]
  },
  "best_seed_idx": 0,
  "n_runs": 1
}