{
  "weighted_f1": {
    "mean": 0.8908639970176183,
    "std": NaN,
    "min": 0.8908639970176183,
    "max": 0.8908639970176183,
    "values": [
      0.8908639970176183
    ]
  },
  "macro_f1": {
    "mean": 0.8676511796107078,
    "std": NaN,
    "min": 0.8676511796107078,
    "max": 0.8676511796107078,
    "values": [
      0.8676511796107078
    ]
  },
  "weighted_accuracy": {
    "mean": 0.8948467966573816,
    "std": NaN,
    "min": 0.8948467966573816,
    "max": 0.8948467966573816,
    "values": [
      0.8948467966573816
    ]
  },
  "mean_auc": {
    "mean": 0.9876086934762799,
    "std": NaN,
    "min": 0.9876086934762799,
    "max": 0.9876086934762799,
    "values": [
      0.9876086934762799
    ]
  },
  "best_seed_idx": 0,
  "n_runs": 1
}