{
  "weighted_f1": 0.6782141168700703,
  "macro_f1": 0.41179385980192185,
  "weighted_accuracy": 0.6733167082294265,
  "weighted_precision": 0.7083451148402735,
  "weighted_recall": 0.6733167082294265,
  "per_class_auc": [
    0.9255942613343335,
    0.9166539054444479,
    0.810157881334352,
    0.9304391699205896,
    0.7959188295511165,
    0.8739521845772351,
    0.9875052352366327
  ],
  "mean_auc": 0.8914602096283868,
  "confusion_matrix": [
    [
      25,
      10,
      5,
      15,
      4,
      7,
      0
    ],
    [
      9,
      29,
      5,
      29,
      3,
      15,
      13
    ],
    [
      15,
      18,
      47,
      39,
      27,
      72,
      2
    ],
    [
      3,
      1,
      0,
      15,
      0,
      4,
      0
    ],
    [
      9,
      4,
      12,
      11,
      80,
      98,
      9
    ],
    [
      3,
      13,
      18,
      49,
      101,
      1127,
      30
    ],
    [
      0,
      1,
      0,
      0,
      0,
      1,
      27
    ]
  ],
  "report": "              precision    recall  f1-score   support\n\n           0       0.39      0.38      0.38        66\n           1       0.38      0.28      0.32       103\n           2       0.54      0.21      0.31       220\n           3       0.09      0.65      0.17        23\n           4       0.37      0.36      0.37       223\n           5       0.85      0.84      0.85      1341\n           6       0.33      0.93      0.49        29\n\n    accuracy                           0.67      2005\n   macro avg       0.42      0.52      0.41      2005\nweighted avg       0.71      0.67      0.68      2005\n",
  "seed": 3
}