{
  "weighted_f1": 0.661785589604299,
  "macro_f1": 0.37651492974715695,
  "weighted_accuracy": 0.6802992518703241,
  "weighted_precision": 0.6751042829737296,
  "weighted_recall": 0.6802992518703241,
  "per_class_auc": [
    0.9374794880210042,
    0.9155666493114044,
    0.785956200662083,
    0.927587417189488,
    0.7809132682077377,
    0.8691073016899813,
    0.98663269579785
  ],
  "mean_auc": 0.886177574411364,
  "confusion_matrix": [
    [
      19,
      7,
      11,
      18,
      4,
      7,
      0
    ],
    [
      4,
      17,
      7,
      33,
      3,
      24,
      15
    ],
    [
      8,
      14,
      32,
      32,
      21,
      112,
      1
    ],
    [
      2,
      1,
      2,
      14,
      0,
      3,
      1
    ],
    [
      4,
      0,
      15,
      9,
      61,
      123,
      11
    ],
    [
      1,
      7,
      15,
      37,
      59,
      1194,
      28
    ],
    [
      0,
      0,
      0,
      0,
      1,
      1,
      27
    ]
  ],
  "report": "              precision    recall  f1-score   support\n\n           0       0.50      0.29      0.37        66\n           1       0.37      0.17      0.23       103\n           2       0.39      0.15      0.21       220\n           3       0.10      0.61      0.17        23\n           4       0.41      0.27      0.33       223\n           5       0.82      0.89      0.85      1341\n           6       0.33      0.93      0.48        29\n\n    accuracy                           0.68      2005\n   macro avg       0.42      0.47      0.38      2005\nweighted avg       0.68      0.68      0.66      2005\n",
  "seed": 4
}