{
  "weighted_f1": 0.6867602654225039,
  "macro_f1": 0.41166412452738144,
  "weighted_accuracy": 0.6802992518703241,
  "weighted_precision": 0.7157467755890281,
  "weighted_recall": 0.6802992518703241,
  "per_class_auc": [
    0.9206166877647022,
    0.9109981317570672,
    0.8211484593837535,
    0.9363839775369631,
    0.8224396430674459,
    0.8885822933793339,
    0.989250314114198
  ],
  "mean_auc": 0.8984885010004948,
  "confusion_matrix": [
    [
      22,
      9,
      7,
      18,
      3,
      7,
      0
    ],
    [
      7,
      22,
      8,
      31,
      3,
      14,
      18
    ],
    [
      19,
      11,
      52,
      43,
      20,
      73,
      2
    ],
    [
      1,
      1,
      0,
      15,
      0,
      4,
      2
    ],
    [
      5,
      4,
      17,
      13,
      98,
      80,
      6
    ],
    [
      1,
      6,
      24,
      35,
      115,
      1127,
      33
    ],
    [
      0,
      0,
      0,
      0,
      0,
      1,
      28
    ]
  ],
  "report": "              precision    recall  f1-score   support\n\n           0       0.40      0.33      0.36        66\n           1       0.42      0.21      0.28       103\n           2       0.48      0.24      0.32       220\n           3       0.10      0.65      0.17        23\n           4       0.41      0.44      0.42       223\n           5       0.86      0.84      0.85      1341\n           6       0.31      0.97      0.47        29\n\n    accuracy                           0.68      2005\n   macro avg       0.43      0.53      0.41      2005\nweighted avg       0.72      0.68      0.69      2005\n",
  "seed": 2
}