{
  "weighted_f1": 0.6833158141439017,
  "macro_f1": 0.44790169922088363,
  "weighted_accuracy": 0.6593516209476309,
  "weighted_precision": 0.7399189517200337,
  "weighted_recall": 0.6593516209476309,
  "per_class_auc": [
    0.9347054870520575,
    0.9340142721509295,
    0.8322103386809269,
    0.9470012723204492,
    0.8247019270935564,
    0.8889899643315994,
    0.9887442412397041
  ],
  "mean_auc": 0.9071953575527462,
  "confusion_matrix": [
    [
      25,
      10,
      10,
      11,
      6,
      4,
      0
    ],
    [
      10,
      20,
      9,
      38,
      5,
      8,
      13
    ],
    [
      19,
      8,
      85,
      25,
      38,
      44,
      1
    ],
    [
      2,
      0,
      1,
      17,
      1,
      1,
      1
    ],
    [
      4,
      2,
      19,
      7,
      135,
      51,
      5
    ],
    [
      7,
      3,
      48,
      40,
      212,
      1012,
      19
    ],
    [
      0,
      0,
      0,
      0,
      1,
      0,
      28
    ]
  ],
  "report": "              precision    recall  f1-score   support\n\n           0       0.37      0.38      0.38        66\n           1       0.47      0.19      0.27       103\n           2       0.49      0.39      0.43       220\n           3       0.12      0.74      0.21        23\n           4       0.34      0.61      0.43       223\n           5       0.90      0.75      0.82      1341\n           6       0.42      0.97      0.58        29\n\n    accuracy                           0.66      2005\n   macro avg       0.45      0.57      0.45      2005\nweighted avg       0.74      0.66      0.68      2005\n",
  "seed": 1
}