{
  "weighted_f1": 0.6671303692467214,
  "macro_f1": 0.3769203905125099,
  "weighted_accuracy": 0.656857855361596,
  "weighted_precision": 0.7158274790153958,
  "weighted_recall": 0.656857855361596,
  "per_class_auc": [
    0.9346507884414021,
    0.9232744275315712,
    0.815737203972498,
    0.9401790023252754,
    0.8132193887051884,
    0.880002111353692,
    0.988552282563172
  ],
  "mean_auc": 0.8993736006989713,
  "confusion_matrix": [
    [
      13,
      13,
      8,
      17,
      5,
      10,
      0
    ],
    [
      4,
      23,
      4,
      38,
      3,
      11,
      20
    ],
    [
      6,
      20,
      44,
      29,
      46,
      71,
      4
    ],
    [
      2,
      0,
      1,
      16,
      0,
      3,
      1
    ],
    [
      4,
      5,
      10,
      9,
      103,
      78,
      14
    ],
    [
      0,
      9,
      9,
      50,
      135,
      1090,
      48
    ],
    [
      0,
      0,
      0,
      0,
      0,
      1,
      28
    ]
  ],
  "report": "              precision    recall  f1-score   support\n\n           0       0.45      0.20      0.27        66\n           1       0.33      0.22      0.27       103\n           2       0.58      0.20      0.30       220\n           3       0.10      0.70      0.18        23\n           4       0.35      0.46      0.40       223\n           5       0.86      0.81      0.84      1341\n           6       0.24      0.97      0.39        29\n\n    accuracy                           0.66      2005\n   macro avg       0.42      0.51      0.38      2005\nweighted avg       0.72      0.66      0.67      2005\n",
  "seed": 0
}