{
  "train_loss": [
    2.209916088612874,
    1.9576056207444932,
    1.8601964702394274,
    1.793688738928901,
    1.7268793503231472,
    1.6629773861779107,
    1.6101394008636474,
    1.5681338018629285,
    1.532406322309706,
    1.505623841688368,
    1.4831864130655925,
    1.4643255424287585,
    1.4494600878397623,
    1.4326074854956732,
    1.4184004070281981,
    1.403626641760932,
    1.389452391603258,
    1.3833830446031359,
    1.3709597347259521,
    1.3615957555558946,
    1.348089471435547,
    1.3427394264645047,
    1.3313284582561917,
    1.3296128431532117,
    1.3208060198254055,
    1.310480674404568,
    1.30209095509847,
    1.2976319687101576,
    1.2898129177517361,
    1.2863094543880886,
    1.2795362805260553,
    1.2738697760052151,
    1.271564744228787,
    1.2670256672753228,
    1.260357403034634,
    1.2529861440022787,
    1.2560513525644939,
    1.2433282525380454,
    1.2444984372668797,
    1.241924675432841,
    1.2350762658437093,
    1.228438476286994,
    1.2285911000993517,
    1.221977638859219,
    1.2209157178031074,
    1.2239089271333483,
    1.2174982580184937,
    1.208046269861857,
    1.2091814379162258,
    1.2056380860858493,
    1.2089732113732232,
    1.2015485455830892,
    1.2014400674184162,
    1.1974835423575507,
    1.1951003485149807,
    1.1889275414360894,
    1.1914326362397936,
    1.1863745110617743,
    1.1845281780030992,
    1.180302934858534,
    1.177432060072157,
    1.1783834864086575,
    1.1731339497672186,
    1.172819486480289,
    1.1707158873664008,
    1.1707433306799995,
    1.1709555635028415,
    1.1648942839728462,
    1.1594726117451986,
    1.1614236970477634,
    1.1556878180609809,
    1.1584662505467733,
    1.1571926354938082,
    1.147627866744995,
    1.1573756229400636,
    1.1519693358103433,
    1.1515870337168375,
    1.1505994517008464,
    1.1493734924316406,
    1.1471020416259765,
    1.1412758848614162,
    1.1456880513509116,
    1.1445470531039768,
    1.145927828746372,
    1.1422194466061062,
    1.1410353604422676,
    1.1390862967809041,
    1.136473957994249,
    1.1398107327779134,
    1.13161119656033,
    1.1359722558339438,
    1.1378808254030015,
    1.1329845987531875,
    1.135923625395033,
    1.135666172917684,
    1.135523886320326,
    1.1353284595489501,
    1.1331932762145995,
    1.1346765852822198,
    1.1380147823969524
  ],
  "train_acc": [
    0.16526666666666667,
    0.26415555555555553,
    0.31695555555555555,
    0.37222222222222223,
    0.4226888888888889,
    0.4634666666666667,
    0.49575555555555556,
    0.5217111111111111,
    0.5418666666666667,
    0.5575333333333333,
    0.5689333333333333,
    0.5763555555555555,
    0.5858222222222222,
    0.5942,
    0.6032,
    0.6113777777777778,
    0.6141555555555556,
    0.6211777777777778,
    0.6260222222222223,
    0.6295555555555555,
    0.6391333333333333,
    0.6439111111111111,
    0.6464888888888889,
    0.6527777777777778,
    0.6544222222222222,
    0.6593777777777777,
    0.6625777777777778,
    0.6655777777777778,
    0.6689555555555555,
    0.6715333333333333,
    0.6755111111111111,
    0.6777111111111112,
    0.6785777777777777,
    0.6816888888888889,
    0.6844666666666667,
    0.6856,
    0.6885777777777777,
    0.6944444444444444,
    0.6940666666666667,
    0.6979777777777778,
    0.7001777777777778,
    0.7039555555555556,
    0.7023111111111111,
    0.7061333333333333,
    0.7082444444444445,
    0.7019555555555556,
    0.7097555555555556,
    0.7113555555555555,
    0.7127777777777777,
    0.7148444444444444,
    0.7127555555555556,
    0.7144888888888888,
    0.7163333333333334,
    0.7191111111111111,
    0.7176444444444444,
    0.7214888888888888,
    0.7228,
    0.7244666666666667,
    0.7266,
    0.7268666666666667,
    0.729,
    0.7275555555555555,
    0.7301111111111112,
    0.731,
    0.7311555555555556,
    0.7322,
    0.7322444444444445,
    0.7344222222222222,
    0.7376888888888888,
    0.7363333333333333,
    0.7378666666666667,
    0.7387555555555556,
    0.7381777777777778,
    0.7428,
    0.7381555555555556,
    0.7399777777777777,
    0.7415555555555555,
    0.7425555555555555,
    0.7417333333333334,
    0.7445777777777778,
    0.7461333333333333,
    0.7452444444444445,
    0.7438444444444444,
    0.7441777777777778,
    0.7446222222222222,
    0.7480444444444444,
    0.7473333333333333,
    0.7473111111111111,
    0.7464222222222222,
    0.7498444444444444,
    0.7486888888888888,
    0.7481777777777778,
    0.7476888888888888,
    0.7504,
    0.7471111111111111,
    0.7481111111111111,
    0.7469555555555556,
    0.7531333333333333,
    0.7497333333333334,
    0.7498666666666667
  ],
  "val_loss": [
    2.0631078395843505,
    1.8353303440093993,
    1.7392550895690917,
    1.6931418128967286,
    1.6134767845153808,
    1.5422615325927735,
    1.515612955093384,
    1.4418134010314942,
    1.4282458850860595,
    1.3641165124893189,
    1.3569249835968018,
    1.3216859638214111,
    1.3186528888702393,
    1.294402098941803,
    1.3030959646224975,
    1.269026738357544,
    1.239023612499237,
    1.2466512790679931,
    1.2838590785980224,
    1.2217954440116883,
    1.2169823434829712,
    1.1942710216522217,
    1.2038667498588562,
    1.2246378831863403,
    1.1890452942848206,
    1.199836178970337,
    1.1774482318878174,
    1.1698154273986816,
    1.1849005204200744,
    1.1766367787361145,
    1.1528486738204955,
    1.1549122219085692,
    1.1337845690727233,
    1.1656417134284973,
    1.1256525511741637,
    1.1308050671577454,
    1.1238841206550598,
    1.152147582244873,
    1.1340410175323485,
    1.1089116158485413,
    1.1175755502700806,
    1.1207149793624878,
    1.0997679893493653,
    1.099021762752533,
    1.0935235850334168,
    1.0916572929382324,
    1.0945457895278932,
    1.1012325474739075,
    1.0933123474121094,
    1.0858655267715454,
    1.0765434497833253,
    1.0905248149871827,
    1.0856191503524781,
    1.106798142337799,
    1.096890867137909,
    1.0754840194702149,
    1.0597108172416687,
    1.0868613010406494,
    1.0726367734909057,
    1.0757881958961486,
    1.0649102909088135,
    1.0743349431991578,
    1.0590228076934813,
    1.0523559515953065,
    1.0463409511566162,
    1.0578674699783326,
    1.055032966709137,
    1.0537754289627075,
    1.0537897493362427,
    1.0575767223358155,
    1.0519000783920287,
    1.044617914199829,
    1.0468463268280028,
    1.0466920686721801,
    1.0489445579528809,
    1.0428538981437683,
    1.0425040347099304,
    1.0498908660888673,
    1.035785138988495,
    1.037824537754059,
    1.0380033862113953,
    1.0320681966781615,
    1.0434191415786742,
    1.039274427318573,
    1.038821652984619,
    1.0347280358314515,
    1.0340342685699462,
    1.0354474197387695,
    1.0295585182189941,
    1.0336033115386962,
    1.0354349225997925,
    1.0324294374465943,
    1.0346370199203492,
    1.035464780330658,
    1.034287347793579,
    1.03298207988739,
    1.0322261326789857,
    1.0353185096740722,
    1.0307446086883545,
    1.0321143982887269
  ],