{
  "weighted_f1": {
    "mean": 0.5572067213751217,
    "std": NaN,
    "min": 0.5572067213751217,
    "max": 0.5572067213751217,
    "values": [
      0.5572067213751217
    ]
  },
  "macro_f1": {
    "mean": 0.4236107282425919,
    "std": NaN,
    "min": 0.4236107282425919,
    "max": 0.4236107282425919,
    "values": [
      0.4236107282425919
    ]
  },
  "weighted_accuracy": {
    "mean": 0.47780548628428926,
    "std": NaN,
    "min": 0.47780548628428926,
    "max": 0.47780548628428926,
    "values": [
      0.47780548628428926
    ]
  },
  "mean_auc": {
    "mean": 0.9010257256082426,
    "std": NaN,
    "min": 0.9010257256082426,
    "max": 0.9010257256082426,
    "values": [
      0.9010257256082426
    ]
  },
  "best_seed_idx": 0,
  "n_runs": 1
}