{
  "weighted_f1": {
    "mean": 0.8155681691695624,
    "std": NaN,
    "min": 0.8155681691695624,
    "max": 0.8155681691695624,
    "values": [
      0.8155681691695624
    ]
  },
  "macro_f1": {
    "mean": 0.8155681691695624,
    "std": NaN,
    "min": 0.8155681691695624,
    "max": 0.8155681691695624,
    "values": [
      0.8155681691695624
    ]
  },
  "weighted_accuracy": {
    "mean": 0.8153,
    "std": NaN,
    "min": 0.8153,
    "max": 0.8153,
    "values": [
      0.8153
    ]
  },
  "mean_auc": {
    "mean": 0.9815243222222222,
    "std": NaN,
    "min": 0.9815243222222222,
    "max": 0.9815243222222222,
    "values": [
      0.9815243222222222
    ]
  },
  "best_seed_idx": 0,
  "n_runs": 1
}