{
  "weighted_f1": 0.8550526915519105,
  "macro_f1": 0.8192170101274752,
  "weighted_accuracy": 0.8525641025641025,
  "weighted_precision": 0.8594648568296822,
  "weighted_recall": 0.8525641025641025,
  "per_class_auc": [
    0.897451963241437
  ],
  "mean_auc": 0.897451963241437,
  "confusion_matrix": [
    [
      33,
      9
    ],
    [
      14,
      100
    ]
  ],
  "report": "              precision    recall  f1-score   support\n\n           0       0.70      0.79      0.74        42\n           1       0.92      0.88      0.90       114\n\n    accuracy                           0.85       156\n   macro avg       0.81      0.83      0.82       156\nweighted avg       0.86      0.85      0.86       156\n",
  "seed": 0
}