{
  "weighted_f1": {
    "mean": 0.36485152048192193,
    "std": NaN,
    "min": 0.36485152048192193,
    "max": 0.36485152048192193,
    "values": [
      0.36485152048192193
    ]
  },
  "macro_f1": {
    "mean": 0.364851520481922,
    "std": NaN,
    "min": 0.364851520481922,
    "max": 0.364851520481922,
    "values": [
      0.364851520481922
    ]
  },
  "weighted_accuracy": {
    "mean": 0.3908,
    "std": NaN,
    "min": 0.3908,
    "max": 0.3908,
    "values": [
      0.3908
    ]
  },
  "mean_auc": {
    "mean": 0.9528491919191918,
    "std": NaN,
    "min": 0.9528491919191918,
    "max": 0.9528491919191918,
    "values": [
      0.9528491919191918
    ]
  },
  "best_seed_idx": 0,
  "n_runs": 1
}