{
  "weighted_f1": {
    "mean": 0.8860451851055188,
    "std": NaN,
    "min": 0.8860451851055188,
    "max": 0.8860451851055188,
    "values": [
      0.8860451851055188
    ]
  },
  "macro_f1": {
    "mean": 0.8565032336726879,
    "std": NaN,
    "min": 0.8565032336726879,
    "max": 0.8565032336726879,
    "values": [
      0.8565032336726879
    ]
  },
  "weighted_accuracy": {
    "mean": 0.885933147632312,
    "std": NaN,
    "min": 0.885933147632312,
    "max": 0.885933147632312,
    "values": [
      0.885933147632312
    ]
  },
  "mean_auc": {
    "mean": 0.9890187593900528,
    "std": NaN,
    "min": 0.9890187593900528,
    "max": 0.9890187593900528,
    "values": [
      0.9890187593900528
    ]
  },
  "best_seed_idx": 0,
  "n_runs": 1
}