{
  "weighted_f1": {
    "mean": 0.8573630105039274,
    "std": NaN,
    "min": 0.8573630105039274,
    "max": 0.8573630105039274,
    "values": [
      0.8573630105039274
    ]
  },
  "macro_f1": {
    "mean": 0.8259519767159835,
    "std": NaN,
    "min": 0.8259519767159835,
    "max": 0.8259519767159835,
    "values": [
      0.8259519767159835
    ]
  },
  "weighted_accuracy": {
    "mean": 0.8525641025641025,
    "std": NaN,
    "min": 0.8525641025641025,
    "max": 0.8525641025641025,
    "values": [
      0.8525641025641025
    ]
  },
  "mean_auc": {
    "mean": 0.9166666666666667,
    "std": NaN,
    "min": 0.9166666666666667,
    "max": 0.9166666666666667,
    "values": [
      0.9166666666666667
    ]
  },
  "best_seed_idx": 0,
  "n_runs": 1
}