{
  "weighted_f1": {
    "mean": 0.5057142461909,
    "std": NaN,
    "min": 0.5057142461909,
    "max": 0.5057142461909,
    "values": [
      0.5057142461909
    ]
  },
  "macro_f1": {
    "mean": 0.5057142461909001,
    "std": NaN,
    "min": 0.5057142461909001,
    "max": 0.5057142461909001,
    "values": [
      0.5057142461909001
    ]
  },
  "weighted_accuracy": {
    "mean": 0.5179,
    "std": NaN,
    "min": 0.5179,
    "max": 0.5179,
    "values": [
      0.5179
    ]
  },
  "mean_auc": {
    "mean": 0.9674420454545455,
    "std": NaN,
    "min": 0.9674420454545455,
    "max": 0.9674420454545455,
    "values": [
      0.9674420454545455
    ]
  },
  "best_seed_idx": 0,
  "n_runs": 1
}