{
  "train_loss": [
    1.294517077255249,
    0.763627331829071,
    0.5155015300273895,
    0.47479257259368896,
    0.45886879458427426,
    0.4457774100780487,
    0.43767516603469847,
    0.430146772480011,
    0.42567126717567444,
    0.41776374092102053,
    0.41624546627998354,
    0.414650710439682,
    0.41237682347297666,
    0.41376142511367797,
    0.40957831535339356,
    0.40900533986091614,
    0.40479385671615603,
    0.4065352102279663,
    0.4043702015399933,
    0.4031840209007263,
    0.4022336869239807,
    0.40153227334022523,
    0.40221744709014895,
    0.39975750060081483,
    0.3985487800598145,
    0.3993988399505615,
    0.39929921526908874,
    0.3978690457344055,
    0.39865744042396545,
    0.3965119287490845,
    0.39650260009765625,
    0.3963189179420471,
    0.3959794600486755,
    0.3943628508090973,
    0.3944051739692688,
    0.39647996306419375,
    0.39544303922653196,
    0.3955138201236725,
    0.3938378821849823,
    0.3937080821990967,
    0.39318906989097596,
    0.3931147217750549,
    0.39227948884963987,
    0.39153223128318787,
    0.3934768723487854,
    0.39208734946250917,
    0.39294065952301027,
    0.39068567509651186,
    0.3924137664318085,
    0.39171050748825076
  ],
  "train_acc": [
    0.46065,
    0.81115,
    0.94025,
    0.96295,
    0.9706,
    0.97475,
    0.97915,
    0.98145,
    0.9831,
    0.98665,
    0.9873,
    0.9875,
    0.9891,
    0.98795,
    0.99035,
    0.9906,
    0.9926,
    0.9917,
    0.9924,
    0.9928,
    0.9936,
    0.9931,
    0.9929,
    0.9941,
    0.99475,
    0.99425,
    0.9948,
    0.99545,
    0.99405,
    0.99585,
    0.99545,
    0.99625,
    0.9958,
    0.99645,
    0.99625,
    0.99565,
    0.99625,
    0.99625,
    0.99665,
    0.99715,
    0.99695,
    0.99775,
    0.9969,
    0.99735,
    0.99745,
    0.99755,
    0.9973,
    0.9981,
    0.9977,
    0.99785
  ],
  "val_loss": [
    1.079956159591675,
    0.48359414958953856,
    0.4188329658508301,
    0.4774263768196106,
    0.3907613170146942,
    0.3998931386470795,
    0.37670995378494265,
    0.3724103198051453,
    0.3683984749317169,
    0.372947518825531,
    0.3641218738555908,
    0.36391166591644286,
    0.3621908531188965,
    0.3663652279376984,
    0.366776047706604,
    0.36122900104522704,
    0.3604721503257751,
    0.36024745655059814,
    0.35792518615722657,
    0.36129222774505615,
    0.35730336618423464,
    0.35586187171936035,
    0.3593807020187378,
    0.355630957365036,
    0.3580775969028473,
    0.3565940752029419,
    0.35863212394714356,
    0.35605148029327394,
    0.35474627566337585,
    0.35396503925323486,
    0.35748229241371154,
    0.3541761713027954,
    0.35350189518928526,
    0.35320192766189573,
    0.3534736704826355,
    0.3534541530609131,
    0.35308664178848265,
    0.3527511703968048,
    0.35271654844284056,
    0.35234753775596617,
    0.35202383685112,
    0.35194511866569517,
    0.3528334240913391,
    0.3526064283847809,
    0.35240679454803464,
    0.3521210672855377,
    0.35220461058616637,
    0.35197584080696104,
    0.3519004352092743,
    0.3518549230098724
  ],
  "val_acc": [
    0.7055,
    0.9415,
    0.97325,
    0.93525,
    0.98425,
    0.97925,
    0.99025,
    0.99,
    0.99325,
    0.99025,
    0.99375,
    0.995,
    0.995,
    0.99225,
    0.99275,
    0.99475,
    0.99575,
    0.99575,
    0.9975,
    0.99625,
    0.9975,
    0.99825,
    0.9965,
    0.99775,
    0.997,
    0.998,
    0.99775,
    0.9975,
    0.998,
    0.99875,
    0.997,
    0.9985,
    0.99875,
    0.9985,
    0.9985,
    0.9985,
    0.99875,
    0.99825,
    0.99875,
    0.99875,
    0.99875,
    0.999,
    0.99875,
    0.99875,
    0.99875,
    0.99875,
    0.99875,
    0.99875,
    0.99875,
    0.99875
  ],
  "best_val_loss": 0.35234753775596617,
  "total_time_s": 1110.341053724289,
  "stopped_epoch": 50
}