{
  "train_loss": [
    1.3100341836929321,
    0.7340798858642578,
    0.516095208454132,
    0.4733639543533325,
    0.45245350227355957,
    0.4383866662025452,
    0.42942815532684325,
    0.4263604254245758,
    0.41995907735824584,
    0.4136906200408936,
    0.41193370771408083,
    0.41146329154968264,
    0.41018427543640135,
    0.41013987350463865,
    0.40639923043251036,
    0.4079727537155151,
    0.4057616826057434,
    0.4040394983291626,
    0.4020720154285431,
    0.40259689116477965,
    0.4032954053878784,
    0.4022831283569336,
    0.40016112031936646,
    0.4000099064826965,
    0.39904589452743533,
    0.39756321754455565,
    0.3971069196224213,
    0.39826838212013244,
    0.39716526584625245,
    0.3968701139450073,
    0.39601783084869385,
    0.3959778907299042,
    0.3949545373439789,
    0.39488174533843995,
    0.3943658369541168,
    0.3933753022193909,
    0.393501095867157,
    0.3936310784339905,
    0.39394669547080996,
    0.3927953794956207,
    0.39268444929122925,
    0.3923808992862701,
    0.3930944315910339,
    0.3909450360298157,
    0.39314834365844725
  ],
  "train_acc": [
    0.4409,
    0.82085,
    0.94115,
    0.96165,
    0.97185,
    0.97875,
    0.98155,
    0.98215,
    0.9851,
    0.98765,
    0.98825,
    0.98835,
    0.98875,
    0.98895,
    0.99135,
    0.9894,
    0.99065,
    0.99145,
    0.9925,
    0.9926,
    0.9921,
    0.99235,
    0.99345,
    0.9932,
    0.99395,
    0.99465,
    0.99515,
    0.99385,
    0.9946,
    0.9949,
    0.99525,
    0.9947,
    0.9961,
    0.9959,
    0.99625,
    0.99665,
    0.99635,
    0.9968,
    0.9964,
    0.9967,
    0.99665,
    0.99695,
    0.99685,
    0.99775,
    0.9967
  ],
  "val_loss": [
    1.1177373991012574,
    0.48051884603500367,
    0.4149084918498993,
    0.3935505576133728,
    0.38395430612564085,
    0.38938783264160154,
    0.3766180613040924,
    0.3656142432689667,
    0.3621326701641083,
    0.36791110944747923,
    0.36525458192825316,
    0.3659696092605591,
    0.3617566773891449,
    0.36428252458572385,
    0.35852376198768615,
    0.358127911567688,
    0.36912366199493407,
    0.35524906873703005,
    0.3559814200401306,
    0.35399132561683655,
    0.35719142055511477,
    0.35539274430274964,
    0.35691442012786867,
    0.3542231891155243,
    0.3559065613746643,
    0.35530988121032714,
    0.35348716616630554,
    0.3536097786426544,
    0.3524003620147705,
    0.3531611289978027,
    0.35166064453125,
    0.352179927110672,
    0.3517515218257904,
    0.35154130578041076,
    0.35136160206794737,
    0.3514447128772736,
    0.35107650899887083,
    0.35169863963127135,
    0.3518503770828247,
    0.35087030243873596,
    0.3507484781742096,
    0.35081053495407105,
    0.3507561273574829,
    0.3508621296882629,
    0.350732905626297
  ],
  "val_acc": [
    0.68525,
    0.95225,
    0.974,
    0.98275,
    0.9865,
    0.98525,
    0.98825,
    0.99425,
    0.99525,
    0.99125,
    0.994,
    0.99325,
    0.994,
    0.9945,
    0.9955,
    0.99725,
    0.99,
    0.9965,
    0.99725,
    0.998,
    0.99675,
    0.99725,
    0.9965,
    0.9985,
    0.9965,
    0.99775,
    0.99825,
    0.99775,
    0.9985,
    0.9985,
    0.999,
    0.99875,
    0.99925,
    0.9995,
    0.9995,
    0.99925,
    0.9995,
    0.99875,
    0.99925,
    0.9995,
    0.9995,
    0.99925,
    0.9995,
    0.9995,
    0.9995
  ],
  "best_val_loss": 0.35136160206794737,
  "total_time_s": 1681.2024428844452,
  "stopped_epoch": 45
}