{
  "train_loss": [
    1.2896245670318605,
    0.7355606179237366,
    0.5356376673698425,
    0.4790048593521118,
    0.4529345791816711,
    0.44164107184410095,
    0.4309848475933075,
    0.42349934968948366,
    0.4208038641929627,
    0.41813798208236697,
    0.41623353214263914,
    0.41196295680999756,
    0.41126438150405886,
    0.41026909403800965,
    0.40832549386024475,
    0.40759931349754336,
    0.4072984687328339,
    0.4057711012840271,
    0.4062751534461975,
    0.40378628997802735,
    0.40467717990875246,
    0.4033438690662384,
    0.40162994742393493,
    0.4025511191368103,
    0.3992732871055603,
    0.39969251251220705,
    0.3995770963668823,
    0.3973551812171936,
    0.397968480014801,
    0.3972899045944214,
    0.39737139043807984,
    0.3953487760066986,
    0.3963241856575012,
    0.3946342978000641,
    0.39511320686340334,
    0.3940292178153992,
    0.39568201742172243,
    0.3942637276649475,
    0.39293407278060916,
    0.39330515003204347,
    0.39437949290275576,
    0.392967360496521,
    0.3921424669742584,
    0.3925009247303009,
    0.39251151609420776,
    0.39296464223861693,
    0.3924567107200623,
    0.3918497556209564,
    0.3927898362636566,
    0.3926145061969757
  ],
  "train_acc": [
    0.50155,
    0.8345,
    0.9353,
    0.9613,
    0.97045,
    0.97675,
    0.98195,
    0.98515,
    0.9866,
    0.9875,
    0.98705,
    0.98975,
    0.98995,
    0.9904,
    0.9914,
    0.9917,
    0.99085,
    0.99215,
    0.99215,
    0.9933,
    0.9928,
    0.99325,
    0.99395,
    0.9931,
    0.99445,
    0.99455,
    0.99445,
    0.99535,
    0.9952,
    0.99545,
    0.99505,
    0.9967,
    0.99585,
    0.99605,
    0.99605,
    0.99715,
    0.9963,
    0.9966,
    0.9969,
    0.99705,
    0.9969,
    0.99715,
    0.9976,
    0.99755,
    0.99725,
    0.9972,
    0.99735,
    0.9979,
    0.9974,
    0.9977
  ],
  "val_loss": [
    1.102939160346985,
    0.5312627940177918,
    0.4462623655796051,
    0.4026810646057129,
    0.41053306341171264,
    0.37385371255874633,
    0.3747555718421936,
    0.37800857305526736,
    0.36761899614334104,
    0.36343396520614624,
    0.36527521276474,
    0.36412773084640504,
    0.36393977999687194,
    0.3624494616985321,
    0.36132445812225344,
    0.3588378040790558,
    0.36035508489608764,
    0.3573022606372833,
    0.35826213550567626,
    0.35839106011390687,
    0.3557756564617157,
    0.35690943884849546,
    0.35387395334243776,
    0.3576998155117035,
    0.35431846165657044,
    0.3529845459461212,
    0.35475323390960695,
    0.35479158210754397,
    0.3530679068565369,
    0.35408452415466307,
    0.35248346281051635,
    0.3540729699134827,
    0.35312887334823606,
    0.35167246699333193,
    0.35163796043395995,
    0.35175202655792237,
    0.35188099861145017,
    0.351975396156311,
    0.3515601477622986,
    0.3523672211170197,
    0.3510527377128601,
    0.35110129952430724,
    0.3507744166851044,
    0.3510136213302612,
    0.35131269884109495,
    0.35086909055709836,
    0.35081607627868655,
    0.3509585449695587,
    0.35076773166656494,
    0.3510663800239563
  ],
  "val_acc": [
    0.66025,
    0.92075,
    0.96075,
    0.9805,
    0.9765,
    0.99025,
    0.99,
    0.9885,
    0.9945,
    0.994,
    0.993,
    0.9945,
    0.99325,
    0.99525,
    0.99575,
    0.99575,
    0.9945,
    0.99825,
    0.9965,
    0.9965,
    0.99775,
    0.99725,
    0.99875,
    0.99575,
    0.998,
    0.99875,
    0.99775,
    0.99775,
    0.99875,
    0.998,
    0.999,
    0.999,
    0.9985,
    0.99925,
    0.9995,
    0.99925,
    0.9995,
    0.99975,
    0.9995,
    0.999,
    0.9995,
    0.9995,
    0.99975,
    0.9995,
    0.9995,
    0.9995,
    1.0,
    0.9995,
    1.0,
    0.9995
  ],
  "best_val_loss": 0.3510527377128601,
  "total_time_s": 1008.5282735824585,
  "stopped_epoch": 50
}