{
  "train_loss": [
    1.2658952529907226,
    0.8430002056121826,
    0.5053570013999938,
    0.46334224433898924,
    0.44582334756851194,
    0.43594494318962096,
    0.42930259284973143,
    0.4229262268066406,
    0.41894499683380126,
    0.4142599039554596,
    0.4144972294807434,
    0.4124124575614929,
    0.4093798900604248,
    0.40903272151947023,
    0.4080524233341217,
    0.4065004539489746,
    0.40769117441177366,
    0.4060430698394775,
    0.4031509238243103,
    0.4060599247455597,
    0.4037447607517242,
    0.403150018119812,
    0.40332588925361634,
    0.4018017140865326,
    0.40186066155433653,
    0.39975019822120667,
    0.3981375693321228,
    0.3973212685108185,
    0.3988985345840454,
    0.39827314133644104,
    0.39739002590179445,
    0.3972557334899902,
    0.39532320256233217,
    0.3960410831928253,
    0.3957829483985901
  ],
  "train_acc": [
    0.3946,
    0.73995,
    0.9496,
    0.9678,
    0.97685,
    0.97895,
    0.98195,
    0.9841,
    0.98595,
    0.9887,
    0.98845,
    0.9887,
    0.99055,
    0.9894,
    0.99085,
    0.99115,
    0.9908,
    0.9917,
    0.9919,
    0.992,
    0.99295,
    0.9925,
    0.99255,
    0.99395,
    0.9931,
    0.9942,
    0.99535,
    0.99535,
    0.99495,
    0.99525,
    0.99575,
    0.99575,
    0.99625,
    0.9961,
    0.99665
  ],
  "val_loss": [
    1.1079331073760987,
    0.5338792691230774,
    0.42390117597579957,
    0.3823990569114685,
    0.3726234860420227,
    0.38013831663131714,
    0.39546703815460205,
    0.3662778913974762,
    0.36463150644302367,
    0.36021130418777464,
    0.3628478662967682,
    0.36067168045043946,
    0.3601733336448669,
    0.35806572794914243,
    0.3551127166748047,
    0.35504294776916506,
    0.3562199630737305,
    0.3548480725288391,
    0.36009324026107786,
    0.3555021800994873,
    0.35721378993988034,
    0.3545088131427765,
    0.35361215329170226,
    0.35344549918174745,
    0.35234725975990294,
    0.35484193205833436,
    0.3540947322845459,
    0.3539500432014465,
    0.3546507563591003,
    0.3526437494754791,
    0.35306876683235167,
    0.35233119082450864,
    0.35347379994392397,
    0.3516213481426239,
    0.3520600574016571
  ],
  "val_acc": [
    0.466,
    0.93275,
    0.9725,
    0.9845,
    0.99075,
    0.9875,
    0.978,
    0.9925,
    0.99325,
    0.9955,
    0.99325,
    0.9955,
    0.99525,
    0.99575,
    0.997,
    0.99825,
    0.997,
    0.998,
    0.994,
    0.99725,
    0.99775,
    0.9985,
    0.99875,
    0.99825,
    0.99875,
    0.9975,
    0.99825,
    0.9985,
    0.9975,
    0.9985,
    0.99875,
    0.999,
    0.998,
    0.999,
    0.99875
  ],
  "best_val_loss": 0.35234725975990294,
  "total_time_s": 1882.5259990692139,
  "stopped_epoch": 35
}