{
  "train_loss": [
    1.2652753526687621,
    0.8785569182395935,
    0.5459406988143921,
    0.46183607811927796,
    0.4400762966632843,
    0.429784778213501,
    0.42446929264068606,
    0.4201377210140228,
    0.4164282549858093,
    0.41358093705177307,
    0.4117621965408325,
    0.41181773133277894,
    0.40905036973953246,
    0.4104544182777405,
    0.4085988169670105,
    0.40785978984832766,
    0.4065371685504913,
    0.405253373336792,
    0.4049059460639954,
    0.40412559766769407,
    0.40439679975509646,
    0.40256666107177735,
    0.4025104072570801,
    0.40038375520706176,
    0.4029164406299591,
    0.4004429744720459,
    0.400004514503479,
    0.3993894823074341,
    0.3980399027347565,
    0.39718628983497617,
    0.3975493487358093,
    0.3972849789619446,
    0.3956239560127258,
    0.39754731216430667,
    0.39772889289855956,
    0.3958605191230774,
    0.39367615032196046,
    0.3941197297096252,
    0.3949758601665497,
    0.3944969647407532,
    0.39332242164611814,
    0.3931050494670868
  ],
  "train_acc": [
    0.4232,
    0.6742,
    0.92995,
    0.9697,
    0.97865,
    0.9822,
    0.98305,
    0.98485,
    0.9875,
    0.9871,
    0.98865,
    0.98795,
    0.98955,
    0.9895,
    0.9898,
    0.9907,
    0.9912,
    0.99115,
    0.9921,
    0.99225,
    0.99225,
    0.9922,
    0.99265,
    0.9933,
    0.9921,
    0.994,
    0.9941,
    0.99355,
    0.995,
    0.99465,
    0.99435,
    0.9953,
    0.99635,
    0.99475,
    0.99465,
    0.99585,
    0.9966,
    0.99645,
    0.99595,
    0.9964,
    0.99695,
    0.9967
  ],
  "val_loss": [
    1.1177145910263062,
    0.6525685172080994,
    0.4235747437477112,
    0.42087028169631957,
    0.3749979283809662,
    0.38853523445129395,
    0.37896022701263427,
    0.36206482839584353,
    0.3641701736450195,
    0.3699872579574585,
    0.359476170539856,
    0.3641247646808624,
    0.3585989480018616,
    0.35758084177970884,
    0.36638292264938355,
    0.3599396767616272,
    0.35751606369018557,
    0.35445705795288085,
    0.35533290934562684,
    0.35633641481399536,
    0.3581339948177338,
    0.35727264189720154,
    0.3543573157787323,
    0.3569328010082245,
    0.35430149841308595,
    0.35307875394821164,
    0.35276725435256956,
    0.3537407388687134,
    0.35316409707069396,
    0.35508550477027895,
    0.35335403990745545,
    0.35139244174957274,
    0.35294289541244506,
    0.35205869102478027,
    0.3522829909324646,
    0.3519154543876648,
    0.35117983794212343,
    0.35195423698425293,
    0.35133768963813783,
    0.35119028043746947,
    0.3511713247299194,
    0.3512964563369751
  ],
  "val_acc": [
    0.453,
    0.872,
    0.96825,
    0.96975,
    0.9875,
    0.982,
    0.9875,
    0.99625,
    0.99375,
    0.99025,
    0.99525,
    0.99425,
    0.99625,
    0.99575,
    0.99175,
    0.996,
    0.99675,
    0.99875,
    0.9975,
    0.99725,
    0.99625,
    0.9965,
    0.99775,
    0.99625,
    0.99875,
    0.99925,
    0.99875,
    0.9975,
    0.9985,
    0.9975,
    0.998,
    0.9995,
    0.99925,
    0.99925,
    0.99925,
    0.999,
    0.9995,
    0.999,
    0.9995,
    0.9995,
    0.9995,
    0.9995
  ],
  "best_val_loss": 0.35139244174957274,
  "total_time_s": 1423.575368642807,
  "stopped_epoch": 42
}