{
  "train_loss": [
    1.2834696367263794,
    0.8523829281806946,
    0.525630841255188,
    0.4702985531806946,
    0.45285493516922,
    0.4429529502391815,
    0.42952319917678833,
    0.42546904664039614,
    0.42052442088127134,
    0.41916133375167847,
    0.41490025997161867,
    0.41318088507652284,
    0.4122641646385193,
    0.409741298866272,
    0.40930226430892946,
    0.4078564804077148,
    0.4084309467315674,
    0.4037328081607819,
    0.4046846931934357,
    0.4016148504257202,
    0.40507124333381656,
    0.4020439980506897,
    0.40019350566864015,
    0.3996071478843689,
    0.40083950128555296,
    0.40065692014694215,
    0.3996480248451233,
    0.3987134770393372,
    0.3984313948631287,
    0.3969470380783081,
    0.39593675031661985,
    0.39666003708839415,
    0.3950658559322357,
    0.39659765992164614,
    0.3947341920375824,
    0.39489387979507445,
    0.39440775365829467,
    0.3943755611896515,
    0.3939123016357422,
    0.3930047501087189,
    0.3924184584617615,
    0.3922461598396301
  ],
  "train_acc": [
    0.4494,
    0.7477,
    0.93735,
    0.96485,
    0.9716,
    0.97485,
    0.98275,
    0.9841,
    0.98575,
    0.9865,
    0.9872,
    0.98845,
    0.98855,
    0.98975,
    0.9898,
    0.9908,
    0.99045,
    0.99245,
    0.99265,
    0.99335,
    0.99145,
    0.99325,
    0.9938,
    0.9937,
    0.99315,
    0.99345,
    0.9945,
    0.99455,
    0.99505,
    0.99555,
    0.99545,
    0.9954,
    0.9955,
    0.99505,
    0.99575,
    0.9964,
    0.9969,
    0.9963,
    0.9959,
    0.99705,
    0.99665,
    0.99745
  ],
  "val_loss": [
    1.1446554374694824,
    0.5520616240501404,
    0.41177775716781617,
    0.3929316473007202,
    0.41452204847335816,
    0.37847193360328674,
    0.3808378953933716,
    0.3749002056121826,
    0.3661016869544983,
    0.3676061975955963,
    0.3660446016788483,
    0.36518427324295044,
    0.36153143548965455,
    0.35810069465637206,
    0.3572507257461548,
    0.3581792297363281,
    0.3659178192615509,
    0.36026897859573365,
    0.357227392911911,
    0.35802848863601683,
    0.35669622468948364,
    0.3568087136745453,
    0.354904757976532,
    0.35556906962394713,
    0.35587232422828674,
    0.35751430320739747,
    0.35426643133163455,
    0.3544397583007812,
    0.3536976563930512,
    0.35466626715660093,
    0.35338172054290773,
    0.35220886278152463,
    0.35240038204193114,
    0.35245514726638794,
    0.3519286742210388,
    0.35169025349617006,
    0.3521236810684204,
    0.3518945038318634,
    0.35121262979507445,
    0.3517033553123474,
    0.35186985206604005,
    0.35152526760101316
  ],
  "val_acc": [
    0.4915,
    0.94225,
    0.97225,
    0.98225,
    0.9715,
    0.98675,
    0.98725,
    0.99025,
    0.992,
    0.99275,
    0.9925,
    0.994,
    0.99425,
    0.9965,
    0.99725,
    0.996,
    0.9925,
    0.9955,
    0.99675,
    0.99675,
    0.997,
    0.99725,
    0.998,
    0.998,
    0.99775,
    0.996,
    0.99825,
    0.9975,
    0.99875,
    0.998,
    0.9985,
    0.99925,
    0.9985,
    0.99875,
    0.99975,
    0.99975,
    0.99925,
    0.99875,
    0.9995,
    0.9995,
    0.999,
    0.99925
  ],
  "best_val_loss": 0.35220886278152463,
  "total_time_s": 1729.1546823978424,
  "stopped_epoch": 42
}