{
  "train_loss": [
    1.307856126022339,
    0.7864294005393981,
    0.5611060777664184,
    0.48822858695983884,
    0.459631169462204,
    0.4425026896476746,
    0.43275226192474364,
    0.42334407868385315,
    0.4194444353103638,
    0.4198150308609009,
    0.41367566752433776,
    0.41442560472488404,
    0.4116561017036438,
    0.4122445424079895,
    0.41021418685913086,
    0.4092861747741699,
    0.40592901544570925,
    0.4066417787075043,
    0.406116579246521,
    0.40375470848083495,
    0.40307362647056577,
    0.4044394257068634,
    0.40247280349731446,
    0.40047028908729554,
    0.40287854895591735,
    0.40158108291625977,
    0.399158793258667,
    0.3994974400043488,
    0.39906256799697876,
    0.3995115429401398,
    0.4011249122619629,
    0.3973967544555664,
    0.39707156195640564,
    0.3963191451072693,
    0.39614733800888063,
    0.3959326929092407,
    0.3950778637886047
  ],
  "train_acc": [
    0.49525,
    0.7592,
    0.9181,
    0.95835,
    0.9715,
    0.9782,
    0.98165,
    0.98445,
    0.9861,
    0.98675,
    0.9892,
    0.98835,
    0.9889,
    0.9876,
    0.98955,
    0.99005,
    0.9911,
    0.9912,
    0.99145,
    0.99235,
    0.99215,
    0.99165,
    0.993,
    0.99315,
    0.99285,
    0.9932,
    0.99435,
    0.99425,
    0.9944,
    0.99425,
    0.99375,
    0.99505,
    0.9952,
    0.99555,
    0.99575,
    0.9955,
    0.99605
  ],
  "val_loss": [
    1.1140969467163087,
    0.5949423780441284,
    0.4315484924316406,
    0.4170980739593506,
    0.3785163950920105,
    0.39727288293838503,
    0.38210332107543943,
    0.3644702405929565,
    0.36621870994567873,
    0.36289828515052797,
    0.3656190943717956,
    0.3593213083744049,
    0.3604907574653625,
    0.36266683840751646,
    0.36019191122055055,
    0.3578213715553284,
    0.35735866689682005,
    0.35996523809432984,
    0.3568405499458313,
    0.3628395576477051,
    0.36006553196907043,
    0.3571021730899811,
    0.3587190308570862,
    0.3550133497714996,
    0.35754379081726073,
    0.356293071269989,
    0.35235996770858763,
    0.3538175642490387,
    0.3525787000656128,
    0.35261025619506836,
    0.3544042272567749,
    0.3522208135128021,
    0.3531859834194183,
    0.3517230749130249,
    0.35427353048324584,
    0.3517001147270203,
    0.35173949313163755
  ],
  "val_acc": [
    0.65775,
    0.91875,
    0.96575,
    0.9715,
    0.9875,
    0.97675,
    0.9855,
    0.9945,
    0.9935,
    0.99375,
    0.9955,
    0.99575,
    0.9955,
    0.993,
    0.995,
    0.99675,
    0.99775,
    0.994,
    0.99625,
    0.99325,
    0.9935,
    0.99825,
    0.99625,
    0.9985,
    0.99625,
    0.996,
    0.999,
    0.99875,
    0.99875,
    0.9995,
    0.998,
    0.99925,
    0.999,
    0.9995,
    0.9985,
    0.9995,
    0.999
  ],
  "best_val_loss": 0.35235996770858763,
  "total_time_s": 818.6247918605804,
  "stopped_epoch": 37
}