{
  "train_loss": [
    1.2748824768066407,
    0.8380710267066955,
    0.5269597696304321,
    0.46624527821540834,
    0.4441689109802246,
    0.4352182099342346,
    0.4249321722984314,
    0.42176755628585816,
    0.41900479106903077,
    0.4187797803401947,
    0.4157056643009186,
    0.41110188817977905,
    0.4134391532897949,
    0.4091829435348511,
    0.40939848127365114,
    0.4091140775203705,
    0.41072107000350955,
    0.4066170931816101,
    0.40457171092033384,
    0.4047705580711365,
    0.40430651412010193,
    0.4057693769454956,
    0.4040142247200012,
    0.40290168876647947,
    0.40244366402626036,
    0.40267980589866637,
    0.40157508935928343,
    0.4007980369091034,
    0.40081901206970216,
    0.40020732560157773,
    0.39844653296470645,
    0.3992710331916809,
    0.39797556014060975,
    0.3978015955448151,
    0.39834484996795655,
    0.3974401622772217,
    0.3974589484214783,
    0.3966176396369934,
    0.39708805713653567,
    0.39609694747924806,
    0.39642908039093017,
    0.3964258083820343,
    0.395474156999588,
    0.39556261191368103,
    0.3954495969295502,
    0.3953394276618957,
    0.39625740237236023,
    0.3949192255973816,
    0.39521883296966553
  ],
  "train_acc": [
    0.45785,
    0.73475,
    0.9349,
    0.9678,
    0.97685,
    0.98045,
    0.9851,
    0.98685,
    0.98685,
    0.9868,
    0.98775,
    0.9897,
    0.98955,
    0.9904,
    0.9911,
    0.99095,
    0.9898,
    0.9921,
    0.9927,
    0.9928,
    0.99255,
    0.99255,
    0.9927,
    0.9936,
    0.9943,
    0.994,
    0.99415,
    0.99465,
    0.9938,
    0.9948,
    0.99585,
    0.99525,
    0.99625,
    0.9963,
    0.9958,
    0.99635,
    0.99605,
    0.9966,
    0.99675,
    0.9969,
    0.99705,
    0.99685,
    0.99665,
    0.99715,
    0.99685,
    0.99725,
    0.9971,
    0.9973,
    0.9975
  ],
  "val_loss": [
    1.147393443107605,
    0.5679498205184936,
    0.44346287870407103,
    0.3824475152492523,
    0.3712834601402283,
    0.36491553115844727,
    0.364718754529953,
    0.3631598858833313,
    0.36370718932151797,
    0.3590247476100922,
    0.36443095541000364,
    0.3618244986534119,
    0.3595567772388458,
    0.35907190895080565,
    0.35565341424942015,
    0.35582082843780516,
    0.35962693190574646,
    0.35594662237167357,
    0.3563393216133118,
    0.35509801292419435,
    0.35523290777206423,
    0.35731394481658935,
    0.3547830076217651,
    0.35551553320884705,
    0.35403646755218504,
    0.35500659942626955,
    0.3537863414287567,
    0.35366200518608093,
    0.35308397459983826,
    0.35393634724617007,
    0.35228170776367185,
    0.3524093818664551,
    0.35233011531829833,
    0.3529129681587219,
    0.35240477323532104,
    0.35163337659835814,
    0.3520105042457581,
    0.3519916620254517,
    0.351123254776001,
    0.3517973551750183,
    0.3517292866706848,
    0.3512957830429077,
    0.35108361101150515,
    0.3510797884464264,
    0.3512186019420624,
    0.35096381521224973,
    0.35105100059509275,
    0.35110505294799804,
    0.35098119282722473
  ],
  "val_acc": [
    0.633,
    0.9295,
    0.95525,
    0.9865,
    0.99175,
    0.99325,
    0.99375,
    0.99325,
    0.99375,
    0.996,
    0.9935,
    0.99525,
    0.9955,
    0.99475,
    0.99825,
    0.9975,
    0.997,
    0.9975,
    0.99725,
    0.99775,
    0.99775,
    0.99625,
    0.99775,
    0.99675,
    0.9975,
    0.9975,
    0.998,
    0.998,
    0.999,
    0.99825,
    0.99875,
    0.99875,
    0.99925,
    0.99875,
    0.99925,
    0.99925,
    0.9995,
    0.99925,
    0.9995,
    0.999,
    0.99925,
    0.9995,
    0.99925,
    0.9995,
    0.9995,
    0.9995,
    0.99925,
    0.9995,
    0.9995
  ],
  "best_val_loss": 0.351123254776001,
  "total_time_s": 947.160887002945,
  "stopped_epoch": 49
}