{
  "train_loss": [
    1.2569885749816894,
    0.9373269622802735,
    0.5521542918205261,
    0.4686105779647827,
    0.450474556016922,
    0.43779611825942993,
    0.4320482469558716,
    0.42255901641845706,
    0.41832176280021666,
    0.41812696895599366,
    0.41485408000946045,
    0.41376248197555543,
    0.4103907738208771,
    0.4077635328292847,
    0.40764297704696656,
    0.40678074293136596,
    0.4060228615760803,
    0.4056812635421753,
    0.4049267104148865,
    0.40338965673446653,
    0.4033718759536743,
    0.4010104751110077,
    0.400335385465622,
    0.40148151230812074,
    0.3991861755371094,
    0.3999911654472351,
    0.39902997217178343,
    0.3991869465827942,
    0.3979530912399292,
    0.39746188430786134,
    0.39678815250396726
  ],
  "train_acc": [
    0.42345,
    0.66215,
    0.9328,
    0.9659,
    0.9732,
    0.9791,
    0.98085,
    0.98445,
    0.9859,
    0.98595,
    0.98755,
    0.9879,
    0.98875,
    0.99,
    0.99055,
    0.99025,
    0.9905,
    0.99155,
    0.99175,
    0.9925,
    0.9921,
    0.99325,
    0.99385,
    0.9931,
    0.99405,
    0.9939,
    0.99435,
    0.99465,
    0.99445,
    0.99525,
    0.995
  ],
  "val_loss": [
    1.114810676574707,
    0.7529570732116699,
    0.42922152948379516,
    0.3927227947711945,
    0.3904979572296143,
    0.38122761058807375,
    0.3732739691734314,
    0.37211547803878786,
    0.36575713086128236,
    0.363777370929718,
    0.36117189598083493,
    0.35956745052337646,
    0.3584472076892853,
    0.3666240577697754,
    0.35486252307891847,
    0.3595162148475647,
    0.3536107375621796,
    0.35646042466163635,
    0.35408950901031494,
    0.35589558029174806,
    0.3526014404296875,
    0.3558267922401428,
    0.355566237449646,
    0.35510948300361633,
    0.3537696797847748,
    0.35273212695121764,
    0.351996102809906,
    0.3523029651641846,
    0.35235030722618105,
    0.35237943601608274,
    0.3529981460571289
  ],
  "val_acc": [
    0.4745,
    0.777,
    0.96425,
    0.9805,
    0.983,
    0.98775,
    0.98975,
    0.99025,
    0.99475,
    0.994,
    0.99575,
    0.995,
    0.99625,
    0.9915,
    0.998,
    0.995,
    0.999,
    0.997,
    0.998,
    0.99675,
    0.999,
    0.997,
    0.9975,
    0.99675,
    0.99775,
    0.999,
    0.9995,
    0.999,
    0.9985,
    0.9985,
    0.99875
  ],
  "best_val_loss": 0.3526014404296875,
  "total_time_s": 1488.156264781952,
  "stopped_epoch": 31
}