{
  "train_loss": [
    1.2831722675323487,
    0.8715726741790771,
    0.5306960109710693,
    0.4681588097572327,
    0.45376985187530516,
    0.43920938329696657,
    0.43000059003829955,
    0.42512453327178956,
    0.42080211758613584,
    0.41626860451698305,
    0.4136670606613159,
    0.4115302351951599,
    0.4111759421348572,
    0.4078612510681152,
    0.4067126015663147,
    0.40628618569374086,
    0.4080816623687744,
    0.40580515756607055,
    0.4033863747596741,
    0.4039798041820526,
    0.403054540348053,
    0.40232566347122195,
    0.39961644287109377,
    0.40168826642036437,
    0.3997902403831482,
    0.40186709823608396,
    0.399675456905365,
    0.39992201461791993,
    0.39824571499824524,
    0.39867067141532897,
    0.3976475427627563,
    0.39796222648620605,
    0.39715196876525877,
    0.39750096440315247,
    0.3965408034801483,
    0.3958561694145203,
    0.3959793553352356,
    0.3951647714138031,
    0.3959047807216644,
    0.395993994808197,
    0.39496953325271605,
    0.39375748567581176,
    0.3929879597187042,
    0.3936765114784241,
    0.3941728667259216
  ],
  "train_acc": [
    0.42245,
    0.687,
    0.93635,
    0.96605,
    0.97235,
    0.9779,
    0.9823,
    0.98465,
    0.98635,
    0.9868,
    0.98935,
    0.9896,
    0.9901,
    0.9909,
    0.992,
    0.9912,
    0.991,
    0.99245,
    0.99315,
    0.99305,
    0.99345,
    0.9934,
    0.99445,
    0.9933,
    0.9951,
    0.993,
    0.995,
    0.99465,
    0.99585,
    0.995,
    0.9955,
    0.99535,
    0.99615,
    0.99585,
    0.9959,
    0.9965,
    0.99665,
    0.9963,
    0.9969,
    0.9967,
    0.9967,
    0.9969,
    0.99805,
    0.99755,
    0.99745
  ],
  "val_loss": [
    1.1324737854003906,
    0.600043797492981,
    0.42324389934539797,
    0.3909259610176086,
    0.39495116329193114,
    0.3699618802070618,
    0.367909882068634,
    0.3669724769592285,
    0.3625788128376007,
    0.3648130333423614,
    0.36576821947097776,
    0.35765614700317383,
    0.35685506439208986,
    0.35794563388824463,
    0.3565524711608887,
    0.3588219621181488,
    0.3591722378730774,
    0.35825817465782167,
    0.3540020799636841,
    0.3558216805458069,
    0.35548910808563233,
    0.3556673481464386,
    0.354655042886734,
    0.3530205616950989,
    0.3535446085929871,
    0.35317348766326906,
    0.3541031758785248,
    0.3524639568328857,
    0.352045699596405,
    0.35264199423789977,
    0.3516875343322754,
    0.35198306465148926,
    0.35177394437789916,
    0.35192063784599303,
    0.35134688997268676,
    0.350652010679245,
    0.35155900979042054,
    0.35143420815467835,
    0.35164282298088073,
    0.3509968082904816,
    0.35112810230255126,
    0.35104793167114257,
    0.35100123596191407,
    0.35042920112609866,
    0.35046837615966797
  ],
  "val_acc": [
    0.4845,
    0.91725,
    0.9725,
    0.98475,
    0.9765,
    0.99075,
    0.99225,
    0.99225,
    0.99525,
    0.99375,
    0.99275,
    0.99675,
    0.99625,
    0.997,
    0.99725,
    0.997,
    0.99625,
    0.99575,
    0.99825,
    0.99825,
    0.9975,
    0.99775,
    0.99875,
    0.99925,
    0.99875,
    0.9995,
    0.99825,
    0.99925,
    0.999,
    0.99925,
    0.9995,
    0.9995,
    0.99925,
    0.9995,
    0.99925,
    0.99975,
    0.9995,
    0.99925,
    0.9995,
    0.9995,
    0.9995,
    0.9995,
    0.9995,
    0.99975,
    0.9995
  ],
  "best_val_loss": 0.35134688997268676,
  "total_time_s": 1096.4945991039276,
  "stopped_epoch": 45
}