{
  "weighted_f1": 0.9944980091044494,
  "macro_f1": 0.9944104420345357,
  "weighted_accuracy": 0.9945,
  "weighted_precision": 0.994502665581026,
  "weighted_recall": 0.9945,
  "per_class_auc": [
    0.9999410606814788,
    0.9998843146462726,
    0.999925337461707,
    0.999987995462505,
    0.9999713178305077,
    0.9998679276681811,
    0.9999229990963072,
    0.9999543543163252,
    0.9999770228011161,
    0.9999649467769719
  ],
  "mean_auc": 0.9999397276741373,
  "confusion_matrix": [
    [
      980,
      0,
      0,
      0,
      0,
      0,
      0,
      0,
      0,
      0
    ],
    [
      0,
      1130,
      1,
      1,
      0,
      0,
      1,
      2,
      0,
      0
    ],
    [
      0,
      0,
      1027,
      0,
      0,
      3,
      1,
      1,
      0,
      0
    ],
    [
      0,
      0,
      2,
      1005,
      0,
      3,
      0,
      0,
      0,
      0
    ],
    [
      0,
      0,
      0,
      0,
      975,
      0,
      1,
      1,
      0,
      5
    ],
    [
      1,
      0,
      3,
      5,
      0,
      880,
      2,
      1,
      0,
      0
    ],
    [
      4,
      0,
      4,
      0,
      1,
      1,
      947,
      0,
      1,
      0
    ],
    [
      0,
      2,
      1,
      1,
      0,
      0,
      0,
      1024,
      0,
      0
    ],
    [
      0,
      0,
      0,
      0,
      0,
      1,
      0,
      0,
      973,
      0
    ],
    [
      0,
      0,
      0,
      0,
      4,
      0,
      0,
      0,
      1,
      1004
    ]
  ],
  "report": "              precision    recall  f1-score   support\n\n           0       0.99      1.00      1.00       980\n           1       1.00      1.00      1.00      1135\n           2       0.99      1.00      0.99      1032\n           3       0.99      1.00      0.99      1010\n           4       0.99      0.99      0.99       982\n           5       0.99      0.99      0.99       892\n           6       0.99      0.99      0.99       958\n           7       1.00      1.00      1.00      1028\n           8       1.00      1.00      1.00       974\n           9       1.00      1.00      1.00      1009\n\n    accuracy                           0.99     10000\n   macro avg       0.99      0.99      0.99     10000\nweighted avg       0.99      0.99      0.99     10000\n",
  "seed": 0
}