{
  "train_loss": [
    2.1675340509202745,
    1.9099222789340549,
    1.762355727895101,
    1.6615824527316623,
    1.5916205274158053,
    1.5393557728237577,
    1.4867382389916315,
    1.4384107318454318,
    1.4052065483517118,
    1.369710254711575,
    1.3444907446543375,
    1.3250611937628851,
    1.3037920768525866,
    1.2809543348736234,
    1.2695440414216783,
    1.251996815194024,
    1.240621387524075,
    1.2236113453123305,
    1.2156152764850192,
    1.200253907754686,
    1.1879211907916598,
    1.178655470805698,
    1.1689656797620984,
    1.158020229127672,
    1.1444685665978325,
    1.1418028235541449,
    1.1325908620198568,
    1.1237359686109756,
    1.1164488519880507,
    1.1122294696807862,
    1.1060801002714369,
    1.0930412908766005,
    1.0916311182234022,
    1.0869208402633668,
    1.075058756404453,
    1.071763730345832,
    1.0648146238538954,
    1.0642949528164334,
    1.054526556248135,
    1.047821752611796,
    1.0483060360378689,
    1.0448764795091416,
    1.0407987665812175,
    1.0377824640697904,
    1.0351437441507976,
    1.0357268012152778,
    1.0334738481733534,
    1.0330142731136747,
    1.0294352535671658,
    1.0284179180357191
  ],
  "train_acc": [
    0.19762222222222223,
    0.3042888888888889,
    0.3992888888888889,
    0.46344444444444444,
    0.5072,
    0.5359555555555555,
    0.5685111111111111,
    0.5941333333333333,
    0.6111333333333333,
    0.6291333333333333,
    0.6414222222222222,
    0.6537333333333334,
    0.6642666666666667,
    0.6761777777777778,
    0.6814888888888889,
    0.6900888888888889,
    0.6978888888888889,
    0.7065333333333333,
    0.7107333333333333,
    0.7192666666666667,
    0.7248666666666667,
    0.7308888888888889,
    0.7335555555555555,
    0.7401555555555556,
    0.7448444444444444,
    0.7480666666666667,
    0.7532,
    0.7582,
    0.7575333333333333,
    0.7638666666666667,
    0.7650666666666667,
    0.7709777777777778,
    0.7718,
    0.7763333333333333,
    0.7808444444444445,
    0.7822,
    0.7840888888888888,
    0.7876666666666666,
    0.7888444444444445,
    0.7936444444444445,
    0.7932,
    0.7957111111111111,
    0.7972666666666667,
    0.7978444444444445,
    0.8005777777777778,
    0.7988444444444445,
    0.8009777777777778,
    0.7996,
    0.8024444444444444,
    0.8018222222222222
  ],
  "val_loss": [
    1.9687730142593385,
    1.7919326921463012,
    1.6104497283935546,
    1.5608356580734253,
    1.4591225770950318,
    1.4274559226989747,
    1.3511097902297973,
    1.3087810874938965,
    1.2690315732955932,
    1.2467654275894164,
    1.23054322347641,
    1.201950032043457,
    1.1801265766143798,
    1.1659574816703797,
    1.1477412286758424,
    1.1347567543029786,
    1.1211371366500855,
    1.1243253639221191,
    1.1038021220207215,
    1.1151325783729553,
    1.0758370775222779,
    1.076662138080597,
    1.0699197843551636,
    1.0694061393737793,
    1.0583465118408204,
    1.0431443427085876,
    1.0260224184036255,
    1.0261480226516724,
    1.0125437319755555,
    1.0004342305183411,
    1.0071222761154175,
    1.0082070744514466,
    0.9960818026542664,
    1.000205208683014,
    0.9887162043571472,
    0.988131469631195,
    0.9839032886505127,
    0.978907213973999,
    0.9847194219589234,
    0.9801109153747558,
    0.9724745418548584,
    0.9715306797027587,
    0.9675596126556396,
    0.9650000610351562,
    0.9696698206901551,
    0.9667859445571899,
    0.9644182647705078,
    0.9646524605751038,
    0.9607161268234253,
    0.9633295027732849
  ],
  "val_acc": [
    0.2464,
    0.37,
    0.4784,
    0.4998,
    0.5508,
    0.5714,
    0.6188,
    0.632,
    0.6498,
    0.6672,
    0.6682,
    0.6834,
    0.692,
    0.695,
    0.7084,
    0.7172,
    0.7262,
    0.7218,
    0.7304,
    0.724,
    0.7484,
    0.7474,
    0.7496,
    0.7482,
    0.7532,
    0.7628,
    0.77,
    0.7672,
    0.773,
    0.7794,
    0.7746,
    0.7754,
    0.7826,
    0.7854,
    0.787,
    0.7846,
    0.79,
    0.7922,
    0.7888,
    0.7914,
    0.7944,
    0.7958,
    0.801,
    0.7978,
    0.7978,
    0.8002,
    0.8024,
    0.8024,
    0.804,
    0.802
  ],
  "best_val_loss": 0.9607161268234253,
  "total_time_s": 2898.8308749198914,
  "stopped_epoch": 50
}