{
  "weighted_f1": 0.3267302470143052,
  "macro_f1": 0.3718902661836946,
  "weighted_accuracy": 0.28379052369077307,
  "weighted_precision": 0.7917956320989902,
  "weighted_recall": 0.28379052369077307,
  "per_class_auc": [
    0.9097160360698268,
    0.925709268730922,
    0.8804736440030558,
    0.8840214100820428,
    0.8657250129596916,
    0.9125686189949958,
    0.9810484433896411
  ],
  "mean_auc": 0.9084660620328823,
  "confusion_matrix": [
    [
      41,
      12,
      5,
      4,
      4,
      0,
      0
    ],
    [
      13,
      47,
      5,
      24,
      4,
      0,
      10
    ],
    [
      20,
      9,
      90,
      46,
      48,
      3,
      4
    ],
    [
      2,
      1,
      0,
      18,
      1,
      0,
      1
    ],
    [
      5,
      2,
      21,
      41,
      142,
      5,
      7
    ],
    [
      12,
      16,
      35,
      798,
      204,
      204,
      72
    ],
    [
      0,
      0,
      0,
      2,
      0,
      0,
      27
    ]
  ],
  "report": "              precision    recall  f1-score   support\n\n           0       0.44      0.62      0.52        66\n           1       0.54      0.46      0.49       103\n           2       0.58      0.41      0.48       220\n           3       0.02      0.78      0.04        23\n           4       0.35      0.64      0.45       223\n           5       0.96      0.15      0.26      1341\n           6       0.22      0.93      0.36        29\n\n    accuracy                           0.28      2005\n   macro avg       0.45      0.57      0.37      2005\nweighted avg       0.79      0.28      0.33      2005\n",
  "seed": 0
}