{
  "train_loss": [
    4.600701236724854,
    4.433693318854438,
    4.239141692945692,
    4.111197654554579,
    4.030088237508138,
    3.960206019337972,
    3.9125908115810817,
    3.8788534439086915,
    3.835566370307075,
    3.800872118038601,
    3.7627536954667833,
    3.7341830344306097,
    3.704805793762207,
    3.6804307924482558,
    3.663823867077298,
    3.6426043806287978,
    3.624399775907728,
    3.6044102851019963,
    3.5849536199357774,
    3.569823500061035,
    3.5610894137064615,
    3.545687213389079,
    3.5324436863369413,
    3.5245488605923123,
    3.5119692746480307,
    3.494839709642198,
    3.495866395611233,
    3.4792933727688258,
    3.4628038703070745,
    3.4583287014855277,
    3.4510824333190917,
    3.4428000422159832,
    3.4370824534098308,
    3.4318865724351673,
    3.411892693540785,
    3.4102275432162816,
    3.408101626671685,
    3.391355463663737,
    3.3887304887135823,
    3.3862077304416234,
    3.376261531575521,
    3.37504509218004,
    3.3667910534328884,
    3.357200273259481,
    3.3527176201290554,
    3.3473924711439347,
    3.3412191053178577,
    3.338131183963352,
    3.3368170820448135,
    3.3267971018473306,
    3.3231649867163764,
    3.316462315326267,
    3.3161539569430882,
    3.3124046712663437,
    3.3086098050435386,
    3.3051566215515136,
    3.3029399740431042,
    3.2987083974202474,
    3.2905326546986897,
    3.286192468982273,
    3.278467602284749,
    3.2825338221232094,
    3.2715358915540906,
    3.269891688791911,
    3.266287076907688,
    3.2678528275807697,
    3.2639360066731773,
    3.2575243419223363,
    3.262713814459907,
    3.2476305909050835,
    3.247631416744656,
    3.24493526802063,
    3.239411623679267,
    3.2454614433288573,
    3.239937501525879,
    3.244705292087131,
    3.2327542118072508,
    3.236073075739543,
    3.2308000339931913,
    3.2321113494025338,
    3.2278521053738065,
    3.228221114349365,
    3.232106975470649,
    3.224741659673055,
    3.2239038955688475,
    3.22094000032213,
    3.2304476130167643,
    3.2230677273220487,
    3.219494989267985,
    3.2183293471866183,
    3.2167771640353733,
    3.215651447719998,
    3.2140178788079155,
    3.2179130650838217,
    3.2212455843607586,
    3.2155610445658365,
    3.221469018427531,
    3.218723845714993,
    3.2170643426683214,
    3.211377684487237
  ],
  "train_acc": [
    0.013333333333333334,
    0.031933333333333334,
    0.05631111111111111,
    0.0724,
    0.0868,
    0.10048888888888889,
    0.10935555555555555,
    0.11597777777777778,
    0.12524444444444444,
    0.13335555555555556,
    0.14384444444444444,
    0.1492,
    0.15495555555555557,
    0.16202222222222223,
    0.16455555555555557,
    0.17093333333333333,
    0.17386666666666667,
    0.17922222222222223,
    0.1811111111111111,
    0.18597777777777777,
    0.1882888888888889,
    0.19213333333333332,
    0.19335555555555556,
    0.19757777777777777,
    0.20024444444444445,
    0.2010222222222222,
    0.2016888888888889,
    0.20895555555555556,
    0.2116222222222222,
    0.21253333333333332,
    0.21444444444444444,
    0.21531111111111112,
    0.21711111111111112,
    0.22184444444444446,
    0.22462222222222222,
    0.22335555555555556,
    0.22377777777777777,
    0.22895555555555555,
    0.23162222222222223,
    0.22966666666666666,
    0.2306,
    0.2331777777777778,
    0.23664444444444444,
    0.24075555555555556,
    0.23964444444444444,
    0.24175555555555556,
    0.2457777777777778,
    0.24535555555555555,
    0.24404444444444445,
    0.248,
    0.2489111111111111,
    0.24962222222222222,
    0.25233333333333335,
    0.2508444444444444,
    0.25204444444444446,
    0.252,
    0.2537333333333333,
    0.2522,
    0.25751111111111114,
    0.25693333333333335,
    0.2606888888888889,
    0.2578888888888889,
    0.2629111111111111,
    0.26255555555555554,
    0.26295555555555555,
    0.2633333333333333,
    0.26813333333333333,
    0.2653333333333333,
    0.2644,
    0.2697333333333333,
    0.27024444444444445,
    0.26968888888888887,
    0.26855555555555555,
    0.27066666666666667,
    0.27,
    0.2708888888888889,
    0.2750444444444444,
    0.2697111111111111,
    0.2740888888888889,
    0.27486666666666665,
    0.2759111111111111,
    0.2772222222222222,
    0.27226666666666666,
    0.27444444444444444,
    0.2773111111111111,
    0.27697777777777777,
    0.2723333333333333,
    0.27457777777777775,
    0.2771777777777778,
    0.2770444444444444,
    0.27544444444444444,
    0.27671111111111113,
    0.28015555555555555,
    0.27875555555555553,
    0.2762,
    0.2790666666666667,
    0.2773555555555556,
    0.27444444444444444,
    0.27644444444444444,
    0.2764666666666667
  ],
  "val_loss": [
    4.572209162139893,
    4.269217077636719,
    4.071028838348389,
    3.94976287689209,
    3.8856883483886717,
    3.776332691955566,
    3.753660591125488,
    3.717806336212158,
    3.6558326736450195,
    3.572162269592285,
    3.5824671756744384,
    3.4919630279541014,
    3.47650965423584,
    3.425199475860596,
    3.3974555347442625,
    3.3838195446014403,
    3.373667130279541,
    3.344248878097534,
    3.293778472518921,
    3.3049164054870603,
    3.271640790939331,
    3.2790317306518553,
    3.2440900802612305,
    3.254242363357544,
    3.227998908996582,
    3.2303460399627686,
    3.2167399738311766,
    3.19523076171875,
    3.169790556716919,
    3.176174425506592,
    3.1647464069366453,
    3.151934481048584,
    3.141286882019043,
    3.1557990367889404,
    3.104114740753174,
    3.112560610961914,
    3.1271058361053465,
    3.11907174987793,
    3.109305221557617,
    3.082493175506592,
    3.065574097061157,
    3.0919398242950438,
    3.062514558792114,
    3.0457618270874023,
    3.0677312870025633,
    3.0511504344940183,
    3.0424979850769045,
    3.0202526405334473,
    3.0122257511138915,
    3.0491744106292726,
    3.0032734470367433,
    3.011296426010132,
    2.995822663116455,
    2.9797545806884767,
    2.9877924057006835,
    2.984022908782959,
    2.993586014175415,
    2.9769334785461425,
    2.9740895282745363,
    2.959773206329346,
    2.9864381210327147,
    2.95044101524353,
    2.9599952964782714,
    2.9538334899902345,
    2.9685207027435303,
    2.946373905181885,
    2.932717663192749,
    2.933885231781006,
    2.9375627017974852,
    2.9419329078674314,
    2.920511308288574,
    2.9191017765045166,
    2.9267883518218993,
    2.931758290863037,
    2.9261736976623536,
    2.9200074783325194,
    2.9180067047119143,
    2.918163840484619,
    2.9197278755187988,
    2.9101810585021974,
    2.9173680885314943,
    2.9169256797790526,
    2.910508995437622,
    2.916792543029785,
    2.9153948768615723,
    2.906502117919922,
    2.909540221405029,
    2.9082699768066407,
    2.9056508502960203,
    2.9090705375671386,
    2.9077400287628175,
    2.913870788192749,
    2.903713901901245,
    2.9056220252990723,
    2.9084781379699707,
    2.911550496673584,
    2.90738637008667,
    2.9134359184265137,
    2.907566993713379,
    2.9062798545837403
  ],