{
  "weighted_f1": {
    "mean": 0.5059145953924399,
    "std": NaN,
    "min": 0.5059145953924399,
    "max": 0.5059145953924399,
    "values": [
      0.5059145953924399
    ]
  },
  "macro_f1": {
    "mean": 0.393277258844346,
    "std": NaN,
    "min": 0.393277258844346,
    "max": 0.393277258844346,
    "values": [
      0.393277258844346
    ]
  },
  "weighted_accuracy": {
    "mean": 0.427930174563591,
    "std": NaN,
    "min": 0.427930174563591,
    "max": 0.427930174563591,
    "values": [
      0.427930174563591
    ]
  },
  "mean_auc": {
    "mean": 0.8988577097956,
    "std": NaN,
    "min": 0.8988577097956,
    "max": 0.8988577097956,
    "values": [
      0.8988577097956
    ]
  },
  "best_seed_idx": 0,
  "n_runs": 1
}