{
  "weighted_f1": 0.7837758249615283,
  "macro_f1": 0.7837758249615283,
  "weighted_accuracy": 0.7816,
  "weighted_precision": 0.7906992792485896,
  "weighted_recall": 0.7816,
  "per_class_auc": [
    0.9809881111111111,
    0.9942278888888889,
    0.9576285555555555,
    0.9375593333333333,
    0.9685721111111111,
    0.9598086666666666,
    0.9820336666666666,
    0.9845581111111112,
    0.9919426666666668,
    0.9883486666666667
  ],
  "mean_auc": 0.9745667777777778,
  "confusion_matrix": [
    [
      861,
      17,
      27,
      16,
      9,
      0,
      6,
      2,
      42,
      20
    ],
    [
      18,
      911,
      1,
      8,
      0,
      4,
      1,
      2,
      14,
      41
    ],
    [
      83,
      0,
      712,
      66,
      48,
      34,
      28,
      19,
      7,
      3
    ],
    [
      19,
      0,
      70,
      665,
      26,
      152,
      22,
      25,
      11,
      10
    ],
    [
      30,
      4,
      94,
      70,
      682,
      43,
      15,
      56,
      5,
      1
    ],
    [
      14,
      3,
      30,
      193,
      21,
      711,
      2,
      23,
      0,
      3
    ],
    [
      15,
      2,
      53,
      120,
      43,
      24,
      734,
      4,
      3,
      2
    ],
    [
      20,
      4,
      40,
      37,
      26,
      53,
      2,
      812,
      0,
      6
    ],
    [
      64,
      17,
      6,
      10,
      3,
      3,
      1,
      0,
      879,
      17
    ],
    [
      27,
      62,
      4,
      20,
      1,
      4,
      2,
      8,
      23,
      849
    ]
  ],
  "report": "              precision    recall  f1-score   support\n\n           0       0.75      0.86      0.80      1000\n           1       0.89      0.91      0.90      1000\n           2       0.69      0.71      0.70      1000\n           3       0.55      0.67      0.60      1000\n           4       0.79      0.68      0.73      1000\n           5       0.69      0.71      0.70      1000\n           6       0.90      0.73      0.81      1000\n           7       0.85      0.81      0.83      1000\n           8       0.89      0.88      0.89      1000\n           9       0.89      0.85      0.87      1000\n\n    accuracy                           0.78     10000\n   macro avg       0.79      0.78      0.78     10000\nweighted avg       0.79      0.78      0.78     10000\n",
  "seed": 8
}