{
  "weighted_f1": 0.7904366073408071,
  "macro_f1": 0.790436607340807,
  "weighted_accuracy": 0.7896,
  "weighted_precision": 0.7946865412356631,
  "weighted_recall": 0.7896,
  "per_class_auc": [
    0.983968,
    0.9951823333333335,
    0.9615455555555557,
    0.9361662222222223,
    0.9678395555555556,
    0.9602743333333333,
    0.9827600000000001,
    0.9849788888888887,
    0.9916983333333333,
    0.9906254444444444
  ],
  "mean_auc": 0.9755038666666668,
  "confusion_matrix": [
    [
      862,
      13,
      27,
      13,
      5,
      2,
      4,
      9,
      43,
      22
    ],
    [
      11,
      930,
      3,
      3,
      0,
      4,
      1,
      3,
      7,
      38
    ],
    [
      75,
      3,
      714,
      62,
      42,
      36,
      37,
      21,
      6,
      4
    ],
    [
      20,
      3,
      57,
      634,
      28,
      178,
      35,
      30,
      10,
      5
    ],
    [
      32,
      1,
      88,
      61,
      676,
      40,
      21,
      74,
      6,
      1
    ],
    [
      10,
      1,
      37,
      161,
      18,
      734,
      5,
      32,
      0,
      2
    ],
    [
      11,
      5,
      58,
      93,
      25,
      26,
      771,
      5,
      3,
      3
    ],
    [
      11,
      2,
      33,
      29,
      21,
      57,
      0,
      840,
      2,
      5
    ],
    [
      58,
      20,
      12,
      8,
      2,
      1,
      2,
      2,
      880,
      15
    ],
    [
      35,
      61,
      5,
      8,
      1,
      6,
      2,
      8,
      19,
      855
    ]
  ],
  "report": "              precision    recall  f1-score   support\n\n           0       0.77      0.86      0.81      1000\n           1       0.90      0.93      0.91      1000\n           2       0.69      0.71      0.70      1000\n           3       0.59      0.63      0.61      1000\n           4       0.83      0.68      0.74      1000\n           5       0.68      0.73      0.70      1000\n           6       0.88      0.77      0.82      1000\n           7       0.82      0.84      0.83      1000\n           8       0.90      0.88      0.89      1000\n           9       0.90      0.85      0.88      1000\n\n    accuracy                           0.79     10000\n   macro avg       0.79      0.79      0.79     10000\nweighted avg       0.79      0.79      0.79     10000\n",
  "seed": 2
}