{
  "weighted_f1": 0.7896198528016446,
  "macro_f1": 0.7896198528016446,
  "weighted_accuracy": 0.788,
  "weighted_precision": 0.7953264644862357,
  "weighted_recall": 0.788,
  "per_class_auc": [
    0.9822385555555556,
    0.9935576666666667,
    0.9575201111111111,
    0.9343943333333333,
    0.9689373333333334,
    0.9588168888888889,
    0.983153111111111,
    0.9818325555555557,
    0.9920148888888888,
    0.9902985555555556
  ],
  "mean_auc": 0.9742764000000002,
  "confusion_matrix": [
    [
      864,
      13,
      27,
      9,
      6,
      3,
      2,
      8,
      40,
      28
    ],
    [
      20,
      914,
      2,
      9,
      1,
      0,
      0,
      1,
      6,
      47
    ],
    [
      84,
      0,
      739,
      61,
      45,
      18,
      26,
      23,
      3,
      1
    ],
    [
      29,
      1,
      79,
      665,
      25,
      139,
      26,
      19,
      9,
      8
    ],
    [
      35,
      1,
      88,
      67,
      705,
      25,
      23,
      50,
      6,
      0
    ],
    [
      16,
      3,
      34,
      206,
      23,
      679,
      5,
      31,
      2,
      1
    ],
    [
      13,
      1,
      65,
      106,
      28,
      13,
      762,
      4,
      5,
      3
    ],
    [
      23,
      2,
      45,
      25,
      35,
      54,
      1,
      807,
      2,
      6
    ],
    [
      64,
      23,
      8,
      3,
      0,
      2,
      3,
      1,
      882,
      14
    ],
    [
      28,
      64,
      2,
      4,
      3,
      5,
      2,
      7,
      22,
      863
    ]
  ],
  "report": "              precision    recall  f1-score   support\n\n           0       0.73      0.86      0.79      1000\n           1       0.89      0.91      0.90      1000\n           2       0.68      0.74      0.71      1000\n           3       0.58      0.67      0.62      1000\n           4       0.81      0.70      0.75      1000\n           5       0.72      0.68      0.70      1000\n           6       0.90      0.76      0.82      1000\n           7       0.85      0.81      0.83      1000\n           8       0.90      0.88      0.89      1000\n           9       0.89      0.86      0.88      1000\n\n    accuracy                           0.79     10000\n   macro avg       0.80      0.79      0.79     10000\nweighted avg       0.80      0.79      0.79     10000\n",
  "seed": 4
}