{
  "weighted_f1": 0.7888478467906435,
  "macro_f1": 0.7888478467906436,
  "weighted_accuracy": 0.7874,
  "weighted_precision": 0.7938877614766774,
  "weighted_recall": 0.7874,
  "per_class_auc": [
    0.9815705555555555,
    0.9943706666666666,
    0.9591094444444445,
    0.9435092222222221,
    0.970715777777778,
    0.9615134444444443,
    0.9817787777777778,
    0.9838521111111111,
    0.9911038888888889,
    0.9890937777777777
  ],
  "mean_auc": 0.9756617666666667,
  "confusion_matrix": [
    [
      860,
      10,
      23,
      12,
      8,
      1,
      3,
      12,
      48,
      23
    ],
    [
      24,
      906,
      1,
      1,
      0,
      3,
      2,
      2,
      16,
      45
    ],
    [
      98,
      2,
      707,
      70,
      44,
      25,
      31,
      14,
      5,
      4
    ],
    [
      27,
      4,
      66,
      676,
      33,
      125,
      27,
      23,
      13,
      6
    ],
    [
      26,
      1,
      81,
      68,
      712,
      31,
      24,
      52,
      5,
      0
    ],
    [
      14,
      3,
      37,
      184,
      21,
      696,
      5,
      35,
      2,
      3
    ],
    [
      18,
      1,
      50,
      101,
      31,
      16,
      770,
      5,
      5,
      3
    ],
    [
      18,
      2,
      33,
      32,
      33,
      49,
      1,
      821,
      2,
      9
    ],
    [
      75,
      13,
      9,
      6,
      4,
      1,
      1,
      2,
      882,
      7
    ],
    [
      31,
      76,
      5,
      11,
      0,
      3,
      3,
      4,
      23,
      844
    ]
  ],
  "report": "              precision    recall  f1-score   support\n\n           0       0.72      0.86      0.79      1000\n           1       0.89      0.91      0.90      1000\n           2       0.70      0.71      0.70      1000\n           3       0.58      0.68      0.63      1000\n           4       0.80      0.71      0.76      1000\n           5       0.73      0.70      0.71      1000\n           6       0.89      0.77      0.82      1000\n           7       0.85      0.82      0.83      1000\n           8       0.88      0.88      0.88      1000\n           9       0.89      0.84      0.87      1000\n\n    accuracy                           0.79     10000\n   macro avg       0.79      0.79      0.79     10000\nweighted avg       0.79      0.79      0.79     10000\n",
  "seed": 1
}