{
  "weighted_f1": 0.7792976333308107,
  "macro_f1": 0.7792976333308106,
  "weighted_accuracy": 0.7769,
  "weighted_precision": 0.7856077024525152,
  "weighted_recall": 0.7769,
  "per_class_auc": [
    0.9796395555555556,
    0.9934295555555556,
    0.9564675555555556,
    0.9334672222222222,
    0.9656607777777778,
    0.9602753333333335,
    0.9831395555555555,
    0.9800040000000001,
    0.9909052222222221,
    0.9904438888888889
  ],
  "mean_auc": 0.9733432666666667,
  "confusion_matrix": [
    [
      843,
      16,
      39,
      11,
      4,
      2,
      3,
      10,
      46,
      26
    ],
    [
      25,
      904,
      1,
      10,
      0,
      1,
      3,
      2,
      8,
      46
    ],
    [
      79,
      1,
      726,
      78,
      49,
      24,
      23,
      14,
      3,
      3
    ],
    [
      21,
      2,
      73,
      630,
      29,
      176,
      31,
      18,
      12,
      8
    ],
    [
      28,
      1,
      92,
      75,
      684,
      40,
      20,
      57,
      2,
      1
    ],
    [
      11,
      1,
      29,
      193,
      20,
      711,
      6,
      26,
      1,
      2
    ],
    [
      13,
      2,
      65,
      95,
      36,
      17,
      767,
      2,
      1,
      2
    ],
    [
      19,
      4,
      38,
      28,
      35,
      71,
      0,
      798,
      0,
      7
    ],
    [
      94,
      17,
      10,
      10,
      2,
      2,
      2,
      1,
      845,
      17
    ],
    [
      32,
      62,
      3,
      10,
      2,
      4,
      2,
      9,
      15,
      861
    ]
  ],
  "report": "              precision    recall  f1-score   support\n\n           0       0.72      0.84      0.78      1000\n           1       0.90      0.90      0.90      1000\n           2       0.67      0.73      0.70      1000\n           3       0.55      0.63      0.59      1000\n           4       0.79      0.68      0.74      1000\n           5       0.68      0.71      0.69      1000\n           6       0.89      0.77      0.83      1000\n           7       0.85      0.80      0.82      1000\n           8       0.91      0.84      0.87      1000\n           9       0.88      0.86      0.87      1000\n\n    accuracy                           0.78     10000\n   macro avg       0.79      0.78      0.78     10000\nweighted avg       0.79      0.78      0.78     10000\n",
  "seed": 6
}