{
  "weighted_f1": 0.7832878529337078,
  "macro_f1": 0.7832878529337078,
  "weighted_accuracy": 0.7824,
  "weighted_precision": 0.7878746632072428,
  "weighted_recall": 0.7824,
  "per_class_auc": [
    0.9807296666666666,
    0.9934695555555555,
    0.9578998888888889,
    0.941234,
    0.9697140000000001,
    0.960706111111111,
    0.9801791111111111,
    0.9831246666666666,
    0.9918135555555555,
    0.989877
  ],
  "mean_auc": 0.9748747555555555,
  "confusion_matrix": [
    [
      850,
      19,
      21,
      17,
      6,
      0,
      4,
      12,
      45,
      26
    ],
    [
      20,
      920,
      0,
      5,
      0,
      1,
      0,
      2,
      8,
      44
    ],
    [
      95,
      2,
      689,
      61,
      61,
      31,
      28,
      24,
      4,
      5
    ],
    [
      24,
      4,
      55,
      647,
      27,
      172,
      24,
      26,
      12,
      9
    ],
    [
      26,
      2,
      82,
      58,
      687,
      44,
      15,
      78,
      7,
      1
    ],
    [
      10,
      2,
      30,
      167,
      24,
      721,
      4,
      38,
      1,
      3
    ],
    [
      11,
      4,
      64,
      112,
      39,
      18,
      740,
      4,
      5,
      3
    ],
    [
      16,
      1,
      27,
      29,
      31,
      46,
      0,
      842,
      0,
      8
    ],
    [
      64,
      15,
      4,
      9,
      0,
      4,
      2,
      5,
      880,
      17
    ],
    [
      31,
      70,
      2,
      13,
      1,
      5,
      1,
      8,
      21,
      848
    ]
  ],
  "report": "              precision    recall  f1-score   support\n\n           0       0.74      0.85      0.79      1000\n           1       0.89      0.92      0.90      1000\n           2       0.71      0.69      0.70      1000\n           3       0.58      0.65      0.61      1000\n           4       0.78      0.69      0.73      1000\n           5       0.69      0.72      0.71      1000\n           6       0.90      0.74      0.81      1000\n           7       0.81      0.84      0.83      1000\n           8       0.90      0.88      0.89      1000\n           9       0.88      0.85      0.86      1000\n\n    accuracy                           0.78     10000\n   macro avg       0.79      0.78      0.78     10000\nweighted avg       0.79      0.78      0.78     10000\n",
  "seed": 0
}