{
  "weighted_f1": 0.7864559142019906,
  "macro_f1": 0.7864559142019905,
  "weighted_accuracy": 0.7848,
  "weighted_precision": 0.793333721193182,
  "weighted_recall": 0.7848,
  "per_class_auc": [
    0.9830399999999999,
    0.9945505555555557,
    0.9624851111111111,
    0.9402143333333334,
    0.9661823333333334,
    0.9600808888888888,
    0.9838988888888888,
    0.9831827777777777,
    0.9901416666666666,
    0.989939
  ],
  "mean_auc": 0.9753715555555555,
  "confusion_matrix": [
    [
      865,
      14,
      27,
      12,
      6,
      0,
      2,
      13,
      39,
      22
    ],
    [
      21,
      917,
      1,
      3,
      0,
      4,
      1,
      1,
      9,
      43
    ],
    [
      90,
      1,
      719,
      77,
      37,
      25,
      20,
      25,
      4,
      2
    ],
    [
      30,
      6,
      57,
      645,
      21,
      180,
      23,
      20,
      9,
      9
    ],
    [
      29,
      1,
      76,
      61,
      679,
      49,
      17,
      82,
      5,
      1
    ],
    [
      12,
      2,
      23,
      178,
      25,
      721,
      3,
      30,
      1,
      5
    ],
    [
      9,
      4,
      57,
      101,
      33,
      35,
      746,
      8,
      4,
      3
    ],
    [
      18,
      2,
      26,
      30,
      17,
      66,
      0,
      840,
      0,
      1
    ],
    [
      75,
      20,
      9,
      11,
      3,
      3,
      3,
      6,
      853,
      17
    ],
    [
      28,
      64,
      6,
      10,
      0,
      4,
      1,
      10,
      14,
      863
    ]
  ],
  "report": "              precision    recall  f1-score   support\n\n           0       0.73      0.86      0.79      1000\n           1       0.89      0.92      0.90      1000\n           2       0.72      0.72      0.72      1000\n           3       0.57      0.65      0.61      1000\n           4       0.83      0.68      0.75      1000\n           5       0.66      0.72      0.69      1000\n           6       0.91      0.75      0.82      1000\n           7       0.81      0.84      0.83      1000\n           8       0.91      0.85      0.88      1000\n           9       0.89      0.86      0.88      1000\n\n    accuracy                           0.78     10000\n   macro avg       0.79      0.78      0.79     10000\nweighted avg       0.79      0.78      0.79     10000\n",
  "seed": 5
}