{
  "weighted_f1": 0.7825226424894103,
  "macro_f1": 0.7825226424894103,
  "weighted_accuracy": 0.7819,
  "weighted_precision": 0.7866409956879802,
  "weighted_recall": 0.7819,
  "per_class_auc": [
    0.9811617777777778,
    0.994066,
    0.9545175555555555,
    0.9368095555555557,
    0.9668375555555555,
    0.9579737777777777,
    0.9839066666666666,
    0.9796192222222222,
    0.9913962222222222,
    0.9864745555555555
  ],
  "mean_auc": 0.9732762888888888,
  "confusion_matrix": [
    [
      875,
      10,
      16,
      7,
      8,
      3,
      3,
      7,
      53,
      18
    ],
    [
      25,
      897,
      1,
      3,
      1,
      1,
      0,
      1,
      15,
      56
    ],
    [
      102,
      2,
      688,
      61,
      47,
      33,
      33,
      23,
      6,
      5
    ],
    [
      27,
      4,
      63,
      626,
      34,
      165,
      30,
      25,
      13,
      13
    ],
    [
      32,
      2,
      90,
      49,
      690,
      43,
      21,
      62,
      9,
      2
    ],
    [
      17,
      3,
      32,
      173,
      21,
      703,
      3,
      42,
      1,
      5
    ],
    [
      10,
      5,
      58,
      101,
      31,
      26,
      761,
      4,
      3,
      1
    ],
    [
      25,
      1,
      35,
      31,
      27,
      55,
      1,
      818,
      1,
      6
    ],
    [
      69,
      14,
      8,
      3,
      2,
      1,
      1,
      2,
      889,
      11
    ],
    [
      31,
      60,
      3,
      8,
      0,
      3,
      1,
      5,
      17,
      872
    ]
  ],
  "report": "              precision    recall  f1-score   support\n\n           0       0.72      0.88      0.79      1000\n           1       0.90      0.90      0.90      1000\n           2       0.69      0.69      0.69      1000\n           3       0.59      0.63      0.61      1000\n           4       0.80      0.69      0.74      1000\n           5       0.68      0.70      0.69      1000\n           6       0.89      0.76      0.82      1000\n           7       0.83      0.82      0.82      1000\n           8       0.88      0.89      0.89      1000\n           9       0.88      0.87      0.88      1000\n\n    accuracy                           0.78     10000\n   macro avg       0.79      0.78      0.78     10000\nweighted avg       0.79      0.78      0.78     10000\n",
  "seed": 7
}