{
  "weighted_f1": 0.7861760789135053,
  "macro_f1": 0.7861760789135053,
  "weighted_accuracy": 0.7845,
  "weighted_precision": 0.791664862135012,
  "weighted_recall": 0.7845,
  "per_class_auc": [
    0.9833227777777778,
    0.9941154444444444,
    0.9568647777777778,
    0.9398340000000001,
    0.9650384444444445,
    0.9590317777777778,
    0.9816133333333333,
    0.9798086666666666,
    0.9919632222222223,
    0.9885434444444445
  ],
  "mean_auc": 0.9740135888888888,
  "confusion_matrix": [
    [
      847,
      15,
      29,
      8,
      6,
      3,
      3,
      11,
      55,
      23
    ],
    [
      14,
      921,
      1,
      5,
      1,
      1,
      0,
      1,
      9,
      47
    ],
    [
      81,
      1,
      702,
      70,
      57,
      31,
      24,
      26,
      3,
      5
    ],
    [
      27,
      1,
      55,
      689,
      34,
      138,
      21,
      15,
      13,
      7
    ],
    [
      23,
      1,
      74,
      78,
      694,
      41,
      18,
      64,
      7,
      0
    ],
    [
      13,
      5,
      30,
      182,
      24,
      708,
      8,
      27,
      2,
      1
    ],
    [
      13,
      7,
      51,
      107,
      36,
      24,
      754,
      3,
      4,
      1
    ],
    [
      25,
      2,
      35,
      49,
      35,
      58,
      1,
      788,
      2,
      5
    ],
    [
      55,
      18,
      8,
      10,
      2,
      0,
      3,
      3,
      884,
      17
    ],
    [
      29,
      63,
      6,
      11,
      1,
      4,
      1,
      8,
      19,
      858
    ]
  ],
  "report": "              precision    recall  f1-score   support\n\n           0       0.75      0.85      0.80      1000\n           1       0.89      0.92      0.91      1000\n           2       0.71      0.70      0.71      1000\n           3       0.57      0.69      0.62      1000\n           4       0.78      0.69      0.73      1000\n           5       0.70      0.71      0.71      1000\n           6       0.91      0.75      0.82      1000\n           7       0.83      0.79      0.81      1000\n           8       0.89      0.88      0.88      1000\n           9       0.89      0.86      0.87      1000\n\n    accuracy                           0.78     10000\n   macro avg       0.79      0.78      0.79     10000\nweighted avg       0.79      0.78      0.79     10000\n",
  "seed": 9
}