{
  "weighted_f1": 0.7866246778413621,
  "macro_f1": 0.7866246778413621,
  "weighted_accuracy": 0.7854,
  "weighted_precision": 0.7929028549307813,
  "weighted_recall": 0.7854,
  "per_class_auc": [
    0.9824171111111111,
    0.9945977777777779,
    0.9587991111111112,
    0.9381001111111111,
    0.9660175555555556,
    0.9600667777777778,
    0.9796907777777777,
    0.9829205555555556,
    0.9915683333333334,
    0.9901452222222222
  ],
  "mean_auc": 0.9744323333333333,
  "confusion_matrix": [
    [
      849,
      17,
      34,
      8,
      5,
      2,
      3,
      14,
      42,
      26
    ],
    [
      17,
      912,
      0,
      3,
      1,
      3,
      0,
      2,
      9,
      53
    ],
    [
      85,
      2,
      722,
      67,
      43,
      34,
      21,
      18,
      3,
      5
    ],
    [
      23,
      4,
      62,
      654,
      24,
      160,
      26,
      28,
      8,
      11
    ],
    [
      33,
      1,
      76,
      73,
      665,
      33,
      13,
      99,
      5,
      2
    ],
    [
      14,
      1,
      25,
      182,
      16,
      718,
      5,
      34,
      0,
      5
    ],
    [
      14,
      6,
      63,
      110,
      31,
      19,
      745,
      5,
      3,
      4
    ],
    [
      25,
      2,
      30,
      26,
      17,
      51,
      0,
      846,
      1,
      2
    ],
    [
      72,
      19,
      11,
      6,
      1,
      3,
      1,
      2,
      868,
      17
    ],
    [
      21,
      49,
      3,
      9,
      1,
      3,
      2,
      15,
      22,
      875
    ]
  ],
  "report": "              precision    recall  f1-score   support\n\n           0       0.74      0.85      0.79      1000\n           1       0.90      0.91      0.91      1000\n           2       0.70      0.72      0.71      1000\n           3       0.57      0.65      0.61      1000\n           4       0.83      0.67      0.74      1000\n           5       0.70      0.72      0.71      1000\n           6       0.91      0.74      0.82      1000\n           7       0.80      0.85      0.82      1000\n           8       0.90      0.87      0.89      1000\n           9       0.88      0.88      0.88      1000\n\n    accuracy                           0.79     10000\n   macro avg       0.79      0.79      0.79     10000\nweighted avg       0.79      0.79      0.79     10000\n",
  "seed": 3
}