{
  "weighted_f1": 0.8366366366366367,
  "macro_f1": 0.796996996996997,
  "weighted_accuracy": 0.8333333333333334,
  "weighted_precision": 0.8425925925925927,
  "weighted_recall": 0.8333333333333334,
  "per_class_auc": [
    0.9087301587301587
  ],
  "mean_auc": 0.9087301587301587,
  "confusion_matrix": [
    [
      32,
      10
    ],
    [
      16,
      98
    ]
  ],
  "report": "              precision    recall  f1-score   support\n\n           0       0.67      0.76      0.71        42\n           1       0.91      0.86      0.88       114\n\n    accuracy                           0.83       156\n   macro avg       0.79      0.81      0.80       156\nweighted avg       0.84      0.83      0.84       156\n",
  "seed": 0
}