{
  "weighted_f1": {
    "mean": 0.7988851727982162,
    "std": NaN,
    "min": 0.7988851727982162,
    "max": 0.7988851727982162,
    "values": [
      0.7988851727982162
    ]
  },
  "macro_f1": {
    "mean": 0.7631469979296066,
    "std": NaN,
    "min": 0.7631469979296066,
    "max": 0.7631469979296066,
    "values": [
      0.7631469979296066
    ]
  },
  "weighted_accuracy": {
    "mean": 0.7884615384615384,
    "std": NaN,
    "min": 0.7884615384615384,
    "max": 0.7884615384615384,
    "values": [
      0.7884615384615384
    ]
  },
  "mean_auc": {
    "mean": 0.8930659983291562,
    "std": NaN,
    "min": 0.8930659983291562,
    "max": 0.8930659983291562,
    "values": [
      0.8930659983291562
    ]
  },
  "best_seed_idx": 0,
  "n_runs": 1
}