{
  "weighted_f1": {
    "mean": 0.8345038013825838,
    "std": NaN,
    "min": 0.8345038013825838,
    "max": 0.8345038013825838,
    "values": [
      0.8345038013825838
    ]
  },
  "macro_f1": {
    "mean": 0.8345038013825838,
    "std": NaN,
    "min": 0.8345038013825838,
    "max": 0.8345038013825838,
    "values": [
      0.8345038013825838
    ]
  },
  "weighted_accuracy": {
    "mean": 0.8339,
    "std": NaN,
    "min": 0.8339,
    "max": 0.8339,
    "values": [
      0.8339
    ]
  },
  "mean_auc": {
    "mean": 0.9835785555555555,
    "std": NaN,
    "min": 0.9835785555555555,
    "max": 0.9835785555555555,
    "values": [
      0.9835785555555555
    ]
  },
  "best_seed_idx": 0,
  "n_runs": 1
}