{
  "weighted_f1": {
    "mean": 0.923152016175982,
    "std": NaN,
    "min": 0.923152016175982,
    "max": 0.923152016175982,
    "values": [
      0.923152016175982
    ]
  },
  "macro_f1": {
    "mean": 0.9167118681612032,
    "std": NaN,
    "min": 0.9167118681612032,
    "max": 0.9167118681612032,
    "values": [
      0.9167118681612032
    ]
  },
  "weighted_accuracy": {
    "mean": 0.9246794871794872,
    "std": NaN,
    "min": 0.9246794871794872,
    "max": 0.9246794871794872,
    "values": [
      0.9246794871794872
    ]
  },
  "mean_auc": {
    "mean": 0.9659872890642122,
    "std": NaN,
    "min": 0.9659872890642122,
    "max": 0.9659872890642122,
    "values": [
      0.9659872890642122
    ]
  },
  "best_seed_idx": 0,
  "n_runs": 1
}