{
  "weighted_f1": {
    "mean": 0.6977144797502776,
    "std": NaN,
    "min": 0.6977144797502776,
    "max": 0.6977144797502776,
    "values": [
      0.6977144797502776
    ]
  },
  "macro_f1": {
    "mean": 0.44986762908646755,
    "std": NaN,
    "min": 0.44986762908646755,
    "max": 0.44986762908646755,
    "values": [
      0.44986762908646755
    ]
  },
  "weighted_accuracy": {
    "mean": 0.6802992518703241,
    "std": NaN,
    "min": 0.6802992518703241,
    "max": 0.6802992518703241,
    "values": [
      0.6802992518703241
    ]
  },
  "mean_auc": {
    "mean": 0.9065214854456022,
    "std": NaN,
    "min": 0.9065214854456022,
    "max": 0.9065214854456022,
    "values": [
      0.9065214854456022
    ]
  },
  "best_seed_idx": 0,
  "n_runs": 1
}