{
  "weighted_f1": {
    "mean": 0.5063683639697055,
    "std": NaN,
    "min": 0.5063683639697055,
    "max": 0.5063683639697055,
    "values": [
      0.5063683639697055
    ]
  },
  "macro_f1": {
    "mean": 0.5063683639697056,
    "std": NaN,
    "min": 0.5063683639697056,
    "max": 0.5063683639697056,
    "values": [
      0.5063683639697056
    ]
  },
  "weighted_accuracy": {
    "mean": 0.5146,
    "std": NaN,
    "min": 0.5146,
    "max": 0.5146,
    "values": [
      0.5146
    ]
  },
  "mean_auc": {
    "mean": 0.9671505707070707,
    "std": NaN,
    "min": 0.9671505707070707,
    "max": 0.9671505707070707,
    "values": [
      0.9671505707070707
    ]
  },
  "best_seed_idx": 0,
  "n_runs": 1
}