{
  "weighted_f1": {
    "mean": 0.4888597021257667,
    "std": NaN,
    "min": 0.4888597021257667,
    "max": 0.4888597021257667,
    "values": [
      0.4888597021257667
    ]
  },
  "macro_f1": {
    "mean": 0.4888597021257668,
    "std": NaN,
    "min": 0.4888597021257668,
    "max": 0.4888597021257668,
    "values": [
      0.4888597021257668
    ]
  },
  "weighted_accuracy": {
    "mean": 0.4997,
    "std": NaN,
    "min": 0.4997,
    "max": 0.4997,
    "values": [
      0.4997
    ]
  },
  "mean_auc": {
    "mean": 0.9656767474747474,
    "std": NaN,
    "min": 0.9656767474747474,
    "max": 0.9656767474747474,
    "values": [
      0.9656767474747474
    ]
  },
  "best_seed_idx": 0,
  "n_runs": 1
}