{
  "weighted_f1": {
    "mean": 0.8331644556312396,
    "std": 0.0043183864453057415,
    "min": 0.8260894526093323,
    "max": 0.8372718586510426,
    "values": [
      0.8260894526093323,
      0.835929723507036,
      0.8372718586510426,
      0.8332766459253844,
      0.8332545974634026
    ]
  },
  "macro_f1": {
    "mean": 0.8331644556312396,
    "std": 0.00431838644530578,
    "min": 0.8260894526093322,
    "max": 0.8372718586510425,
    "values": [
      0.8260894526093322,
      0.8359297235070361,
      0.8372718586510425,
      0.8332766459253845,
      0.8332545974634027
    ]
  },
  "weighted_accuracy": {
    "mean": 0.8321200000000001,
    "std": 0.004443197047172245,
    "min": 0.8247,
    "max": 0.8363,
    "values": [
      0.8247,
      0.8346,
      0.8363,
      0.8325,
      0.8325
    ]
  },
  "mean_auc": {
    "mean": 0.9828171888888889,
    "std": 0.0005711690441866107,
    "min": 0.9821375777777778,
    "max": 0.9835728222222222,
    "values": [
      0.9821375777777778,
      0.9827697888888889,
      0.9835728222222222,
      0.9831699111111112,
      0.9824358444444444
    ]
  },
  "best_seed_idx": 3,
  "n_runs": 5
}