{
  "weighted_f1": {
    "mean": 0.7457980615875353,
    "std": NaN,
    "min": 0.7457980615875353,
    "max": 0.7457980615875353,
    "values": [
      0.7457980615875353
    ]
  },
  "macro_f1": {
    "mean": 0.7097288676236044,
    "std": NaN,
    "min": 0.7097288676236044,
    "max": 0.7097288676236044,
    "values": [
      0.7097288676236044
    ]
  },
  "weighted_accuracy": {
    "mean": 0.7307692307692307,
    "std": NaN,
    "min": 0.7307692307692307,
    "max": 0.7307692307692307,
    "values": [
      0.7307692307692307
    ]
  },
  "mean_auc": {
    "mean": 0.8865914786967418,
    "std": NaN,
    "min": 0.8865914786967418,
    "max": 0.8865914786967418,
    "values": [
      0.8865914786967418
    ]
  },
  "best_seed_idx": 0,
  "n_runs": 1
}