{
  "train_loss": [
    2.1313196354760064,
    1.857312650871277,
    1.7332090774959987,
    1.6252058729595609,
    1.548214914533827,
    1.4951710510677763,
    1.4376284131368002,
    1.3959191328684488,
    1.3573952733781602,
    1.3299534293704562,
    1.3067005908542209,
    1.278242062250773,
    1.2589351827833388,
    1.23630079820421,
    1.2228390904744466,
    1.2082200674480863,
    1.1976674826939901,
    1.176206549750434,
    1.1746214373270671,
    1.1590096697277492,
    1.1541451877382067,
    1.141657111316257,
    1.1289482672161526,
    1.1290632644229466,
    1.12394717947642,
    1.1104943898306951,
    1.106652994579739,
    1.099674438349406,
    1.095455593363444,
    1.0870664689805773,
    1.0841158804151747,
    1.0778463027530247,
    1.075001844745212,
    1.0670131801393297,
    1.060378925175137,
    1.0569414366828072,
    1.0499416460249158,
    1.0505339048809474,
    1.0443666934119331,
    1.0442264674504598,
    1.0380939000871447,
    1.0327230437808566,
    1.0284974367141724,
    1.0283131066640219,
    1.021479448890686,
    1.021892032315996,
    1.0178482110553317,
    1.0135719394259983,
    1.011261217710707,
    1.0072544613732233,
    1.0037662896474202,
    0.9954385648091634,
    0.9986627038743761,
    0.9899078819274902,
    0.9959944804297554,
    0.988478629705641,
    0.9874047644085354,
    0.9848933461507161,
    0.9788778161790636,
    0.979197183503045,
    0.9799820351494684,
    0.9702009531444974,
    0.9720256996366713,
    0.9683475143432617,
    0.9679609327528211,
    0.9619128428988987,
    0.9626734330071344,
    0.9583639648013644,
    0.9557358680725098,
    0.9499951132032607,
    0.9543469901826647,
    0.9458415420744154,
    0.9485707480960422,
    0.9450815209494696,
    0.9438460217263963,
    0.9368446655273438,
    0.9369859356986152,
    0.9398448155403137,
    0.9390236316892836,
    0.9329714262432522,
    0.9301126556820339,
    0.932610791015625,
    0.9287085839801364,
    0.9254307155079312,
    0.9242604470464918,
    0.9255338051266141
  ],
  "train_acc": [
    0.20577777777777778,
    0.3398,
    0.4162222222222222,
    0.4854888888888889,
    0.5316222222222222,
    0.5614,
    0.5924222222222222,
    0.6139555555555556,
    0.6341111111111111,
    0.6535555555555556,
    0.6621333333333334,
    0.6755333333333333,
    0.6876444444444444,
    0.6995555555555556,
    0.7086444444444444,
    0.7152222222222222,
    0.7226,
    0.7327777777777778,
    0.7329333333333333,
    0.7406444444444444,
    0.7423333333333333,
    0.7478222222222223,
    0.7571333333333333,
    0.7535777777777778,
    0.7575555555555555,
    0.7667555555555555,
    0.768,
    0.7688222222222222,
    0.7713777777777778,
    0.778,
    0.7790666666666667,
    0.782,
    0.7832666666666667,
    0.7848888888888889,
    0.7915111111111112,
    0.7909333333333334,
    0.7934444444444444,
    0.7938444444444445,
    0.7956666666666666,
    0.7985777777777778,
    0.7992888888888889,
    0.8001777777777778,
    0.8034666666666667,
    0.804,
    0.8074888888888889,
    0.8094222222222223,
    0.8103111111111111,
    0.8106222222222222,
    0.8126222222222222,
    0.8158666666666666,
    0.8167555555555556,
    0.8199333333333333,
    0.8181555555555555,
    0.8238222222222222,
    0.8198888888888889,
    0.8228888888888889,
    0.8249333333333333,
    0.8258222222222222,
    0.8279555555555556,
    0.8278666666666666,
    0.8265111111111111,
    0.8319111111111112,
    0.8303555555555555,
    0.8316444444444444,
    0.8325111111111111,
    0.8355777777777778,
    0.8343333333333334,
    0.8375777777777778,
    0.8385111111111111,
    0.8414222222222222,
    0.8379777777777778,
    0.8441777777777778,
    0.8414666666666667,
    0.8421555555555555,
    0.8426,
    0.8482888888888889,
    0.8466666666666667,
    0.8474222222222222,
    0.8446888888888889,
    0.8475777777777778,
    0.8488666666666667,
    0.8503555555555555,
    0.8501111111111112,
    0.8523777777777778,
    0.8522222222222222,
    0.854
  ],
  "val_loss": [
    1.9258916666030883,
    1.7531695722579956,
    1.6178908014297486,
    1.5123003496170044,
    1.4270958221435548,
    1.3855600805282593,
    1.3374812271118164,
    1.2667004611968995,
    1.2211368352890015,
    1.213087612915039,
    1.2217425501823425,
    1.1675298730850219,
    1.145338604927063,
    1.1296741592407227,
    1.1173712074279785,
    1.1125193592071534,
    1.07849806804657,
    1.0832448872566223,
    1.068507703113556,
    1.0584960121154785,
    1.0525848751068114,
    1.0310869115829469,
    1.0313899200439454,
    1.0585898213386535,
    1.02955478515625,
    1.0094410241127014,
    1.0160251726150513,
    1.0300729595184326,
    1.0284256206512452,
    1.0280271535873413,
    0.9810362157821655,
    1.0063520746231078,
    1.0079548362731934,
    0.9772121403694153,
    1.009258857536316,
    0.983281914138794,
    0.9862796699523926,
    0.9750248649597167,
    0.9828055165290832,
    0.9893675293922425,
    0.9704085618972779,
    1.008564427471161,
    0.9630243814468383,
    1.03399847612381,
    0.9732196333885192,
    0.9475102937698364,
    0.9986148797035217,
    0.9642021984100342,
    0.9633316245079041,
    0.9429507404327393,
    0.9429102567672729,
    0.9364155000686646,
    0.9481146100044251,
    0.9718989108085633,
    0.992366035079956,
    0.932020557975769,
    0.9542085339546204,
    0.9257890223503112,
    0.9240126438140869,
    0.9157789958000183,
    0.9420304015159607,
    0.9185635506629943,
    0.9599818516731262,
    0.9135791887283325,
    0.9521694873809814,
    0.9579962381362915,
    0.9084459615707398,
    0.9245429336547851,
    0.9278017793655395,
    0.9180256763458252,
    0.919345311832428,
    0.9004803213119507,
    0.9100672456741333,
    0.9210483401298523,
    0.9106124075889588,
    0.8885443984985352,
    0.8968395671844482,
    0.9215249147415161,
    0.8967429428100586,
    0.9304053097724915,
    0.9472824271202087,
    0.9096715849876403,
    0.9284071248054504,
    0.8987893257141113,
    0.9152775482177734,
    0.925992938041687
  ],
  "val_acc": [
    0.2892,
    0.3796,
    0.4684,
    0.5208,
    0.5658,
    0.5914,
    0.6112,
    0.6454,
    0.6692,
    0.676,
    0.673,
    0.7054,
    0.7098,
    0.7258,
    0.7216,
    0.7244,
    0.7398,
    0.7474,
    0.7506,
    0.7564,
    0.7584,
    0.769,
    0.7706,
    0.759,
    0.7682,
    0.778,
    0.7778,
    0.7694,
    0.7754,
    0.7728,
    0.7908,
    0.7808,
    0.784,
    0.7996,
    0.7798,
    0.7952,
    0.794,
    0.8002,
    0.795,
    0.7906,
    0.795,
    0.7842,
    0.804,
    0.7746,
    0.7954,
    0.8128,
    0.7862,
    0.8022,
    0.8054,
    0.8114,
    0.811,
    0.818,
    0.8082,
    0.7986,
    0.7934,
    0.8152,
    0.8052,
    0.8172,
    0.8174,
    0.8238,
    0.811,
    0.8238,
    0.8046,
    0.8234,
    0.8078,
    0.8084,
    0.829,
    0.821,
    0.8188,
    0.8222,
    0.8208,
    0.8312,
    0.8294,
    0.8242,
    0.8242,
    0.8402,
    0.8364,
    0.822,
    0.8322,
    0.8214,
    0.8112,
    0.8264,
    0.8164,
    0.8318,
    0.8228,
    0.8234
  ],
  "best_val_loss": 0.8885443984985352,
  "total_time_s": 2728.0704367160797,
  "stopped_epoch": 86
}