{
  "weighted_f1": 0.8380348996881266,
  "macro_f1": 0.8380348996881267,
  "weighted_accuracy": 0.8383,
  "weighted_precision": 0.8392589105113201,
  "weighted_recall": 0.8383,
  "per_class_auc": [
    0.9865772222222222,
    0.9961475555555556,
    0.9721134444444444,
    0.9624906666666667,
    0.9829176666666667,
    0.9718433333333332,
    0.9892868888888889,
    0.9902431111111112,
    0.9938555555555555,
    0.9929166666666667
  ],
  "mean_auc": 0.9838392111111111,
  "confusion_matrix": [
    [
      880,
      20,
      23,
      11,
      8,
      0,
      5,
      7,
      37,
      9
    ],
    [
      8,
      955,
      0,
      2,
      0,
      1,
      0,
      2,
      12,
      20
    ],
    [
      63,
      2,
      749,
      44,
      59,
      28,
      34,
      9,
      10,
      2
    ],
    [
      20,
      1,
      54,
      687,
      37,
      144,
      31,
      15,
      7,
      4
    ],
    [
      23,
      2,
      32,
      34,
      818,
      23,
      24,
      37,
      6,
      1
    ],
    [
      12,
      2,
      23,
      106,
      25,
      786,
      14,
      26,
      2,
      4
    ],
    [
      13,
      2,
      24,
      44,
      19,
      18,
      866,
      4,
      6,
      4
    ],
    [
      20,
      2,
      19,
      29,
      19,
      41,
      1,
      868,
      0,
      1
    ],
    [
      43,
      22,
      5,
      5,
      2,
      3,
      0,
      1,
      913,
      6
    ],
    [
      23,
      78,
      3,
      7,
      0,
      3,
      1,
      5,
      19,
      861
    ]
  ],
  "report": "              precision    recall  f1-score   support\n\n           0       0.80      0.88      0.84      1000\n           1       0.88      0.95      0.92      1000\n           2       0.80      0.75      0.78      1000\n           3       0.71      0.69      0.70      1000\n           4       0.83      0.82      0.82      1000\n           5       0.75      0.79      0.77      1000\n           6       0.89      0.87      0.88      1000\n           7       0.89      0.87      0.88      1000\n           8       0.90      0.91      0.91      1000\n           9       0.94      0.86      0.90      1000\n\n    accuracy                           0.84     10000\n   macro avg       0.84      0.84      0.84     10000\nweighted avg       0.84      0.84      0.84     10000\n",
  "seed": 0
}