{
  "weighted_f1": 0.8398982619696787,
  "macro_f1": 0.8398982619696787,
  "weighted_accuracy": 0.8385,
  "weighted_precision": 0.8453620632708376,
  "weighted_recall": 0.8385,
  "per_class_auc": [
    0.9882282222222222,
    0.9957423333333333,
    0.9764479444444444,
    0.9605761111111111,
    0.9795955555555556,
    0.9754396666666667,
    0.9850228888888889,
    0.9893418888888889,
    0.9909694444444443,
    0.9934281111111111
  ],
  "mean_auc": 0.9834792166666666,
  "confusion_matrix": [
    [
      902,
      11,
      18,
      11,
      2,
      2,
      1,
      10,
      24,
      19
    ],
    [
      9,
      942,
      1,
      4,
      0,
      1,
      0,
      2,
      4,
      37
    ],
    [
      59,
      0,
      786,
      67,
      33,
      22,
      15,
      13,
      3,
      2
    ],
    [
      26,
      2,
      47,
      760,
      25,
      95,
      15,
      22,
      2,
      6
    ],
    [
      17,
      1,
      57,
      44,
      772,
      34,
      9,
      60,
      5,
      1
    ],
    [
      11,
      3,
      17,
      164,
      16,
      752,
      3,
      31,
      0,
      3
    ],
    [
      18,
      3,
      48,
      87,
      16,
      12,
      805,
      5,
      3,
      3
    ],
    [
      20,
      1,
      16,
      35,
      13,
      32,
      1,
      878,
      1,
      3
    ],
    [
      77,
      17,
      7,
      5,
      0,
      1,
      0,
      1,
      878,
      14
    ],
    [
      13,
      45,
      5,
      9,
      0,
      1,
      1,
      1,
      15,
      910
    ]
  ],
  "report": "              precision    recall  f1-score   support\n\n           0       0.78      0.90      0.84      1000\n           1       0.92      0.94      0.93      1000\n           2       0.78      0.79      0.79      1000\n           3       0.64      0.76      0.70      1000\n           4       0.88      0.77      0.82      1000\n           5       0.79      0.75      0.77      1000\n           6       0.95      0.81      0.87      1000\n           7       0.86      0.88      0.87      1000\n           8       0.94      0.88      0.91      1000\n           9       0.91      0.91      0.91      1000\n\n    accuracy                           0.84     10000\n   macro avg       0.85      0.84      0.84     10000\nweighted avg       0.85      0.84      0.84     10000\n",
  "seed": 0
}