{
  "weighted_f1": 0.7632756361006915,
  "macro_f1": 0.7250418041307001,
  "weighted_accuracy": 0.75,
  "weighted_precision": 0.8139359382860976,
  "weighted_recall": 0.75,
  "per_class_auc": [
    0.8703007518796992
  ],
  "mean_auc": 0.8703007518796992,
  "confusion_matrix": [
    [
      35,
      7
    ],
    [
      32,
      82
    ]
  ],
  "report": "              precision    recall  f1-score   support\n\n           0       0.52      0.83      0.64        42\n           1       0.92      0.72      0.81       114\n\n    accuracy                           0.75       156\n   macro avg       0.72      0.78      0.73       156\nweighted avg       0.81      0.75      0.76       156\n",
  "seed": 0
}