{
  "weighted_f1": 0.8421085858780464,
  "macro_f1": 0.8421085858780464,
  "weighted_accuracy": 0.8414,
  "weighted_precision": 0.8455611461738741,
  "weighted_recall": 0.8414,
  "per_class_auc": [
    0.9893577777777778,
    0.9958506666666667,
    0.9796745555555555,
    0.9632927777777777,
    0.982367,
    0.9752004444444444,
    0.9879391111111111,
    0.9917366666666666,
    0.9941817777777777,
    0.9924996666666667
  ],
  "mean_auc": 0.9852100444444444,
  "confusion_matrix": [
    [
      889,
      8,
      17,
      12,
      1,
      0,
      1,
      7,
      49,
      16
    ],
    [
      10,
      946,
      1,
      4,
      0,
      2,
      0,
      1,
      5,
      31
    ],
    [
      51,
      2,
      798,
      61,
      37,
      19,
      13,
      16,
      2,
      1
    ],
    [
      24,
      3,
      53,
      739,
      28,
      108,
      18,
      19,
      5,
      3
    ],
    [
      19,
      1,
      65,
      57,
      759,
      29,
      9,
      48,
      12,
      1
    ],
    [
      14,
      4,
      27,
      132,
      17,
      770,
      3,
      29,
      2,
      2
    ],
    [
      10,
      2,
      42,
      82,
      28,
      21,
      803,
      6,
      4,
      2
    ],
    [
      16,
      1,
      15,
      20,
      14,
      29,
      0,
      900,
      1,
      4
    ],
    [
      42,
      11,
      5,
      5,
      0,
      1,
      1,
      2,
      918,
      15
    ],
    [
      18,
      48,
      4,
      10,
      0,
      2,
      2,
      5,
      19,
      892
    ]
  ],
  "report": "              precision    recall  f1-score   support\n\n           0       0.81      0.89      0.85      1000\n           1       0.92      0.95      0.93      1000\n           2       0.78      0.80      0.79      1000\n           3       0.66      0.74      0.70      1000\n           4       0.86      0.76      0.81      1000\n           5       0.78      0.77      0.78      1000\n           6       0.94      0.80      0.87      1000\n           7       0.87      0.90      0.89      1000\n           8       0.90      0.92      0.91      1000\n           9       0.92      0.89      0.91      1000\n\n    accuracy                           0.84     10000\n   macro avg       0.85      0.84      0.84     10000\nweighted avg       0.85      0.84      0.84     10000\n",
  "seed": 0
}