{
  "weighted_f1": 0.8935816909883597,
  "macro_f1": 0.8935816909883597,
  "weighted_accuracy": 0.8934,
  "weighted_precision": 0.8946990564404056,
  "weighted_recall": 0.8934,
  "per_class_auc": [
    0.9923705555555556,
    0.9966583333333334,
    0.9864261666666667,
    0.9764822222222221,
    0.9879642222222222,
    0.9839156666666666,
    0.9921426666666665,
    0.9959113333333334,
    0.9955167777777778,
    0.9930834444444444
  ],
  "mean_auc": 0.9900471388888888,
  "confusion_matrix": [
    [
      916,
      2,
      25,
      8,
      4,
      1,
      3,
      5,
      29,
      7
    ],
    [
      5,
      963,
      2,
      3,
      0,
      0,
      0,
      1,
      7,
      19
    ],
    [
      24,
      0,
      891,
      19,
      14,
      18,
      12,
      15,
      7,
      0
    ],
    [
      16,
      2,
      40,
      792,
      17,
      74,
      25,
      23,
      8,
      3
    ],
    [
      7,
      1,
      32,
      41,
      854,
      15,
      9,
      36,
      4,
      1
    ],
    [
      6,
      1,
      17,
      113,
      13,
      821,
      3,
      24,
      1,
      1
    ],
    [
      5,
      3,
      25,
      34,
      8,
      17,
      895,
      8,
      3,
      2
    ],
    [
      8,
      0,
      10,
      16,
      5,
      17,
      0,
      942,
      1,
      1
    ],
    [
      27,
      11,
      3,
      7,
      0,
      0,
      2,
      1,
      940,
      9
    ],
    [
      12,
      35,
      3,
      10,
      0,
      3,
      2,
      0,
      15,
      920
    ]
  ],
  "report": "              precision    recall  f1-score   support\n\n           0       0.89      0.92      0.90      1000\n           1       0.95      0.96      0.95      1000\n           2       0.85      0.89      0.87      1000\n           3       0.76      0.79      0.78      1000\n           4       0.93      0.85      0.89      1000\n           5       0.85      0.82      0.84      1000\n           6       0.94      0.90      0.92      1000\n           7       0.89      0.94      0.92      1000\n           8       0.93      0.94      0.93      1000\n           9       0.96      0.92      0.94      1000\n\n    accuracy                           0.89     10000\n   macro avg       0.89      0.89      0.89     10000\nweighted avg       0.89      0.89      0.89     10000\n",
  "seed": 0
}