{
  "weighted_f1": {
    "mean": 0.6472182748442641,
    "std": NaN,
    "min": 0.6472182748442641,
    "max": 0.6472182748442641,
    "values": [
      0.6472182748442641
    ]
  },
  "macro_f1": {
    "mean": 0.6472182748442641,
    "std": NaN,
    "min": 0.6472182748442641,
    "max": 0.6472182748442641,
    "values": [
      0.6472182748442641
    ]
  },
  "weighted_accuracy": {
    "mean": 0.6475,
    "std": NaN,
    "min": 0.6475,
    "max": 0.6475,
    "values": [
      0.6475
    ]
  },
  "mean_auc": {
    "mean": 0.9773935656565658,
    "std": NaN,
    "min": 0.9773935656565658,
    "max": 0.9773935656565658,
    "values": [
      0.9773935656565658
    ]
  },
  "best_seed_idx": 0,
  "n_runs": 1
}