{
  "weighted_f1": 0.835929723507036,
  "macro_f1": 0.8359297235070361,
  "weighted_accuracy": 0.8346,
  "weighted_precision": 0.8408315371791563,
  "weighted_recall": 0.8346,
  "per_class_auc": [
    0.9866843333333334,
    0.995434111111111,
    0.9751023333333333,
    0.9574386666666665,
    0.9804552222222223,
    0.9732351111111112,
    0.9868475555555556,
    0.9886732222222222,
    0.9924493333333335,
    0.991378
  ],
  "mean_auc": 0.9827697888888889,
  "confusion_matrix": [
    [
      886,
      8,
      23,
      15,
      5,
      1,
      2,
      9,
      29,
      22
    ],
    [
      9,
      931,
      3,
      5,
      0,
      3,
      0,
      1,
      9,
      39
    ],
    [
      49,
      2,
      789,
      64,
      28,
      32,
      16,
      15,
      3,
      2
    ],
    [
      17,
      4,
      50,
      741,
      26,
      111,
      19,
      20,
      8,
      4
    ],
    [
      26,
      0,
      50,
      70,
      749,
      28,
      14,
      58,
      5,
      0
    ],
    [
      14,
      2,
      23,
      137,
      13,
      777,
      5,
      26,
      1,
      2
    ],
    [
      14,
      3,
      45,
      93,
      15,
      19,
      795,
      8,
      4,
      4
    ],
    [
      15,
      0,
      20,
      37,
      9,
      24,
      1,
      885,
      3,
      6
    ],
    [
      48,
      14,
      7,
      9,
      1,
      1,
      1,
      0,
      903,
      16
    ],
    [
      17,
      56,
      3,
      8,
      1,
      2,
      0,
      8,
      15,
      890
    ]
  ],
  "report": "              precision    recall  f1-score   support\n\n           0       0.81      0.89      0.85      1000\n           1       0.91      0.93      0.92      1000\n           2       0.78      0.79      0.78      1000\n           3       0.63      0.74      0.68      1000\n           4       0.88      0.75      0.81      1000\n           5       0.78      0.78      0.78      1000\n           6       0.93      0.80      0.86      1000\n           7       0.86      0.89      0.87      1000\n           8       0.92      0.90      0.91      1000\n           9       0.90      0.89      0.90      1000\n\n    accuracy                           0.83     10000\n   macro avg       0.84      0.83      0.84     10000\nweighted avg       0.84      0.83      0.84     10000\n",
  "seed": 1
}