{
  "weighted_f1": 0.8260894526093323,
  "macro_f1": 0.8260894526093322,
  "weighted_accuracy": 0.8247,
  "weighted_precision": 0.8311039843423615,
  "weighted_recall": 0.8247,
  "per_class_auc": [
    0.9863754444444444,
    0.9945025555555557,
    0.9707140000000001,
    0.9596717777777778,
    0.9811754444444445,
    0.9715018888888887,
    0.9856206666666667,
    0.9886219999999999,
    0.9912831111111112,
    0.9919088888888891
  ],
  "mean_auc": 0.9821375777777778,
  "confusion_matrix": [
    [
      893,
      12,
      24,
      6,
      6,
      0,
      2,
      5,
      26,
      26
    ],
    [
      22,
      924,
      0,
      5,
      0,
      2,
      0,
      0,
      7,
      40
    ],
    [
      74,
      4,
      746,
      72,
      30,
      29,
      19,
      19,
      3,
      4
    ],
    [
      20,
      1,
      49,
      748,
      28,
      107,
      20,
      15,
      5,
      7
    ],
    [
      19,
      1,
      61,
      67,
      761,
      26,
      7,
      55,
      3,
      0
    ],
    [
      11,
      2,
      27,
      155,
      20,
      742,
      9,
      31,
      0,
      3
    ],
    [
      16,
      5,
      49,
      72,
      17,
      21,
      813,
      2,
      3,
      2
    ],
    [
      20,
      2,
      17,
      29,
      22,
      44,
      0,
      860,
      0,
      6
    ],
    [
      82,
      17,
      8,
      7,
      1,
      1,
      0,
      1,
      869,
      14
    ],
    [
      22,
      52,
      1,
      6,
      2,
      2,
      2,
      7,
      15,
      891
    ]
  ],
  "report": "              precision    recall  f1-score   support\n\n           0       0.76      0.89      0.82      1000\n           1       0.91      0.92      0.91      1000\n           2       0.76      0.75      0.75      1000\n           3       0.64      0.75      0.69      1000\n           4       0.86      0.76      0.81      1000\n           5       0.76      0.74      0.75      1000\n           6       0.93      0.81      0.87      1000\n           7       0.86      0.86      0.86      1000\n           8       0.93      0.87      0.90      1000\n           9       0.90      0.89      0.89      1000\n\n    accuracy                           0.82     10000\n   macro avg       0.83      0.82      0.83     10000\nweighted avg       0.83      0.82      0.83     10000\n",
  "seed": 0
}