{
  "weighted_f1": 0.8332545974634026,
  "macro_f1": 0.8332545974634027,
  "weighted_accuracy": 0.8325,
  "weighted_precision": 0.8361328795219768,
  "weighted_recall": 0.8325,
  "per_class_auc": [
    0.9856242222222222,
    0.9954285555555555,
    0.9736579999999999,
    0.9569712222222222,
    0.9799768888888889,
    0.9725445555555555,
    0.9890336666666668,
    0.987293111111111,
    0.9916962222222223,
    0.992132
  ],
  "mean_auc": 0.9824358444444444,
  "confusion_matrix": [
    [
      878,
      13,
      26,
      10,
      4,
      0,
      1,
      7,
      46,
      15
    ],
    [
      6,
      938,
      0,
      5,
      0,
      1,
      1,
      2,
      9,
      38
    ],
    [
      48,
      0,
      817,
      40,
      32,
      21,
      26,
      12,
      2,
      2
    ],
    [
      20,
      1,
      65,
      714,
      31,
      118,
      22,
      18,
      7,
      4
    ],
    [
      18,
      1,
      69,
      56,
      753,
      33,
      15,
      52,
      3,
      0
    ],
    [
      9,
      2,
      28,
      141,
      17,
      760,
      6,
      34,
      1,
      2
    ],
    [
      12,
      2,
      55,
      66,
      18,
      17,
      818,
      8,
      2,
      2
    ],
    [
      15,
      2,
      26,
      27,
      23,
      37,
      1,
      868,
      0,
      1
    ],
    [
      44,
      13,
      14,
      8,
      0,
      0,
      2,
      2,
      905,
      12
    ],
    [
      17,
      60,
      3,
      12,
      1,
      2,
      3,
      7,
      21,
      874
    ]
  ],
  "report": "              precision    recall  f1-score   support\n\n           0       0.82      0.88      0.85      1000\n           1       0.91      0.94      0.92      1000\n           2       0.74      0.82      0.78      1000\n           3       0.66      0.71      0.69      1000\n           4       0.86      0.75      0.80      1000\n           5       0.77      0.76      0.76      1000\n           6       0.91      0.82      0.86      1000\n           7       0.86      0.87      0.86      1000\n           8       0.91      0.91      0.91      1000\n           9       0.92      0.87      0.90      1000\n\n    accuracy                           0.83     10000\n   macro avg       0.84      0.83      0.83     10000\nweighted avg       0.84      0.83      0.83     10000\n",
  "seed": 4
}