{
  "weighted_f1": 0.8332766459253844,
  "macro_f1": 0.8332766459253845,
  "weighted_accuracy": 0.8325,
  "weighted_precision": 0.8362751589681126,
  "weighted_recall": 0.8325,
  "per_class_auc": [
    0.9864873333333333,
    0.9959627777777778,
    0.9741903333333334,
    0.9592222222222222,
    0.9806742222222222,
    0.9708031111111112,
    0.988802,
    0.989643,
    0.9920981111111112,
    0.9938159999999999
  ],
  "mean_auc": 0.9831699111111112,
  "confusion_matrix": [
    [
      878,
      15,
      18,
      13,
      6,
      0,
      2,
      7,
      43,
      18
    ],
    [
      13,
      929,
      1,
      5,
      0,
      1,
      3,
      1,
      7,
      40
    ],
    [
      60,
      0,
      781,
      46,
      33,
      40,
      17,
      14,
      4,
      5
    ],
    [
      22,
      1,
      51,
      719,
      26,
      127,
      21,
      16,
      9,
      8
    ],
    [
      20,
      1,
      55,
      62,
      757,
      29,
      17,
      55,
      3,
      1
    ],
    [
      11,
      3,
      25,
      120,
      14,
      784,
      6,
      31,
      2,
      4
    ],
    [
      13,
      2,
      46,
      67,
      16,
      23,
      822,
      5,
      3,
      3
    ],
    [
      18,
      1,
      19,
      34,
      12,
      38,
      0,
      866,
      3,
      9
    ],
    [
      61,
      17,
      10,
      5,
      1,
      1,
      1,
      0,
      892,
      12
    ],
    [
      21,
      51,
      2,
      6,
      1,
      2,
      3,
      3,
      14,
      897
    ]
  ],
  "report": "              precision    recall  f1-score   support\n\n           0       0.79      0.88      0.83      1000\n           1       0.91      0.93      0.92      1000\n           2       0.77      0.78      0.78      1000\n           3       0.67      0.72      0.69      1000\n           4       0.87      0.76      0.81      1000\n           5       0.75      0.78      0.77      1000\n           6       0.92      0.82      0.87      1000\n           7       0.87      0.87      0.87      1000\n           8       0.91      0.89      0.90      1000\n           9       0.90      0.90      0.90      1000\n\n    accuracy                           0.83     10000\n   macro avg       0.84      0.83      0.83     10000\nweighted avg       0.84      0.83      0.83     10000\n",
  "seed": 3
}