{
  "weighted_f1": 0.8372718586510426,
  "macro_f1": 0.8372718586510425,
  "weighted_accuracy": 0.8363,
  "weighted_precision": 0.8411815630026916,
  "weighted_recall": 0.8363,
  "per_class_auc": [
    0.9870705555555556,
    0.9958471111111111,
    0.9748946666666667,
    0.9583583333333333,
    0.9823788888888888,
    0.975223888888889,
    0.9879975555555556,
    0.9887411111111111,
    0.993122111111111,
    0.9920940000000001
  ],
  "mean_auc": 0.9835728222222222,
  "confusion_matrix": [
    [
      905,
      14,
      22,
      7,
      6,
      0,
      1,
      7,
      26,
      12
    ],
    [
      11,
      944,
      1,
      2,
      0,
      3,
      1,
      1,
      7,
      30
    ],
    [
      67,
      1,
      798,
      52,
      30,
      20,
      15,
      12,
      3,
      2
    ],
    [
      26,
      0,
      55,
      714,
      23,
      120,
      29,
      23,
      8,
      2
    ],
    [
      22,
      0,
      66,
      55,
      769,
      29,
      10,
      42,
      6,
      1
    ],
    [
      16,
      1,
      23,
      138,
      19,
      774,
      6,
      23,
      0,
      0
    ],
    [
      13,
      3,
      53,
      70,
      21,
      25,
      808,
      4,
      2,
      1
    ],
    [
      16,
      2,
      25,
      27,
      14,
      31,
      0,
      883,
      0,
      2
    ],
    [
      57,
      21,
      10,
      7,
      1,
      1,
      1,
      2,
      888,
      12
    ],
    [
      23,
      55,
      3,
      8,
      1,
      2,
      3,
      9,
      16,
      880
    ]
  ],
  "report": "              precision    recall  f1-score   support\n\n           0       0.78      0.91      0.84      1000\n           1       0.91      0.94      0.93      1000\n           2       0.76      0.80      0.78      1000\n           3       0.66      0.71      0.69      1000\n           4       0.87      0.77      0.82      1000\n           5       0.77      0.77      0.77      1000\n           6       0.92      0.81      0.86      1000\n           7       0.88      0.88      0.88      1000\n           8       0.93      0.89      0.91      1000\n           9       0.93      0.88      0.91      1000\n\n    accuracy                           0.84     10000\n   macro avg       0.84      0.84      0.84     10000\nweighted avg       0.84      0.84      0.84     10000\n",
  "seed": 2
}