{
  "train_loss": [
    4.597893043857151,
    4.412167436981201,
    4.176076904042562,
    4.03189275487264,
    3.9301158294253877,
    3.850750583055284,
    3.7661902345869276,
    3.7060729081047907,
    3.65296159447564,
    3.6076597639719643,
    3.573389888763428,
    3.540796960406833,
    3.5142927835676403,
    3.4870640308803984,
    3.4573482021331787,
    3.43637838567098,
    3.408882945039537,
    3.3857791397942436,
    3.3759264836205376,
    3.3508174663967556,
    3.335114208263821,
    3.3148281634012857,
    3.2908525031195746,
    3.2817541150834826,
    3.2670716670566136,
    3.2524373770395916,
    3.2341442447238498,
    3.2241310368431937,
    3.2039585854424373,
    3.191059828186035,
    3.181944690238105,
    3.1648731076982286,
    3.153872941970825,
    3.138784505589803,
    3.1333293692270914,
    3.1335604909261066,
    3.110240041987101,
    3.098958120727539,
    3.095466139433119,
    3.088260804239909,
    3.079681208462185,
    3.0707592903984917,
    3.0518036782158746,
    3.0550525386386447,
    3.044372484164768,
    3.032894226837158,
    3.024114704047309,
    3.0202762457105847,
    3.0110446551005046,
    3.0061805032518176,
    2.9998268378363715,
    2.996090943951077,
    2.9856828520033094,
    2.969702696524726,
    2.9705313485887315,
    2.964680273607042,
    2.9621845917595757,
    2.9532543634202746,
    2.9427829828050402,
    2.9406328818003336,
    2.9364790703667536,
    2.932035859680176,
    2.9178107395595974,
    2.919934324476454,
    2.9051107741038003,
    2.9031324910057914,
    2.8997200138515895,
    2.892106493165758,
    2.8921475624932182,
    2.8833113221910263,
    2.8845999747806124,
    2.877643146006266,
    2.8655962602827283,
    2.865484017393324,
    2.863118361960517,
    2.850016420533922
  ],
  "train_acc": [
    0.014022222222222222,
    0.03508888888888889,
    0.06317777777777778,
    0.08235555555555556,
    0.1024,
    0.12324444444444445,
    0.14004444444444444,
    0.1545777777777778,
    0.16737777777777776,
    0.17557777777777778,
    0.18408888888888889,
    0.1933111111111111,
    0.19677777777777777,
    0.20604444444444445,
    0.21155555555555555,
    0.21611111111111111,
    0.222,
    0.22762222222222223,
    0.2320888888888889,
    0.23893333333333333,
    0.2416888888888889,
    0.24475555555555556,
    0.25553333333333333,
    0.25651111111111113,
    0.26215555555555553,
    0.26595555555555556,
    0.27066666666666667,
    0.2734888888888889,
    0.27653333333333335,
    0.28253333333333336,
    0.2874888888888889,
    0.2902222222222222,
    0.29031111111111113,
    0.29302222222222224,
    0.296,
    0.29775555555555555,
    0.3032444444444444,
    0.31062222222222224,
    0.30677777777777776,
    0.3118666666666667,
    0.31206666666666666,
    0.31664444444444445,
    0.32182222222222223,
    0.3194,
    0.32515555555555553,
    0.3297111111111111,
    0.33166666666666667,
    0.3307333333333333,
    0.3329111111111111,
    0.3380222222222222,
    0.3394,
    0.33826666666666666,
    0.34313333333333335,
    0.34271111111111113,
    0.34775555555555554,
    0.34744444444444444,
    0.3478222222222222,
    0.3517777777777778,
    0.35302222222222224,
    0.35655555555555557,
    0.35786666666666667,
    0.3584222222222222,
    0.3602444444444444,
    0.3608222222222222,
    0.36624444444444443,
    0.3681333333333333,
    0.36833333333333335,
    0.3695111111111111,
    0.37022222222222223,
    0.3731333333333333,
    0.37295555555555554,
    0.37424444444444444,
    0.3771555555555556,
    0.37422222222222223,
    0.3804666666666667,
    0.38182222222222223
  ],
  "val_loss": [
    4.565270819091797,
    4.213302967834473,
    3.975604755401611,
    3.8401128845214845,
    3.7298392501831055,
    3.625930502319336,
    3.512826625061035,
    3.4494320899963378,
    3.3825437553405764,
    3.335404997253418,
    3.2938940490722657,
    3.2497926498413086,
    3.2273300941467284,
    3.178040389633179,
    3.190339400482178,
    3.129732309341431,
    3.1363715965270997,
    3.0984865676879885,
    3.0805770664215086,
    3.067990514373779,
    3.069600843811035,
    3.01973698387146,
    2.998781475830078,
    2.9813672622680665,
    2.9478132400512695,
    2.956401760864258,
    2.9347176025390627,
    2.926241269683838,
    2.907224171447754,
    2.9000404575347902,
    2.879126584625244,
    2.866718535232544,
    2.8597643299102784,
    2.8417233116149903,
    2.793499954986572,
    2.7943787872314454,
    2.8233676528930665,
    2.7803915477752685,
    2.779601111602783,
    2.7632598434448243,
    2.7939724113464357,
    2.7515577827453614,
    2.7657602416992186,
    2.767749970626831,
    2.754958840560913,
    2.7419446472167968,
    2.7299915657043456,
    2.7213524459838867,
    2.7109136817932127,
    2.79082296333313,
    2.7352349773406983,
    2.762696318435669,
    2.68539062461853,
    2.7052684749603273,
    2.7031449558258056,
    2.6542175004959105,
    2.663015459060669,
    2.633590803146362,
    2.7449588188171385,
    2.6871283710479736,
    2.638810799407959,
    2.666312950897217,
    2.6276918087005616,
    2.6562495372772217,
    2.6717715240478515,
    2.5915730323791504,
    2.6383610523223875,
    2.6394610908508302,
    2.6234428607940674,
    2.622770516204834,
    2.6390558906555177,
    2.683124157333374,
    2.6243004280090334,
    2.6194654109954834,
    2.6212514881134035,
    2.598120432662964
  ],
  "val_acc": [
    0.0254,
    0.0568,
    0.0958,
    0.1154,
    0.1466,
    0.1754,
    0.2044,
    0.2168,
    0.226,
    0.235,
    0.2432,
    0.2638,
    0.268,
    0.2852,
    0.2814,
    0.2906,
    0.2926,
    0.3002,
    0.2966,
    0.308,
    0.3032,
    0.3256,
    0.3282,
    0.3304,
    0.3448,
    0.3432,
    0.3404,
    0.3484,
    0.3556,
    0.3518,
    0.3582,
    0.3582,
    0.3682,
    0.3776,
    0.391,
    0.388,
    0.3802,
    0.3806,
    0.394,
    0.3884,
    0.384,
    0.3966,
    0.3962,
    0.3854,
    0.3926,
    0.3992,
    0.401,
    0.403,
    0.4056,
    0.3884,
    0.3956,
    0.3902,
    0.4102,
    0.4116,
    0.4024,
    0.4214,
    0.4206,
    0.4226,
    0.4016,
    0.4144,
    0.4172,
    0.4214,
    0.427,
    0.4204,
    0.4152,
    0.4346,
    0.4246,
    0.4244,
    0.43,
    0.4326,
    0.4258,
    0.4168,
    0.428,
    0.4334,
    0.435,
    0.4444
  ],
  "best_val_loss": 2.5915730323791504,
  "total_time_s": 2396.3594484329224,
  "stopped_epoch": 76
}