{
  "weighted_f1": 0.8515675971575886,
  "macro_f1": 0.8515675971575882,
  "weighted_accuracy": 0.8505,
  "weighted_precision": 0.8552860871958791,
  "weighted_recall": 0.8505,
  "per_class_auc": [
    0.9905464444444444,
    0.9966993333333333,
    0.9807465555555556,
    0.9648987777777779,
    0.9838184444444443,
    0.9757886666666667,
    0.9865674444444443,
    0.991736,
    0.9913887777777777,
    0.9935238888888889
  ],
  "mean_auc": 0.9855714333333333,
  "confusion_matrix": [
    [
      907,
      11,
      17,
      13,
      7,
      0,
      1,
      7,
      18,
      19
    ],
    [
      9,
      939,
      2,
      1,
      0,
      1,
      3,
      1,
      7,
      37
    ],
    [
      50,
      3,
      814,
      58,
      29,
      15,
      19,
      8,
      3,
      1
    ],
    [
      17,
      3,
      47,
      773,
      26,
      91,
      17,
      16,
      5,
      5
    ],
    [
      15,
      2,
      45,
      50,
      787,
      35,
      12,
      49,
      4,
      1
    ],
    [
      8,
      2,
      25,
      161,
      15,
      754,
      8,
      25,
      1,
      1
    ],
    [
      9,
      2,
      36,
      63,
      16,
      9,
      856,
      6,
      2,
      1
    ],
    [
      14,
      1,
      17,
      27,
      11,
      28,
      2,
      896,
      0,
      4
    ],
    [
      71,
      14,
      6,
      8,
      1,
      1,
      1,
      2,
      885,
      11
    ],
    [
      21,
      49,
      3,
      9,
      2,
      1,
      1,
      7,
      13,
      894
    ]
  ],
  "report": "              precision    recall  f1-score   support\n\n           0       0.81      0.91      0.86      1000\n           1       0.92      0.94      0.93      1000\n           2       0.80      0.81      0.81      1000\n           3       0.66      0.77      0.71      1000\n           4       0.88      0.79      0.83      1000\n           5       0.81      0.75      0.78      1000\n           6       0.93      0.86      0.89      1000\n           7       0.88      0.90      0.89      1000\n           8       0.94      0.89      0.91      1000\n           9       0.92      0.89      0.91      1000\n\n    accuracy                           0.85     10000\n   macro avg       0.86      0.85      0.85     10000\nweighted avg       0.86      0.85      0.85     10000\n",
  "seed": 0
}