{
  "weighted_f1": {
    "mean": 0.8790759884589175,
    "std": NaN,
    "min": 0.8790759884589175,
    "max": 0.8790759884589175,
    "values": [
      0.8790759884589175
    ]
  },
  "macro_f1": {
    "mean": 0.8679097011787563,
    "std": NaN,
    "min": 0.8679097011787563,
    "max": 0.8679097011787563,
    "values": [
      0.8679097011787563
    ]
  },
  "weighted_accuracy": {
    "mean": 0.8830128205128205,
    "std": NaN,
    "min": 0.8830128205128205,
    "max": 0.8830128205128205,
    "values": [
      0.8830128205128205
    ]
  },
  "mean_auc": {
    "mean": 0.9576265614727153,
    "std": NaN,
    "min": 0.9576265614727153,
    "max": 0.9576265614727153,
    "values": [
      0.9576265614727153
    ]
  },
  "best_seed_idx": 0,
  "n_runs": 1
}