{
  "train_loss": [
    4.5984537900288895,
    4.3964300620185,
    4.16015708855523,
    4.018958828353882,
    3.9248298467000327,
    3.8592015432569715,
    3.782585365464952,
    3.7275344031863744,
    3.669566543833415,
    3.6253353029039173,
    3.591708058251275,
    3.548159243774414,
    3.5213700208028156,
    3.493310376909044,
    3.45975776248508,
    3.4319837142944336,
    3.41233049214681,
    3.3842573632982043,
    3.369946737077501,
    3.348241841167874,
    3.3220701537662083,
    3.3058028462304008,
    3.279522170639038,
    3.2692845168219673,
    3.260176582039727,
    3.2375889884524875,
    3.221864952807956,
    3.2068315490722656,
    3.19566324573093,
    3.1933666946411132,
    3.1738469872792563,
    3.1589456122080484,
    3.1430906578063964,
    3.137480864079793,
    3.133618512301975,
    3.119624688932631,
    3.1108091556972925,
    3.0975923672993977,
    3.088715742111206,
    3.0774741137186687,
    3.0663919397142196,
    3.0633315061357287,
    3.046505282889472,
    3.047583366902669,
    3.0363586599561905,
    3.0303604047139485,
    3.0195953858269586,
    3.01559595773485,
    3.003018033472697,
    2.998600070614285,
    2.9881412659115263,
    2.981194955868191,
    2.9823538501315645,
    2.968855067147149,
    2.9600088642544216,
    2.9544036329905192,
    2.948770281134711,
    2.9465803614298505,
    2.9361476334465872,
    2.9382574853685166,
    2.932295678583781,
    2.9250987216949462,
    2.92406165983412,
    2.9149250081380207,
    2.910386380725437,
    2.9054976220872666,
    2.903856088172065,
    2.9008608441670733,
    2.885166860792372,
    2.882565085728963,
    2.882461363898383,
    2.8791183361901176,
    2.8658617277357314,
    2.873671695115831,
    2.863550343661838,
    2.8597469361199273,
    2.854382271491157,
    2.8569124219258626,
    2.8502535859425864,
    2.8493182707892526,
    2.84612114300198,
    2.842806950463189,
    2.8361285948435464,
    2.8355749149746363,
    2.8353141347673203,
    2.838603640323215,
    2.8232456047905816,
    2.83476056543986,
    2.8263217077467178,
    2.825810648854574,
    2.8229474142286515,
    2.8287204876793757,
    2.826199847708808,
    2.8229792082044813,
    2.820827260080973,
    2.81925793033176,
    2.8185949659559464,
    2.8216594707912868,
    2.8269355651007757,
    2.8182904003567164
  ],
  "train_acc": [
    0.01571111111111111,
    0.0344,
    0.06302222222222222,
    0.08586666666666666,
    0.10246666666666666,
    0.1184888888888889,
    0.13455555555555557,
    0.15055555555555555,
    0.1618888888888889,
    0.17155555555555554,
    0.17984444444444445,
    0.18888888888888888,
    0.19782222222222223,
    0.19937777777777776,
    0.20966666666666667,
    0.21715555555555555,
    0.2235111111111111,
    0.2278,
    0.23326666666666668,
    0.24193333333333333,
    0.24757777777777779,
    0.2527111111111111,
    0.25824444444444444,
    0.2616,
    0.26226666666666665,
    0.2687777777777778,
    0.2718,
    0.27873333333333333,
    0.2810888888888889,
    0.2812222222222222,
    0.28855555555555557,
    0.2898,
    0.29717777777777776,
    0.2983777777777778,
    0.29906666666666665,
    0.30195555555555553,
    0.3048666666666667,
    0.30973333333333336,
    0.31233333333333335,
    0.31475555555555557,
    0.3197111111111111,
    0.31826666666666664,
    0.32124444444444444,
    0.32284444444444443,
    0.32935555555555557,
    0.32844444444444443,
    0.3291777777777778,
    0.3289111111111111,
    0.3339111111111111,
    0.3391777777777778,
    0.34128888888888886,
    0.3426444444444444,
    0.34046666666666664,
    0.3459333333333333,
    0.34917777777777775,
    0.34915555555555555,
    0.35231111111111113,
    0.3538222222222222,
    0.35455555555555557,
    0.3562888888888889,
    0.35815555555555556,
    0.35888888888888887,
    0.3590888888888889,
    0.35977777777777775,
    0.36317777777777777,
    0.36533333333333334,
    0.36693333333333333,
    0.3635333333333333,
    0.368,
    0.3734222222222222,
    0.3705777777777778,
    0.3738444444444444,
    0.3732666666666667,
    0.37333333333333335,
    0.37675555555555557,
    0.379,
    0.3809111111111111,
    0.38026666666666664,
    0.3814666666666667,
    0.38008888888888887,
    0.38253333333333334,
    0.38306666666666667,
    0.38308888888888887,
    0.38693333333333335,
    0.3831777777777778,
    0.3847777777777778,
    0.3854222222222222,
    0.38651111111111114,
    0.3868666666666667,
    0.3864444444444444,
    0.3844666666666667,
    0.3850222222222222,
    0.38755555555555554,
    0.3894444444444444,
    0.38808888888888887,
    0.3888666666666667,
    0.3912888888888889,
    0.3877777777777778,
    0.3857555555555556,
    0.39013333333333333
  ],
  "val_loss": [
    4.558696699523926,
    4.2199796813964845,
    3.9466118103027346,
    3.8274448692321776,
    3.735466297912598,
    3.674365673828125,
    3.54803708152771,
    3.485400803756714,
    3.4037488731384276,
    3.3602344795227053,
    3.334821795654297,
    3.30318514213562,
    3.249057099533081,
    3.2054178867340086,
    3.193138208389282,
    3.1492174892425537,
    3.108778852081299,
    3.1161288246154784,
    3.086824666595459,
    3.0356293270111085,
    3.034941868209839,
    3.0141713729858397,
    2.9973476112365725,
    2.9779601501464845,
    2.917775046539307,
    2.9484853969573974,
    2.952735258102417,
    2.9052950443267824,
    2.903961237716675,
    2.8546368713378905,
    2.8485789710998537,
    2.86379744682312,
    2.863167920303345,
    2.86518567276001,
    2.818041048812866,
    2.812498543548584,
    2.798384562301636,
    2.888841107559204,
    2.8098095947265627,
    2.805120651626587,
    2.8264352939605715,
    2.786175615310669,
    2.7822618362426756,
    2.77298145942688,
    2.744338068008423,
    2.737042066192627,
    2.7365720268249514,
    2.7298147369384766,
    2.727304284667969,
    2.695456149291992,
    2.701685485839844,
    2.7019268634796143,
    2.723542596435547,
    2.6926975727081297,
    2.687933726501465,
    2.6972284774780273,
    2.6681513134002683,
    2.6517612155914305,
    2.6701466751098635,
    2.6543396766662597,
    2.6632045852661133,
    2.6748417121887207,
    2.6304525184631347,
    2.6622059188842773,
    2.655518291473389,
    2.653429807281494,
    2.632801387023926,
    2.6563197776794434,
    2.6386551380157472,
    2.6247354255676267,
    2.6255559272766114,
    2.630794255065918,
    2.6105808509826662,
    2.630162642669678,
    2.6186629398345946,
    2.615404507827759,
    2.607272315979004,
    2.6013237300872802,
    2.614602137374878,
    2.6147555366516113,
    2.6068468811035155,
    2.606630545043945,
    2.606811204147339,
    2.59058282623291,
    2.595509290313721,
    2.5985318447113035,
    2.5908693431854246,
    2.601775118255615,
    2.5876148429870605,
    2.5965353630065917,
    2.5897723697662354,
    2.592253932571411,
    2.592945603942871,
    2.59970188331604,
    2.584576751708984,
    2.59346067276001,
    2.58559016418457,
    2.5875715995788573,
    2.584823974609375,
    2.59716569442749
  ],