{
  "train_loss": [
    4.595292328050402,
    4.431568118709988,
    4.159165584733751,
    4.028962823613485,
    3.937305179426405,
    3.8665550914764406,
    3.8012922189500595,
    3.742960191599528,
    3.6893361342536077,
    3.639722621493869,
    3.596824761750963,
    3.555074959564209,
    3.5182636051601834,
    3.4847678844451906,
    3.460966157192654,
    3.430955392159356,
    3.4136241203308106,
    3.389287021552192,
    3.3669359218173556,
    3.344420800442166,
    3.3343593971252443,
    3.3105122575971815,
    3.292904581281874,
    3.280155078930325,
    3.2664641657511395,
    3.2482771700541178,
    3.2337271002027723,
    3.223753737725152,
    3.214219948408339,
    3.1941951033274334,
    3.183731654993693,
    3.176372523668077,
    3.163828072441949,
    3.152705474005805,
    3.135031387286716,
    3.1319754755232068,
    3.123515912712945,
    3.1141187287224663,
    3.1000296936459013,
    3.0941631975809734,
    3.085371814219157,
    3.070252399190267,
    3.06010897992452,
    3.0574549471537273,
    3.0472560172610814,
    3.0381983955807157,
    3.0292425788031685,
    3.026763171386719,
    3.017565611775716,
    3.006751923497518,
    3.0040261099921333,
    2.986092749955919,
    2.985046743774414,
    2.987437806362576,
    2.9792683282640247,
    2.9701536477830675,
    2.963320321146647,
    2.9578022043016223,
    2.9536530481974284,
    2.9473082976447214,
    2.9359772621154785,
    2.9367857226901584,
    2.92315835079617,
    2.925032434548272,
    2.9207510608673095,
    2.9018332493252226,
    2.905366219880846,
    2.905815377383762,
    2.902821389219496,
    2.8964800208621555,
    2.8919047660827637,
    2.889041789796617,
    2.883156549199422,
    2.8739012041303846,
    2.8779968174404567,
    2.8720353391011555,
    2.866482911427816,
    2.864271957821316,
    2.860103559366862,
    2.8624356385125056,
    2.8480635615030923,
    2.8563661088307697,
    2.8587345121595593,
    2.848652431318495,
    2.8488463188171385,
    2.85077411787245,
    2.843439637968275,
    2.8395724175347223,
    2.8447864582061766,
    2.838163364537557,
    2.8347790412478977,
    2.8330991341484917,
    2.8340970790439184,
    2.8313762161254883,
    2.8244425913492837,
    2.830600092739529,
    2.835293605295817,
    2.8349770698547365,
    2.8336147892422145,
    2.8269414798312718
  ],
  "train_acc": [
    0.014044444444444444,
    0.0334,
    0.0668,
    0.08664444444444444,
    0.1034,
    0.11755555555555555,
    0.13204444444444444,
    0.1468,
    0.15833333333333333,
    0.16784444444444444,
    0.1784,
    0.18408888888888889,
    0.19635555555555556,
    0.20386666666666667,
    0.20913333333333334,
    0.21995555555555554,
    0.22362222222222222,
    0.22942222222222222,
    0.23377777777777778,
    0.23946666666666666,
    0.24115555555555557,
    0.24895555555555557,
    0.2551777777777778,
    0.2584,
    0.2608888888888889,
    0.2652888888888889,
    0.2681777777777778,
    0.2744,
    0.2743333333333333,
    0.2801111111111111,
    0.28346666666666664,
    0.28546666666666665,
    0.2895333333333333,
    0.2924222222222222,
    0.2996666666666667,
    0.2985111111111111,
    0.3002666666666667,
    0.30335555555555554,
    0.309,
    0.31262222222222225,
    0.3128222222222222,
    0.3174888888888889,
    0.321,
    0.3220222222222222,
    0.3228666666666667,
    0.3240222222222222,
    0.32844444444444443,
    0.32986666666666664,
    0.33644444444444443,
    0.3394666666666667,
    0.33697777777777776,
    0.3401777777777778,
    0.33953333333333335,
    0.34297777777777777,
    0.3449111111111111,
    0.3466,
    0.35086666666666666,
    0.35042222222222225,
    0.3509555555555556,
    0.35142222222222225,
    0.35704444444444444,
    0.3571111111111111,
    0.3603777777777778,
    0.3607111111111111,
    0.3628,
    0.36715555555555557,
    0.36664444444444444,
    0.36377777777777776,
    0.36602222222222225,
    0.36964444444444444,
    0.37064444444444444,
    0.37006666666666665,
    0.3700222222222222,
    0.37364444444444445,
    0.3728222222222222,
    0.37726666666666664,
    0.3771555555555556,
    0.3778666666666667,
    0.37726666666666664,
    0.37644444444444447,
    0.3821777777777778,
    0.37804444444444446,
    0.38122222222222224,
    0.3809777777777778,
    0.3828,
    0.38182222222222223,
    0.3837111111111111,
    0.3842,
    0.3824444444444444,
    0.3837777777777778,
    0.3883333333333333,
    0.3866,
    0.3864444444444444,
    0.38713333333333333,
    0.3890222222222222,
    0.38755555555555554,
    0.3851111111111111,
    0.3882,
    0.38566666666666666,
    0.38804444444444447
  ],
  "val_loss": [
    4.567731455993652,
    4.2084896484375,
    3.952160111236572,
    3.849181259536743,
    3.754499829483032,
    3.6800869609832763,
    3.5986559982299804,
    3.518920704650879,
    3.425542057800293,
    3.361909258651733,
    3.3276515693664552,
    3.2701736709594726,
    3.213550036621094,
    3.189293325805664,
    3.1382029235839846,
    3.1300593559265137,
    3.0920010864257814,
    3.0613306175231934,
    3.0524197387695313,
    3.019853588104248,
    3.0153240581512453,
    2.984332050704956,
    3.0018064613342283,
    2.9791756336212156,
    2.938069889831543,
    2.9562921241760254,
    2.9481443572998045,
    2.8888986305236815,
    2.922533275985718,
    2.8799098541259767,
    2.898200984954834,
    2.8783898750305177,
    2.8841003623962402,
    2.8779093780517577,
    2.8348997440338133,
    2.8024460624694822,
    2.794296212768555,
    2.7808745708465574,
    2.7831214603424073,
    2.7695422569274903,
    2.756406172943115,
    2.7515242137908937,
    2.749334662628174,
    2.7446949684143065,
    2.7311369400024414,
    2.732458945465088,
    2.71440485496521,
    2.7143842906951905,
    2.740087982559204,
    2.6901581447601317,
    2.700285243988037,
    2.649545602416992,
    2.662502663040161,
    2.6525121173858643,
    2.663016104888916,
    2.6742940891265867,
    2.6856572265625,
    2.63956459274292,
    2.64048761138916,
    2.6378782676696777,
    2.6094577392578127,
    2.6282926971435545,
    2.613784717941284,
    2.624149160003662,
    2.6268222221374513,
    2.5965864723205567,
    2.6513051052093504,
    2.6107408779144285,
    2.6135281150817873,
    2.5874214603424073,
    2.5871758834838867,
    2.5874546905517577,
    2.584878912734985,
    2.58297211227417,
    2.59993567237854,
    2.583337548828125,
    2.5805373779296876,
    2.579709051513672,
    2.580431799697876,
    2.5772007499694825,
    2.5749414546966554,
    2.5757963039398195,
    2.565715224456787,
    2.567253889465332,
    2.5689514331817627,
    2.5661000675201415,
    2.565493714904785,
    2.5721781337738037,
    2.5571675579071047,
    2.561848220062256,
    2.5485810371398925,
    2.5540076248168946,
    2.556260887145996,
    2.5532923973083497,
    2.55902123336792,
    2.5614337997436523,
    2.560378819656372,
    2.5580568283081053,
    2.5517627124786375,
    2.5563433586120605
  ],