{
  "train_loss": [
    4.59134626964993,
    4.3868883917066785,
    4.192286280314128,
    4.0641104165818955,
    3.973769914118449,
    3.8893811059739853,
    3.8112180891248917,
    3.7445721862792967,
    3.6904106264326306,
    3.647997173055013,
    3.5986108093261717,
    3.5677001296573216,
    3.53399584757487,
    3.5041838150872127,
    3.4764967228359644,
    3.4498071520911324,
    3.4273427443186444,
    3.399973125076294,
    3.371609635331896,
    3.359133219994439,
    3.3426060871548122,
    3.321992830064562,
    3.305470317501492,
    3.285410899480184,
    3.266370623482598,
    3.2510827857547335,
    3.234897206624349,
    3.2209896108839247,
    3.2126420955234103,
    3.1923007381015354,
    3.1839385933770075,
    3.1712420039282905,
    3.1712606164296466,
    3.152122483401828,
    3.1423995982276067,
    3.1309128319210475,
    3.1221178380754258,
    3.11047289390564,
    3.1054192963494196,
    3.098167950269911,
    3.0859968247731526,
    3.07434884185791,
    3.0696269371032714,
    3.054343110868666,
    3.051858822547065,
    3.0429459815979003,
    3.0300259309980606,
    3.023880265299479,
    3.0184653512742785,
    3.0054717783610028,
    3.00541461092631,
    2.9922810908847386,
    2.9787607676612007,
    2.9774304375542533,
    2.974267836634318,
    2.972936284637451,
    2.9625420132107205,
    2.958213315116035,
    2.9397663736979167,
    2.9439106961568196,
    2.938642510392931,
    2.928586309475369,
    2.9292761015997995,
    2.9210870644463434,
    2.9142095205518936,
    2.9116470742967393,
    2.9013800085703534,
    2.897265306769477,
    2.8963120943705243,
    2.888707314682007,
    2.8896752579583063,
    2.876987776904636,
    2.879783512073093,
    2.8710083820766874,
    2.8726471439785426,
    2.8630849038018122,
    2.8641863842434354,
    2.8648660107082793,
    2.860991547648112,
    2.848611493259006,
    2.8498415412478977,
    2.8492882935418025,
    2.8525692559983997,
    2.844999814775255,
    2.8433602734035914,
    2.839231846194797,
    2.8393738941616484,
    2.8421140781826444,
    2.838357174513075,
    2.8379457711113822,
    2.8269460745917425,
    2.834356641599867,
    2.8289352759467232,
    2.8294077627393937,
    2.8344175737169053,
    2.8255906377156577,
    2.82763258772956,
    2.8328436143663196,
    2.825339594184028,
    2.8328972020043266
  ],
  "train_acc": [
    0.015511111111111111,
    0.03726666666666666,
    0.0604,
    0.07895555555555556,
    0.09846666666666666,
    0.11284444444444444,
    0.13055555555555556,
    0.14622222222222223,
    0.16086666666666666,
    0.16995555555555555,
    0.17835555555555554,
    0.18555555555555556,
    0.19335555555555556,
    0.20055555555555554,
    0.2087111111111111,
    0.2156,
    0.2172888888888889,
    0.2256,
    0.2344,
    0.2388,
    0.2409777777777778,
    0.2474888888888889,
    0.2509111111111111,
    0.25462222222222225,
    0.25935555555555556,
    0.2644222222222222,
    0.2704,
    0.27468888888888887,
    0.2783111111111111,
    0.28302222222222223,
    0.2839111111111111,
    0.2873777777777778,
    0.28957777777777777,
    0.29406666666666664,
    0.2955777777777778,
    0.30195555555555553,
    0.30006666666666665,
    0.30533333333333335,
    0.30675555555555556,
    0.31253333333333333,
    0.31093333333333334,
    0.3148222222222222,
    0.3172888888888889,
    0.32206666666666667,
    0.3237777777777778,
    0.32324444444444445,
    0.32815555555555553,
    0.32886666666666664,
    0.3307111111111111,
    0.3367777777777778,
    0.3353555555555556,
    0.33886666666666665,
    0.33986666666666665,
    0.34315555555555555,
    0.34395555555555557,
    0.3459777777777778,
    0.347,
    0.3463777777777778,
    0.3553777777777778,
    0.35375555555555555,
    0.3556,
    0.356,
    0.3576,
    0.3617111111111111,
    0.3622222222222222,
    0.3644222222222222,
    0.3630888888888889,
    0.3665333333333333,
    0.3644222222222222,
    0.3678444444444444,
    0.3677111111111111,
    0.3722,
    0.36744444444444446,
    0.37362222222222224,
    0.3735777777777778,
    0.3752,
    0.37577777777777777,
    0.3748,
    0.3772888888888889,
    0.37853333333333333,
    0.3807333333333333,
    0.38195555555555555,
    0.38084444444444443,
    0.3825777777777778,
    0.38224444444444444,
    0.3836888888888889,
    0.38204444444444446,
    0.38206666666666667,
    0.38304444444444447,
    0.3831555555555556,
    0.3886,
    0.3834444444444444,
    0.3848,
    0.38604444444444447,
    0.3876222222222222,
    0.3851111111111111,
    0.3865777777777778,
    0.38804444444444447,
    0.3856888888888889,
    0.38655555555555554
  ],
  "val_loss": [
    4.5348864334106445,
    4.196141766357422,
    4.027066296005249,
    3.8874892555236817,
    3.804792063522339,
    3.6747536849975586,
    3.5586915267944335,
    3.4972017921447756,
    3.422498577880859,
    3.3606037651062013,
    3.329395806503296,
    3.2690881134033205,
    3.256919568634033,
    3.200912714767456,
    3.192059341049194,
    3.1412381645202636,
    3.1178792617797852,
    3.095085729217529,
    3.0585774532318117,
    3.0302935203552246,
    3.032433906555176,
    3.016009701538086,
    2.975774893951416,
    2.9882118392944337,
    2.9792053787231447,
    2.940810368347168,
    2.988583457183838,
    2.87884409866333,
    2.907893442153931,
    2.937948556137085,
    2.867055061340332,
    2.8312824489593504,
    2.848253691864014,
    2.83499680557251,
    2.8403522232055662,
    2.862934140777588,
    2.8194185935974123,
    2.8023072822570803,
    2.7628632789611816,
    2.7867629314422606,
    2.7461089115142823,
    2.773025397872925,
    2.7462720546722412,
    2.7623094299316406,
    2.758492567062378,
    2.760207922363281,
    2.73893504447937,
    2.7076091999053955,
    2.732856364440918,
    2.7158542163848876,
    2.714109524536133,
    2.70892811088562,
    2.7008659790039062,
    2.6746764484405516,
    2.7059295364379885,
    2.666336326980591,
    2.684809196853638,
    2.6964608589172365,
    2.6471212646484377,
    2.6438178577423095,
    2.662457765197754,
    2.6431318382263185,
    2.6447608348846434,
    2.638248725128174,
    2.623312664413452,
    2.627533012008667,
    2.6219751251220704,
    2.6339350845336913,
    2.6186110946655274,
    2.6331587158203127,
    2.5998064765930176,
    2.6096265731811523,
    2.6122338451385496,
    2.612986177444458,
    2.6088690254211424,
    2.6075976013183593,
    2.6142772846221924,
    2.613905648422241,
    2.5919106758117674,
    2.584407604980469,
    2.5976373764038088,
    2.600570779418945,
    2.587880204772949,
    2.5817575256347656,
    2.584424736404419,
    2.584853773880005,
    2.5825391487121583,
    2.5803497352600098,
    2.5845126152038573,
    2.5747470249176025,
    2.578308634185791,
    2.593433221435547,
    2.575717558670044,
    2.5780236644744874,
    2.5803587745666503,
    2.579623935699463,
    2.5716765686035155,
    2.575945506286621,
    2.577754644393921,
    2.5739101570129392
  ],