{
  "train_loss": [
    4.5984090040418835,
    4.402260361565484,
    4.153263670518664,
    4.021118335808648,
    3.9356656277126736,
    3.8535556736840144,
    3.7864515363057456,
    3.7210840320163303,
    3.658173731274075,
    3.612640234671699,
    3.5763125609079998,
    3.5352641166263155,
    3.5095390112559,
    3.4820907178666856,
    3.4458626467386884,
    3.423353334681193,
    3.399069312752618,
    3.3774413230895997,
    3.35118214908176,
    3.335338469653659,
    3.318514604441325,
    3.300850611453586,
    3.2843354201422796,
    3.266926863691542,
    3.257890233315362,
    3.2394164143456354,
    3.224377462471856,
    3.2138817186567517,
    3.2007070743984647,
    3.186983577940199,
    3.1696856483459475,
    3.161833000818888,
    3.148200348324246,
    3.1477149095747206,
    3.1267430762396917,
    3.1219643527560765,
    3.11578674536811,
    3.0951049685584175,
    3.0895482363382976,
    3.082400975884332,
    3.0782238101535375,
    3.06578930706448,
    3.0570382598876953,
    3.0548236639234756,
    3.0406791052924262,
    3.0304980820126004,
    3.026028941599528,
    3.0190979682074652,
    3.007867473941379,
    3.003707069905599,
    2.9954133171929254,
    2.9849966061909994,
    2.975429682964749,
    2.9699482246398925,
    2.9687696165296766,
    2.967840596177843,
    2.9580030468410916,
    2.9481823275672063,
    2.9412385508219403,
    2.9397183707767063,
    2.9339734770880805,
    2.9330096572875974,
    2.924478451707628,
    2.9184272957695856,
    2.912958633761936,
    2.9039903297000462,
    2.8999254998524986,
    2.898933831448025,
    2.8874373123168944,
    2.8870630535125734,
    2.8825685186598036,
    2.8745034459431964,
    2.8724124590555826,
    2.873750701353285,
    2.869312199910482,
    2.8592364802890353,
    2.862778456793891,
    2.8569479124281143,
    2.854478601243761,
    2.852825474294027,
    2.850842808193631,
    2.851712504280938,
    2.843145897250705,
    2.8382077665117054,
    2.8353680595821804,
    2.8359348490397136,
    2.82846586066352,
    2.833630308066474,
    2.832371076329549,
    2.831243900383843,
    2.824262488640679,
    2.833999034415351,
    2.8310995024787053,
    2.8194676252153186,
    2.8302437210930718,
    2.822540619023641,
    2.8261631426493325,
    2.825811459265815,
    2.822341458002726,
    2.8216293352339004
  ],
  "train_acc": [
    0.015333333333333332,
    0.038288888888888886,
    0.06666666666666667,
    0.08373333333333334,
    0.10222222222222223,
    0.12193333333333334,
    0.1380222222222222,
    0.15046666666666667,
    0.16342222222222222,
    0.1739111111111111,
    0.18322222222222223,
    0.18986666666666666,
    0.19942222222222222,
    0.20462222222222223,
    0.21104444444444445,
    0.2179111111111111,
    0.22506666666666666,
    0.22822222222222222,
    0.2401111111111111,
    0.24066666666666667,
    0.24715555555555555,
    0.25277777777777777,
    0.2548888888888889,
    0.2625777777777778,
    0.2614222222222222,
    0.2676,
    0.2730444444444444,
    0.2765111111111111,
    0.2763555555555556,
    0.28328888888888887,
    0.2882888888888889,
    0.2891111111111111,
    0.2932,
    0.2975555555555556,
    0.29895555555555553,
    0.3002,
    0.3058888888888889,
    0.30833333333333335,
    0.3114,
    0.30946666666666667,
    0.3131555555555556,
    0.31806666666666666,
    0.3205777777777778,
    0.3227777777777778,
    0.3246222222222222,
    0.3266,
    0.3310888888888889,
    0.3299111111111111,
    0.33615555555555554,
    0.33684444444444445,
    0.3359333333333333,
    0.33984444444444445,
    0.3443777777777778,
    0.34573333333333334,
    0.3484,
    0.34513333333333335,
    0.3489111111111111,
    0.3514,
    0.3526,
    0.3555333333333333,
    0.3566888888888889,
    0.3539777777777778,
    0.3592,
    0.3605333333333333,
    0.3632444444444444,
    0.3632666666666667,
    0.36591111111111113,
    0.3655555555555556,
    0.36848888888888887,
    0.37233333333333335,
    0.3708,
    0.37106666666666666,
    0.37422222222222223,
    0.3742666666666667,
    0.3756,
    0.37762222222222225,
    0.3764888888888889,
    0.37864444444444445,
    0.3794888888888889,
    0.3789111111111111,
    0.38055555555555554,
    0.3793111111111111,
    0.3814,
    0.3821111111111111,
    0.3854666666666667,
    0.38506666666666667,
    0.3865777777777778,
    0.3840222222222222,
    0.3836888888888889,
    0.3874444444444444,
    0.3882,
    0.3836888888888889,
    0.3856222222222222,
    0.3885777777777778,
    0.3863111111111111,
    0.3888,
    0.38915555555555553,
    0.3848888888888889,
    0.38713333333333333,
    0.38651111111111114
  ],
  "val_loss": [
    4.564697045898438,
    4.166709856414795,
    3.9455012245178223,
    3.8123991569519045,
    3.7342842514038086,
    3.627082177734375,
    3.5542050872802733,
    3.4648451972961425,
    3.397804738998413,
    3.341179472351074,
    3.2823392963409423,
    3.255612215042114,
    3.2051459144592287,
    3.166295988845825,
    3.1469418769836426,
    3.122284055328369,
    3.1021848941802976,
    3.077648281097412,
    3.072759419631958,
    3.050200782775879,
    3.0619789047241213,
    2.9823798740386964,
    2.9755252994537353,
    2.9686510986328125,
    2.9752174087524415,
    2.958569641876221,
    2.946541575241089,
    2.9371522872924807,
    2.902098991394043,
    2.8851533569335936,
    2.8892091678619383,
    2.830284574127197,
    2.914758901977539,
    2.8565242168426512,
    2.8164851623535156,
    2.799182580566406,
    2.8467122200012205,
    2.8263136856079103,
    2.833009281539917,
    2.800944013595581,
    2.789496591949463,
    2.765896565246582,
    2.791478229522705,
    2.7818479946136474,
    2.7956341373443605,
    2.774299072265625,
    2.7131147010803223,
    2.7161834075927733,
    2.73789185256958,
    2.7934879371643064,
    2.6882727447509764,
    2.7208161415100096,
    2.6956069557189943,
    2.687644910430908,
    2.678199810409546,
    2.6920367195129393,
    2.644019966125488,
    2.659445161437988,
    2.6634935173034666,
    2.6719421939849854,
    2.6419098480224608,
    2.662102359390259,
    2.6549859313964843,
    2.652939960479736,
    2.6475751514434815,
    2.6517070930480955,
    2.6325417205810546,
    2.62239600982666,
    2.6310398178100587,
    2.606963288116455,
    2.6465355247497557,
    2.6045683174133303,
    2.6044374725341797,
    2.6145624809265136,
    2.611958074569702,
    2.60172027053833,
    2.5974585479736327,
    2.61019631652832,
    2.5928146995544434,
    2.5957563426971437,
    2.5941031867980957,
    2.593423966217041,
    2.5962864627838136,
    2.5946165878295897,
    2.587691137313843,
    2.594786968231201,
    2.5934765838623046,
    2.5816938236236573,
    2.594700272369385,
    2.5803989475250244,
    2.5878967254638674,
    2.5853343601226806,
    2.5774388996124267,
    2.5845119846343994,
    2.579898105239868,
    2.582773643493652,
    2.5803227714538575,
    2.587619590759277,
    2.5771139167785644,
    2.576523079299927
  ],