{
  "train_loss": [
    4.58671003282335,
    4.368869642384847,
    4.172067366451687,
    4.045975913662381,
    3.9440011760287814,
    3.8641174961513944,
    3.77690524720086,
    3.712845723936293,
    3.656897867457072,
    3.610541675567627,
    3.569289033847385,
    3.5320703433566623,
    3.4994335210164387,
    3.4744180120680066,
    3.446282286834717,
    3.4241169414520263,
    3.4050639152526854,
    3.3796260487450493,
    3.3570810367160373,
    3.337282701280382,
    3.310123250664605,
    3.298324018775092,
    3.2793420499165853,
    3.2635098862542047,
    3.2513250631544324,
    3.2222754420810276,
    3.2117539143456355,
    3.203184518390232,
    3.1918382294125025,
    3.171304403177897,
    3.166808012983534,
    3.151108626386854,
    3.140271918657091,
    3.1308895116170246,
    3.1127551804436577,
    3.1025662490420873,
    3.0982997528500027,
    3.0874530131022135,
    3.076991154691908,
    3.0660047521379257,
    3.0567114354451497,
    3.0489362838745118,
    3.0405888662550185,
    3.0324256977929007,
    3.0241087703704834,
    3.013301091893514,
    3.005495552614,
    3.0008287758721246,
    2.9894583625793456,
    2.9841146582709417,
    2.973353172344632,
    2.969138195376926,
    2.9649690138922797,
    2.9655644070943197,
    2.9481823217603895,
    2.94770549053616,
    2.9387473071628145,
    2.932522978888618,
    2.9273495891571044,
    2.9210962428622778,
    2.920278140258789,
    2.9079450067308215,
    2.9087678667704266,
    2.8916739459991456,
    2.890019445292155,
    2.8859990480211044,
    2.8807780606163873,
    2.8747482088724774,
    2.8699358030955,
    2.868522304958767,
    2.858570997153388,
    2.8579238500383166,
    2.855049382019043,
    2.8521039448632135,
    2.8446456106821696,
    2.8389274492899577,
    2.841627254570855,
    2.842199505021837,
    2.8380806740230984,
    2.8404309255388047,
    2.829393438381619,
    2.8290750734965004,
    2.8240490460713703,
    2.8216593257904052,
    2.813741433207194,
    2.8166494590335422,
    2.8151804221259225,
    2.813445227644179,
    2.8119442172580293,
    2.803704221513536,
    2.8093947889963786,
    2.798412628173828,
    2.813130798424615,
    2.804407124286228,
    2.8076460979037816,
    2.8032120585971407,
    2.8045152673509386,
    2.8016824468400743,
    2.8061971590677897,
    2.8000538984510634
  ],
  "train_acc": [
    0.016355555555555557,
    0.04006666666666667,
    0.061511111111111114,
    0.08291111111111112,
    0.10184444444444445,
    0.11753333333333334,
    0.13962222222222223,
    0.15042222222222223,
    0.16582222222222223,
    0.17522222222222222,
    0.1832888888888889,
    0.19346666666666668,
    0.20122222222222222,
    0.20557777777777778,
    0.2132888888888889,
    0.21746666666666667,
    0.22591111111111112,
    0.22813333333333333,
    0.23437777777777777,
    0.24024444444444445,
    0.24782222222222222,
    0.24657777777777778,
    0.2553111111111111,
    0.2602888888888889,
    0.2640222222222222,
    0.2716,
    0.27644444444444444,
    0.27824444444444446,
    0.2819333333333333,
    0.28302222222222223,
    0.2906666666666667,
    0.2935111111111111,
    0.2942666666666667,
    0.298,
    0.30595555555555554,
    0.3062,
    0.31048888888888887,
    0.3124222222222222,
    0.31133333333333335,
    0.3199777777777778,
    0.3196888888888889,
    0.3217777777777778,
    0.32666666666666666,
    0.3264666666666667,
    0.32982222222222224,
    0.3310666666666667,
    0.3337111111111111,
    0.3359333333333333,
    0.3399333333333333,
    0.34224444444444446,
    0.34455555555555556,
    0.3459777777777778,
    0.3476444444444444,
    0.3476,
    0.3519111111111111,
    0.3505333333333333,
    0.3539111111111111,
    0.3572,
    0.35877777777777775,
    0.35873333333333335,
    0.3575111111111111,
    0.3633111111111111,
    0.3652666666666667,
    0.3674222222222222,
    0.36866666666666664,
    0.3708666666666667,
    0.3720888888888889,
    0.3705333333333333,
    0.37537777777777775,
    0.3741777777777778,
    0.3768666666666667,
    0.3771333333333333,
    0.3765777777777778,
    0.3794,
    0.38235555555555556,
    0.3847333333333333,
    0.38451111111111114,
    0.3848888888888889,
    0.38355555555555554,
    0.38351111111111114,
    0.3875777777777778,
    0.3894888888888889,
    0.38822222222222225,
    0.3883111111111111,
    0.3904444444444444,
    0.38935555555555557,
    0.39264444444444446,
    0.3907555555555556,
    0.3912888888888889,
    0.3934888888888889,
    0.38935555555555557,
    0.3944666666666667,
    0.39237777777777777,
    0.39266666666666666,
    0.3933333333333333,
    0.3921777777777778,
    0.3950444444444444,
    0.3950222222222222,
    0.39353333333333335,
    0.39437777777777777
  ],
  "val_loss": [
    4.505112409973145,
    4.176579511260987,
    4.0058806510925296,
    3.8786751556396486,
    3.7369744777679443,
    3.6395054878234863,
    3.528681014251709,
    3.448615242767334,
    3.402428434371948,
    3.3221886501312254,
    3.283956944274902,
    3.246508246612549,
    3.23406215133667,
    3.1983709465026857,
    3.1386347938537598,
    3.1271542514801025,
    3.1006700229644775,
    3.0766400066375734,
    3.029281328201294,
    3.049528219985962,
    2.997726244354248,
    2.96326018447876,
    2.9752736961364747,
    2.95156280670166,
    2.9107391273498533,
    2.892694215774536,
    2.891859354400635,
    2.88010584526062,
    2.877437301635742,
    2.8339223205566406,
    2.89625355758667,
    2.828198872756958,
    2.818389430618286,
    2.7930210296630857,
    2.7805374542236327,
    2.7794111289978027,
    2.828171160888672,
    2.7428539318084715,
    2.7511890308380127,
    2.769736694717407,
    2.7500213844299317,
    2.734929909515381,
    2.7081612434387208,
    2.7096637020111083,
    2.7408126625061033,
    2.693212731170654,
    2.711415113067627,
    2.718593199157715,
    2.707587351989746,
    2.6441307624816894,
    2.6562517292022707,
    2.6639841888427735,
    2.6525446712493896,
    2.68639939994812,
    2.68869977645874,
    2.6306048595428466,
    2.6440807106018065,
    2.6368350440979005,
    2.6345781513214113,
    2.631608034133911,
    2.6319285217285158,
    2.594240089035034,
    2.6217538013458253,
    2.6323059753417968,
    2.6098154960632325,
    2.616839433670044,
    2.6077154029846192,
    2.596071326446533,
    2.5863601669311524,
    2.597037535858154,
    2.571945833206177,
    2.5880661506652833,
    2.5746609855651856,
    2.575358087158203,
    2.560183798980713,
    2.55214141998291,
    2.5702507553100586,
    2.55741953125,
    2.5542121280670167,
    2.565727071762085,
    2.5466745609283445,
    2.552095955657959,
    2.544344185256958,
    2.5537278202056886,
    2.5545145195007324,
    2.5514560600280762,
    2.5423673553466797,
    2.5538360790252685,
    2.548529187011719,
    2.5428421951293947,
    2.541102406692505,
    2.539639677429199,
    2.541515283203125,
    2.543131883239746,
    2.5375106315612794,
    2.54395479927063,
    2.542920725250244,
    2.541426490020752,
    2.532287489318848,
    2.540111423110962
  ],