{
  "weighted_f1": 0.9901960965958532,
  "macro_f1": 0.989986636604101,
  "weighted_accuracy": 0.9902,
  "weighted_precision": 0.9902036767805885,
  "weighted_recall": 0.9902,
  "per_class_auc": [
    0.9992168197656003,
    0.9999938380653514,
    0.9998002155813261,
    0.9999029724996971,
    0.9999646554368069,
    0.9985380959133153,
    0.9995279509817097,
    0.9999462226624639,
    0.9999513156380087,
    0.9998303556281752
  ],
  "mean_auc": 0.9996672442172455,
  "confusion_matrix": [
    [
      976,
      0,
      1,
      0,
      0,
      1,
      1,
      0,
      0,
      1
    ],
    [
      0,
      1133,
      2,
      0,
      0,
      0,
      0,
      0,
      0,
      0
    ],
    [
      1,
      0,
      1017,
      2,
      0,
      6,
      5,
      1,
      0,
      0
    ],
    [
      0,
      0,
      3,
      1002,
      0,
      3,
      0,
      0,
      1,
      1
    ],
    [
      0,
      0,
      0,
      0,
      977,
      0,
      2,
      1,
      0,
      2
    ],
    [
      2,
      0,
      8,
      8,
      0,
      869,
      2,
      3,
      0,
      0
    ],
    [
      7,
      1,
      2,
      0,
      0,
      3,
      944,
      0,
      1,
      0
    ],
    [
      0,
      2,
      3,
      0,
      1,
      0,
      0,
      1021,
      0,
      1
    ],
    [
      1,
      0,
      1,
      2,
      0,
      2,
      0,
      0,
      967,
      1
    ],
    [
      1,
      0,
      0,
      0,
      5,
      1,
      0,
      3,
      3,
      996
    ]
  ],
  "report": "              precision    recall  f1-score   support\n\n           0       0.99      1.00      0.99       980\n           1       1.00      1.00      1.00      1135\n           2       0.98      0.99      0.98      1032\n           3       0.99      0.99      0.99      1010\n           4       0.99      0.99      0.99       982\n           5       0.98      0.97      0.98       892\n           6       0.99      0.99      0.99       958\n           7       0.99      0.99      0.99      1028\n           8       0.99      0.99      0.99       974\n           9       0.99      0.99      0.99      1009\n\n    accuracy                           0.99     10000\n   macro avg       0.99      0.99      0.99     10000\nweighted avg       0.99      0.99      0.99     10000\n",
  "seed": 0
}