{
  "weighted_f1": 0.9902994592656161,
  "macro_f1": 0.9901143964519491,
  "weighted_accuracy": 0.9903,
  "weighted_precision": 0.9903073811822657,
  "weighted_recall": 0.9903,
  "per_class_auc": [
    0.9999794108330694,
    0.9999086642267392,
    0.9996428948059941,
    0.9997463628454057,
    0.9999861106029625,
    0.9995616872566571,
    0.9996891102943859,
    0.9998460406868926,
    0.9999771365496255,
    0.9998629837854593
  ],
  "mean_auc": 0.9998200401887191,
  "confusion_matrix": [
    [
      976,
      0,
      1,
      0,
      0,
      0,
      1,
      0,
      0,
      2
    ],
    [
      0,
      1133,
      1,
      0,
      0,
      0,
      1,
      0,
      0,
      0
    ],
    [
      0,
      0,
      1015,
      0,
      0,
      4,
      10,
      2,
      1,
      0
    ],
    [
      0,
      0,
      2,
      1002,
      0,
      5,
      0,
      0,
      1,
      0
    ],
    [
      0,
      1,
      0,
      0,
      978,
      0,
      0,
      0,
      0,
      3
    ],
    [
      1,
      0,
      8,
      4,
      0,
      873,
      1,
      5,
      0,
      0
    ],
    [
      6,
      1,
      4,
      0,
      1,
      3,
      942,
      0,
      1,
      0
    ],
    [
      0,
      2,
      3,
      0,
      1,
      2,
      0,
      1020,
      0,
      0
    ],
    [
      1,
      0,
      2,
      0,
      0,
      2,
      0,
      0,
      969,
      0
    ],
    [
      0,
      0,
      0,
      0,
      4,
      2,
      0,
      6,
      2,
      995
    ]
  ],
  "report": "              precision    recall  f1-score   support\n\n           0       0.99      1.00      0.99       980\n           1       1.00      1.00      1.00      1135\n           2       0.98      0.98      0.98      1032\n           3       1.00      0.99      0.99      1010\n           4       0.99      1.00      0.99       982\n           5       0.98      0.98      0.98       892\n           6       0.99      0.98      0.98       958\n           7       0.99      0.99      0.99      1028\n           8       0.99      0.99      0.99       974\n           9       0.99      0.99      0.99      1009\n\n    accuracy                           0.99     10000\n   macro avg       0.99      0.99      0.99     10000\nweighted avg       0.99      0.99      0.99     10000\n",
  "seed": 9
}