{
  "weighted_f1": 0.9904943042982304,
  "macro_f1": 0.9903301085225727,
  "weighted_accuracy": 0.9905,
  "weighted_precision": 0.9904965849873836,
  "weighted_recall": 0.9905,
  "per_class_auc": [
    0.9999523734105615,
    0.999994633153693,
    0.9997813068342911,
    0.9997061641648035,
    0.9999888207292137,
    0.9993626556065628,
    0.9993499368985098,
    0.9999167318644603,
    0.9999731553517992,
    0.99997784371752
  ],
  "mean_auc": 0.9998003621731415,
  "confusion_matrix": [
    [
      976,
      0,
      0,
      0,
      1,
      0,
      1,
      1,
      0,
      1
    ],
    [
      0,
      1132,
      2,
      0,
      0,
      0,
      0,
      1,
      0,
      0
    ],
    [
      1,
      2,
      1013,
      0,
      0,
      5,
      8,
      2,
      1,
      0
    ],
    [
      0,
      0,
      1,
      1001,
      0,
      5,
      0,
      1,
      1,
      1
    ],
    [
      0,
      1,
      0,
      0,
      979,
      0,
      0,
      0,
      0,
      2
    ],
    [
      1,
      0,
      10,
      5,
      0,
      871,
      1,
      4,
      0,
      0
    ],
    [
      6,
      1,
      3,
      0,
      2,
      2,
      943,
      0,
      1,
      0
    ],
    [
      0,
      2,
      1,
      0,
      1,
      2,
      0,
      1021,
      0,
      1
    ],
    [
      0,
      1,
      0,
      1,
      0,
      2,
      0,
      0,
      969,
      1
    ],
    [
      0,
      0,
      0,
      0,
      5,
      1,
      0,
      3,
      0,
      1000
    ]
  ],
  "report": "              precision    recall  f1-score   support\n\n           0       0.99      1.00      0.99       980\n           1       0.99      1.00      1.00      1135\n           2       0.98      0.98      0.98      1032\n           3       0.99      0.99      0.99      1010\n           4       0.99      1.00      0.99       982\n           5       0.98      0.98      0.98       892\n           6       0.99      0.98      0.99       958\n           7       0.99      0.99      0.99      1028\n           8       1.00      0.99      1.00       974\n           9       0.99      0.99      0.99      1009\n\n    accuracy                           0.99     10000\n   macro avg       0.99      0.99      0.99     10000\nweighted avg       0.99      0.99      0.99     10000\n",
  "seed": 8
}