{
  "weighted_f1": 0.9901985987636446,
  "macro_f1": 0.9899581895819146,
  "weighted_accuracy": 0.9902,
  "weighted_precision": 0.9902053642689054,
  "weighted_recall": 0.9902,
  "per_class_auc": [
    0.9999651567944251,
    0.9999819117402248,
    0.9997565633881709,
    0.9998871132941993,
    0.9998954342954732,
    0.9990395522784878,
    0.9997820424195323,
    0.9998162246227347,
    0.9999929475924219,
    0.9999167761528736
  ],
  "mean_auc": 0.9998033722578544,
  "confusion_matrix": [
    [
      975,
      0,
      1,
      0,
      0,
      1,
      2,
      0,
      0,
      1
    ],
    [
      0,
      1132,
      1,
      0,
      0,
      0,
      1,
      1,
      0,
      0
    ],
    [
      1,
      0,
      1013,
      0,
      0,
      8,
      8,
      2,
      0,
      0
    ],
    [
      0,
      0,
      1,
      1001,
      0,
      8,
      0,
      0,
      0,
      0
    ],
    [
      0,
      0,
      0,
      0,
      978,
      0,
      1,
      1,
      0,
      2
    ],
    [
      0,
      0,
      13,
      4,
      0,
      866,
      4,
      5,
      0,
      0
    ],
    [
      7,
      2,
      3,
      0,
      0,
      2,
      943,
      0,
      1,
      0
    ],
    [
      0,
      2,
      2,
      0,
      0,
      0,
      0,
      1024,
      0,
      0
    ],
    [
      0,
      1,
      2,
      0,
      0,
      1,
      0,
      0,
      970,
      0
    ],
    [
      1,
      0,
      0,
      0,
      5,
      1,
      0,
      1,
      1,
      1000
    ]
  ],
  "report": "              precision    recall  f1-score   support\n\n           0       0.99      0.99      0.99       980\n           1       1.00      1.00      1.00      1135\n           2       0.98      0.98      0.98      1032\n           3       1.00      0.99      0.99      1010\n           4       0.99      1.00      1.00       982\n           5       0.98      0.97      0.97       892\n           6       0.98      0.98      0.98       958\n           7       0.99      1.00      0.99      1028\n           8       1.00      1.00      1.00       974\n           9       1.00      0.99      0.99      1009\n\n    accuracy                           0.99     10000\n   macro avg       0.99      0.99      0.99     10000\nweighted avg       0.99      0.99      0.99     10000\n",
  "seed": 5
}