{
  "weighted_f1": 0.9897040858845021,
  "macro_f1": 0.9894870056959661,
  "weighted_accuracy": 0.9897,
  "weighted_precision": 0.9897155548939578,
  "weighted_recall": 0.9897,
  "per_class_auc": [
    0.9999899316711163,
    0.9999927448188813,
    0.9997206907937958,
    0.9998247778059229,
    0.9999682689384751,
    0.9991630085215579,
    0.9998710494611321,
    0.9999504511224718,
    0.9995123601405205,
    0.999967371842716
  ],
  "mean_auc": 0.9997960655116589,
  "confusion_matrix": [
    [
      976,
      0,
      1,
      1,
      0,
      1,
      1,
      0,
      0,
      0
    ],
    [
      0,
      1132,
      3,
      0,
      0,
      0,
      0,
      0,
      0,
      0
    ],
    [
      0,
      0,
      1014,
      0,
      0,
      9,
      6,
      2,
      1,
      0
    ],
    [
      0,
      0,
      2,
      1002,
      0,
      5,
      0,
      0,
      1,
      0
    ],
    [
      0,
      1,
      0,
      0,
      971,
      0,
      1,
      3,
      0,
      6
    ],
    [
      0,
      0,
      12,
      5,
      0,
      869,
      2,
      4,
      0,
      0
    ],
    [
      4,
      1,
      7,
      0,
      0,
      3,
      943,
      0,
      0,
      0
    ],
    [
      0,
      2,
      1,
      0,
      1,
      4,
      0,
      1019,
      0,
      1
    ],
    [
      1,
      0,
      0,
      1,
      0,
      1,
      0,
      0,
      969,
      2
    ],
    [
      0,
      0,
      0,
      0,
      3,
      0,
      0,
      2,
      2,
      1002
    ]
  ],
  "report": "              precision    recall  f1-score   support\n\n           0       0.99      1.00      1.00       980\n           1       1.00      1.00      1.00      1135\n           2       0.97      0.98      0.98      1032\n           3       0.99      0.99      0.99      1010\n           4       1.00      0.99      0.99       982\n           5       0.97      0.97      0.97       892\n           6       0.99      0.98      0.99       958\n           7       0.99      0.99      0.99      1028\n           8       1.00      0.99      1.00       974\n           9       0.99      0.99      0.99      1009\n\n    accuracy                           0.99     10000\n   macro avg       0.99      0.99      0.99     10000\nweighted avg       0.99      0.99      0.99     10000\n",
  "seed": 6
}