{
  "weighted_f1": 0.9924966489494922,
  "macro_f1": 0.992392289179017,
  "weighted_accuracy": 0.9925,
  "weighted_precision": 0.9924994304392121,
  "weighted_recall": 0.9925,
  "per_class_auc": [
    0.9999865378523916,
    0.9999943349955649,
    0.999803673180784,
    0.9999162986376502,
    0.9999701886112364,
    0.9994202603141967,
    0.9998980632714233,
    0.9999470900388758,
    0.999994426323043,
    0.9999122567121687
  ],
  "mean_auc": 0.9998843129937335,
  "confusion_matrix": [
    [
      976,
      0,
      1,
      0,
      0,
      0,
      3,
      0,
      0,
      0
    ],
    [
      0,
      1131,
      4,
      0,
      0,
      0,
      0,
      0,
      0,
      0
    ],
    [
      1,
      1,
      1021,
      0,
      0,
      2,
      5,
      2,
      0,
      0
    ],
    [
      0,
      0,
      1,
      1006,
      0,
      2,
      0,
      0,
      1,
      0
    ],
    [
      0,
      0,
      0,
      0,
      976,
      0,
      1,
      1,
      0,
      4
    ],
    [
      1,
      0,
      4,
      6,
      0,
      876,
      2,
      3,
      0,
      0
    ],
    [
      5,
      3,
      2,
      1,
      0,
      2,
      945,
      0,
      0,
      0
    ],
    [
      0,
      2,
      1,
      0,
      1,
      0,
      0,
      1023,
      0,
      1
    ],
    [
      1,
      0,
      0,
      0,
      0,
      1,
      0,
      0,
      971,
      1
    ],
    [
      0,
      0,
      0,
      0,
      6,
      1,
      0,
      1,
      1,
      1000
    ]
  ],
  "report": "              precision    recall  f1-score   support\n\n           0       0.99      1.00      0.99       980\n           1       0.99      1.00      1.00      1135\n           2       0.99      0.99      0.99      1032\n           3       0.99      1.00      0.99      1010\n           4       0.99      0.99      0.99       982\n           5       0.99      0.98      0.99       892\n           6       0.99      0.99      0.99       958\n           7       0.99      1.00      0.99      1028\n           8       1.00      1.00      1.00       974\n           9       0.99      0.99      0.99      1009\n\n    accuracy                           0.99     10000\n   macro avg       0.99      0.99      0.99     10000\nweighted avg       0.99      0.99      0.99     10000\n",
  "seed": 3
}