{
  "weighted_f1": 0.989399044873745,
  "macro_f1": 0.9892213171874618,
  "weighted_accuracy": 0.9894,
  "weighted_precision": 0.9894042183354802,
  "weighted_recall": 0.9894,
  "per_class_auc": [
    0.9999676455948233,
    0.9999899620096852,
    0.9996095073612292,
    0.999902091432725,
    0.9999358603453875,
    0.9989642230454279,
    0.9998655081667136,
    0.9999602091071055,
    0.9999833927176384,
    0.9998438037200288
  ],
  "mean_auc": 0.9998022203500765,
  "confusion_matrix": [
    [
      975,
      0,
      0,
      1,
      0,
      1,
      2,
      0,
      0,
      1
    ],
    [
      0,
      1128,
      4,
      0,
      0,
      0,
      2,
      1,
      0,
      0
    ],
    [
      1,
      2,
      1014,
      0,
      0,
      6,
      7,
      2,
      0,
      0
    ],
    [
      0,
      1,
      0,
      999,
      0,
      7,
      0,
      1,
      1,
      1
    ],
    [
      0,
      0,
      0,
      0,
      976,
      0,
      1,
      1,
      0,
      4
    ],
    [
      0,
      0,
      10,
      4,
      0,
      869,
      4,
      4,
      0,
      1
    ],
    [
      6,
      1,
      3,
      0,
      0,
      2,
      946,
      0,
      0,
      0
    ],
    [
      0,
      2,
      1,
      0,
      1,
      1,
      0,
      1022,
      0,
      1
    ],
    [
      2,
      0,
      1,
      1,
      0,
      1,
      0,
      1,
      967,
      1
    ],
    [
      0,
      0,
      0,
      1,
      5,
      1,
      0,
      2,
      2,
      998
    ]
  ],
  "report": "              precision    recall  f1-score   support\n\n           0       0.99      0.99      0.99       980\n           1       0.99      0.99      0.99      1135\n           2       0.98      0.98      0.98      1032\n           3       0.99      0.99      0.99      1010\n           4       0.99      0.99      0.99       982\n           5       0.98      0.97      0.98       892\n           6       0.98      0.99      0.99       958\n           7       0.99      0.99      0.99      1028\n           8       1.00      0.99      0.99       974\n           9       0.99      0.99      0.99      1009\n\n    accuracy                           0.99     10000\n   macro avg       0.99      0.99      0.99     10000\nweighted avg       0.99      0.99      0.99     10000\n",
  "seed": 2
}