{
  "weighted_f1": 0.017561901293024953,
  "macro_f1": 0.017883809870697508,
  "weighted_accuracy": 0.0982,
  "weighted_precision": 0.00964324,
  "weighted_recall": 0.0982,
  "per_class_auc": [
    0.47543774605185757,
    0.4549436853835432,
    0.5827642880975598,
    0.4629599444927808,
    0.5967442801656249,
    0.4366012188565318,
    0.5682478519403074,
    0.44409927079665057,
    0.565076830293139,
    0.35444253856323016
  ],
  "mean_auc": 0.49413176546412246,
  "confusion_matrix": [
    [
      0,
      0,
      0,
      0,
      980,
      0,
      0,
      0,
      0,
      0
    ],
    [
      0,
      0,
      0,
      0,
      1135,
      0,
      0,
      0,
      0,
      0
    ],
    [
      0,
      0,
      0,
      0,
      1032,
      0,
      0,
      0,
      0,
      0
    ],
    [
      0,
      0,
      0,
      0,
      1010,
      0,
      0,
      0,
      0,
      0
    ],
    [
      0,
      0,
      0,
      0,
      982,
      0,
      0,
      0,
      0,
      0
    ],
    [
      0,
      0,
      0,
      0,
      892,
      0,
      0,
      0,
      0,
      0
    ],
    [
      0,
      0,
      0,
      0,
      958,
      0,
      0,
      0,
      0,
      0
    ],
    [
      0,
      0,
      0,
      0,
      1028,
      0,
      0,
      0,
      0,
      0
    ],
    [
      0,
      0,
      0,
      0,
      974,
      0,
      0,
      0,
      0,
      0
    ],
    [
      0,
      0,
      0,
      0,
      1009,
      0,
      0,
      0,
      0,
      0
    ]
  ],
  "report": "              precision    recall  f1-score   support\n\n           0       0.00      0.00      0.00       980\n           1       0.00      0.00      0.00      1135\n           2       0.00      0.00      0.00      1032\n           3       0.00      0.00      0.00      1010\n           4       0.10      1.00      0.18       982\n           5       0.00      0.00      0.00       892\n           6       0.00      0.00      0.00       958\n           7       0.00      0.00      0.00      1028\n           8       0.00      0.00      0.00       974\n           9       0.00      0.00      0.00      1009\n\n    accuracy                           0.10     10000\n   macro avg       0.01      0.10      0.02     10000\nweighted avg       0.01      0.10      0.02     10000\n",
  "seed": 0
}