{
  "weighted_f1": 0.990488695606946,
  "macro_f1": 0.9903188635656047,
  "weighted_accuracy": 0.9905,
  "weighted_precision": 0.9905070698994094,
  "weighted_recall": 0.9905,
  "per_class_auc": [
    0.9999677587221141,
    0.9998975329899545,
    0.9997888703331052,
    0.9999407482461261,
    0.9999686077042567,
    0.998474090682611,
    0.9997265140317119,
    0.9997294869815474,
    0.9999918101073285,
    0.9999374994419593
  ],
  "mean_auc": 0.9997422919240714,
  "confusion_matrix": [
    [
      978,
      0,
      0,
      0,
      0,
      0,
      1,
      1,
      0,
      0
    ],
    [
      0,
      1133,
      1,
      0,
      0,
      0,
      1,
      0,
      0,
      0
    ],
    [
      1,
      2,
      1015,
      0,
      0,
      2,
      8,
      4,
      0,
      0
    ],
    [
      0,
      0,
      1,
      1002,
      0,
      4,
      0,
      1,
      1,
      1
    ],
    [
      1,
      1,
      0,
      0,
      975,
      0,
      2,
      1,
      0,
      2
    ],
    [
      2,
      0,
      10,
      5,
      0,
      866,
      3,
      6,
      0,
      0
    ],
    [
      7,
      1,
      1,
      0,
      0,
      2,
      946,
      0,
      1,
      0
    ],
    [
      0,
      3,
      0,
      0,
      0,
      1,
      0,
      1023,
      0,
      1
    ],
    [
      0,
      1,
      1,
      0,
      1,
      0,
      0,
      0,
      971,
      0
    ],
    [
      0,
      0,
      0,
      0,
      9,
      1,
      0,
      1,
      2,
      996
    ]
  ],
  "report": "              precision    recall  f1-score   support\n\n           0       0.99      1.00      0.99       980\n           1       0.99      1.00      1.00      1135\n           2       0.99      0.98      0.98      1032\n           3       1.00      0.99      0.99      1010\n           4       0.99      0.99      0.99       982\n           5       0.99      0.97      0.98       892\n           6       0.98      0.99      0.99       958\n           7       0.99      1.00      0.99      1028\n           8       1.00      1.00      1.00       974\n           9       1.00      0.99      0.99      1009\n\n    accuracy                           0.99     10000\n   macro avg       0.99      0.99      0.99     10000\nweighted avg       0.99      0.99      0.99     10000\n",
  "seed": 4
}