{
  "weighted_f1": 0.9914931063622902,
  "macro_f1": 0.9913434837858237,
  "weighted_accuracy": 0.9915,
  "weighted_precision": 0.9914965714113703,
  "weighted_recall": 0.9915,
  "per_class_auc": [
    0.9999675324675323,
    0.9999912540282405,
    0.9998340352260233,
    0.9999838103943876,
    0.9999935634501533,
    0.9983667588341989,
    0.9998140203060735,
    0.9997884685775548,
    0.9999829377236011,
    0.9999414677313587
  ],
  "mean_auc": 0.9997663848739125,
  "confusion_matrix": [
    [
      975,
      0,
      3,
      0,
      0,
      0,
      1,
      0,
      0,
      1
    ],
    [
      0,
      1135,
      0,
      0,
      0,
      0,
      0,
      0,
      0,
      0
    ],
    [
      1,
      1,
      1016,
      0,
      0,
      3,
      8,
      3,
      0,
      0
    ],
    [
      0,
      0,
      2,
      1004,
      0,
      2,
      0,
      1,
      1,
      0
    ],
    [
      0,
      0,
      0,
      0,
      980,
      0,
      0,
      0,
      0,
      2
    ],
    [
      0,
      0,
      6,
      6,
      0,
      871,
      2,
      6,
      1,
      0
    ],
    [
      4,
      2,
      3,
      0,
      0,
      2,
      946,
      0,
      1,
      0
    ],
    [
      0,
      2,
      3,
      0,
      1,
      0,
      0,
      1020,
      0,
      2
    ],
    [
      0,
      0,
      0,
      0,
      0,
      2,
      0,
      0,
      971,
      1
    ],
    [
      1,
      0,
      1,
      0,
      5,
      2,
      0,
      2,
      1,
      997
    ]
  ],
  "report": "              precision    recall  f1-score   support\n\n           0       0.99      0.99      0.99       980\n           1       1.00      1.00      1.00      1135\n           2       0.98      0.98      0.98      1032\n           3       0.99      0.99      0.99      1010\n           4       0.99      1.00      1.00       982\n           5       0.99      0.98      0.98       892\n           6       0.99      0.99      0.99       958\n           7       0.99      0.99      0.99      1028\n           8       1.00      1.00      1.00       974\n           9       0.99      0.99      0.99      1009\n\n    accuracy                           0.99     10000\n   macro avg       0.99      0.99      0.99     10000\nweighted avg       0.99      0.99      0.99     10000\n",
  "seed": 7
}