{
  "weighted_f1": 0.9895950630657077,
  "macro_f1": 0.9893286956896107,
  "weighted_accuracy": 0.9896,
  "weighted_precision": 0.9896013198252757,
  "weighted_recall": 0.9896,
  "per_class_auc": [
    0.9999160595502059,
    0.9999901607817706,
    0.9998261475772602,
    0.9998334783422724,
    0.9999046938934983,
    0.9991601775209691,
    0.999859966872295,
    0.9998956979864724,
    0.999995791305155,
    0.999913799935824
  ],
  "mean_auc": 0.9998295973765723,
  "confusion_matrix": [
    [
      977,
      0,
      0,
      0,
      0,
      1,
      1,
      0,
      0,
      1
    ],
    [
      0,
      1134,
      1,
      0,
      0,
      0,
      0,
      0,
      0,
      0
    ],
    [
      0,
      0,
      1015,
      0,
      0,
      6,
      7,
      3,
      1,
      0
    ],
    [
      0,
      0,
      3,
      1000,
      0,
      6,
      0,
      0,
      1,
      0
    ],
    [
      1,
      1,
      0,
      0,
      973,
      0,
      1,
      1,
      0,
      5
    ],
    [
      1,
      0,
      10,
      5,
      0,
      867,
      3,
      5,
      0,
      1
    ],
    [
      6,
      1,
      3,
      0,
      1,
      6,
      941,
      0,
      0,
      0
    ],
    [
      0,
      2,
      1,
      0,
      0,
      1,
      0,
      1024,
      0,
      0
    ],
    [
      0,
      0,
      1,
      1,
      0,
      2,
      0,
      0,
      970,
      0
    ],
    [
      1,
      0,
      0,
      0,
      6,
      1,
      0,
      4,
      2,
      995
    ]
  ],
  "report": "              precision    recall  f1-score   support\n\n           0       0.99      1.00      0.99       980\n           1       1.00      1.00      1.00      1135\n           2       0.98      0.98      0.98      1032\n           3       0.99      0.99      0.99      1010\n           4       0.99      0.99      0.99       982\n           5       0.97      0.97      0.97       892\n           6       0.99      0.98      0.98       958\n           7       0.99      1.00      0.99      1028\n           8       1.00      1.00      1.00       974\n           9       0.99      0.99      0.99      1009\n\n    accuracy                           0.99     10000\n   macro avg       0.99      0.99      0.99     10000\nweighted avg       0.99      0.99      0.99     10000\n",
  "seed": 1
}