{
  "train_loss": [
    4.582999750010172,
    4.367088111368815,
    4.157457610151503,
    4.023741560787625,
    3.931206551106771,
    3.854926744418674,
    3.766577008565267,
    3.7003559172736273,
    3.64130713818868,
    3.592803830040826,
    3.5512144755045574,
    3.5123338515387643,
    3.489770984310574,
    3.450875757132636,
    3.424092629623413,
    3.399061628511217,
    3.3726480270385744,
    3.3509348519643147,
    3.332841483306885,
    3.3091438363817005,
    3.2841296190049913,
    3.2774807027604846,
    3.2588675442165798,
    3.2383173716227214,
    3.2202716423458524,
    3.2098512783474393,
    3.1956471368577746,
    3.1737831009758843,
    3.1694361455281577,
    3.1613864209493,
    3.1457574761284723,
    3.130926555082533,
    3.116688294516669,
    3.107446246125963,
    3.102717681672838,
    3.089564509073893,
    3.078013588163588,
    3.0668220864189997,
    3.0604586632622612,
    3.0509062394036186,
    3.0428048926035562,
    3.03181538611518,
    3.022074970753988,
    3.0107771807352703,
    3.0033038883633085,
    3.0003385900709363,
    2.9899530907524956,
    2.9766933352576364,
    2.963990983581543,
    2.9704753926595053,
    2.956304644266764,
    2.9429966203477647,
    2.9399971792856854,
    2.934217478264703,
    2.929190191056993,
    2.914075042131212,
    2.9113410692426895,
    2.9063780225118,
    2.890595635223389,
    2.8917024403042264,
    2.881096939892239,
    2.880218647342258,
    2.8686144401550293,
    2.8728321511586508,
    2.866145351070828,
    2.855872424952189,
    2.8486583482106527,
    2.8474540662553576,
    2.8388996794806585,
    2.8350974672105576,
    2.8338763309054906,
    2.8234262790256075,
    2.815813777838813,
    2.8157567257351346,
    2.8128691111246744,
    2.8035348500145805,
    2.8040729637993707,
    2.800012124294705,
    2.7992464601728653,
    2.800551532702976,
    2.7904430048624675,
    2.787520375823975,
    2.7852755399068196,
    2.785414867740207,
    2.779487304941813,
    2.7844850121392146,
    2.7732497115241155,
    2.7672229214138455,
    2.7719963481055365,
    2.7703406746758357,
    2.7708856218126083,
    2.769669092178345,
    2.760324162631565,
    2.763959590657552,
    2.7716082803090414,
    2.7607109281751843,
    2.766101087782118,
    2.759314746899075,
    2.7639768316056994,
    2.7602588266160755
  ],
  "train_acc": [
    0.01728888888888889,
    0.037733333333333334,
    0.06371111111111111,
    0.08606666666666667,
    0.10331111111111112,
    0.12208888888888889,
    0.14226666666666668,
    0.15668888888888888,
    0.17202222222222222,
    0.1831111111111111,
    0.1902222222222222,
    0.20137777777777777,
    0.20675555555555555,
    0.215,
    0.226,
    0.228,
    0.23484444444444444,
    0.2412,
    0.24735555555555555,
    0.25044444444444447,
    0.25806666666666667,
    0.26,
    0.2657777777777778,
    0.26986666666666664,
    0.27164444444444447,
    0.2786,
    0.27873333333333333,
    0.2846,
    0.2898,
    0.2913777777777778,
    0.29606666666666664,
    0.3011333333333333,
    0.3044,
    0.30562222222222224,
    0.3091555555555556,
    0.31393333333333334,
    0.31604444444444446,
    0.3205777777777778,
    0.3214,
    0.32535555555555556,
    0.3237777777777778,
    0.3295777777777778,
    0.33193333333333336,
    0.3342888888888889,
    0.3364888888888889,
    0.3423777777777778,
    0.3418888888888889,
    0.3507777777777778,
    0.3493777777777778,
    0.3469111111111111,
    0.3525333333333333,
    0.35675555555555555,
    0.3546,
    0.3580888888888889,
    0.3619777777777778,
    0.3648666666666667,
    0.3664222222222222,
    0.3668222222222222,
    0.37048888888888887,
    0.37022222222222223,
    0.3778444444444444,
    0.3758,
    0.37851111111111113,
    0.3784888888888889,
    0.3797333333333333,
    0.3811555555555556,
    0.3870222222222222,
    0.3864,
    0.38904444444444447,
    0.38822222222222225,
    0.3877333333333333,
    0.38986666666666664,
    0.3934888888888889,
    0.3914888888888889,
    0.3932222222222222,
    0.3984,
    0.3990888888888889,
    0.39853333333333335,
    0.39613333333333334,
    0.39895555555555556,
    0.4033333333333333,
    0.4055111111111111,
    0.4068222222222222,
    0.40375555555555553,
    0.4046444444444444,
    0.40557777777777776,
    0.4056444444444444,
    0.4092,
    0.4066666666666667,
    0.40702222222222223,
    0.40757777777777776,
    0.4081111111111111,
    0.41417777777777776,
    0.4093111111111111,
    0.40802222222222223,
    0.41175555555555554,
    0.4072,
    0.4109111111111111,
    0.40944444444444444,
    0.4091111111111111
  ],
  "val_loss": [
    4.5098672981262204,
    4.158972518157959,
    3.9842226623535155,
    3.8611122768402097,
    3.8031091926574705,
    3.634069510269165,
    3.537019083404541,
    3.49631888961792,
    3.3918309265136717,
    3.340785739517212,
    3.2723175575256347,
    3.2316987213134767,
    3.2170496475219728,
    3.152094672393799,
    3.1562997413635254,
    3.1075941192626955,
    3.091037626647949,
    3.070561079406738,
    3.025630940628052,
    3.0138975910186767,
    3.013051263427734,
    2.9607980865478516,
    2.9709036602020262,
    2.9603638061523436,
    2.9412484382629396,
    2.9394928401947023,
    2.919963371658325,
    2.89177904586792,
    2.8847677131652834,
    2.867638025665283,
    2.870665124511719,
    2.844596813201904,
    2.8601564754486084,
    2.8498621574401857,
    2.855328345489502,
    2.8104115234375,
    2.783974709320068,
    2.8202452236175537,
    2.794256575012207,
    2.758289165496826,
    2.79481418800354,
    2.767053939819336,
    2.782014359283447,
    2.73200277633667,
    2.747397021102905,
    2.7176169982910157,
    2.7292129776000977,
    2.7315307048797606,
    2.682525843048096,
    2.721131600189209,
    2.6793044578552245,
    2.6986000423431395,
    2.653851100540161,
    2.6627355728149413,
    2.7079652381896975,
    2.6317343730926512,
    2.708884366989136,
    2.6415967918395995,
    2.65331019821167,
    2.6472598724365235,
    2.6293500305175783,
    2.6461394947052,
    2.62246708946228,
    2.6328658081054686,
    2.6165410530090334,
    2.6136985248565674,
    2.621810828399658,
    2.591359595489502,
    2.6179029182434084,
    2.6233224700927735,
    2.5854952575683594,
    2.602866799545288,
    2.606013948059082,
    2.623993962860107,
    2.598430810546875,
    2.5843169940948485,
    2.585402844619751,
    2.5741715370178224,
    2.5831851669311523,
    2.5757134971618654,
    2.580315266418457,
    2.5881707458496095,
    2.572868613433838,
    2.5630148780822752,
    2.583357425689697,
    2.5686093418121336,
    2.5729496185302736,
    2.567888933944702,
    2.5596222732543947,
    2.5667046764373778,
    2.565776382446289,
    2.566844821929932,
    2.572091411590576,
    2.568959619140625,
    2.5622809242248534,
    2.571794672393799,
    2.5612304969787596,
    2.5652983806610106,
    2.5646684181213377,
    2.5656608448028564
  ],