{
  "train_loss": [
    4.577824226633708,
    4.376189267222086,
    4.172454857720269,
    4.049955173577203,
    3.9629349249945744,
    3.875530181503296,
    3.7923458674112958,
    3.728184366438124,
    3.6705155815972224,
    3.614588572523329,
    3.577556185997857,
    3.534478195275201,
    3.50071085518731,
    3.4646722008599173,
    3.4477833352830674,
    3.4105340263790556,
    3.3843492849561905,
    3.3629790308210583,
    3.337015513780382,
    3.319301854112413,
    3.3032344379001195,
    3.281866398493449,
    3.266064122941759,
    3.248752601538764,
    3.2290053117964,
    3.2161143474155,
    3.2008835126664903,
    3.183305005306668,
    3.1727913704342314,
    3.154359388478597,
    3.1429465830485026,
    3.1333897858937583,
    3.1216506343417696,
    3.1119525003645157,
    3.098447131008572,
    3.0860481001112197,
    3.0821809811909993,
    3.0718685619778103,
    3.054948779975043,
    3.055956265089247,
    3.043620434358385,
    3.030369922595554,
    3.01565582508511,
    3.010009740278456,
    2.9977082018110486,
    2.9947281968434654,
    2.98979559135437,
    2.9808380904303657,
    2.9704444776746963,
    2.964808736122979,
    2.955961394119263,
    2.943459944661458,
    2.943845573001438,
    2.9364918209075928,
    2.9247613407558863,
    2.9256195031060113,
    2.9122382811652288,
    2.897754274919298,
    2.9047625143263076,
    2.8847222559187147,
    2.8953499286227755,
    2.8834672990163166,
    2.882236880069309,
    2.869595749113295,
    2.8608292485131157,
    2.8578638882107206,
    2.8569752034081355,
    2.855550815455119,
    2.8467571910434297,
    2.8376056296454535,
    2.836422503704495,
    2.8385941650390625,
    2.826343362426758,
    2.8201564421759713,
    2.817990715408325,
    2.8109412095811632,
    2.8115308090633815,
    2.8128500403934056,
    2.802880840979682,
    2.7981469732920328,
    2.791243712361654,
    2.7977470336490207,
    2.7923965905507404,
    2.794468275366889,
    2.7851856107499864,
    2.7811473625183107,
    2.7831208092583553,
    2.779855935414632,
    2.778849516254001,
    2.77873663321601,
    2.7767601769765218,
    2.7690064424726697,
    2.771191372256809,
    2.776752017678155,
    2.7728509587605794,
    2.7734556629604765,
    2.7705295864952935,
    2.7667745006985136,
    2.7732637216356064,
    2.777273444112142
  ],
  "train_acc": [
    0.019533333333333333,
    0.03771111111111111,
    0.06353333333333333,
    0.0822,
    0.10015555555555555,
    0.11784444444444445,
    0.1360222222222222,
    0.15046666666666667,
    0.16366666666666665,
    0.17655555555555555,
    0.18673333333333333,
    0.19302222222222223,
    0.20333333333333334,
    0.21257777777777778,
    0.21662222222222222,
    0.22573333333333334,
    0.2300222222222222,
    0.23937777777777777,
    0.24188888888888888,
    0.24982222222222222,
    0.2508444444444444,
    0.2584,
    0.2629111111111111,
    0.268,
    0.27515555555555554,
    0.27564444444444447,
    0.27928888888888886,
    0.2851111111111111,
    0.2880666666666667,
    0.29513333333333336,
    0.29455555555555557,
    0.3002888888888889,
    0.3023111111111111,
    0.30524444444444443,
    0.3068222222222222,
    0.31364444444444445,
    0.31451111111111113,
    0.3194222222222222,
    0.32308888888888887,
    0.3226,
    0.32504444444444447,
    0.3316,
    0.3356222222222222,
    0.33457777777777775,
    0.3393555555555556,
    0.34213333333333334,
    0.3435111111111111,
    0.34615555555555555,
    0.35002222222222223,
    0.3513777777777778,
    0.35215555555555556,
    0.3547777777777778,
    0.35562222222222223,
    0.35815555555555556,
    0.3616666666666667,
    0.36144444444444446,
    0.36573333333333335,
    0.36704444444444445,
    0.372,
    0.3705777777777778,
    0.372,
    0.3777111111111111,
    0.37148888888888887,
    0.3778,
    0.38284444444444443,
    0.38206666666666667,
    0.38095555555555555,
    0.38382222222222223,
    0.3879111111111111,
    0.3872888888888889,
    0.38708888888888887,
    0.3912888888888889,
    0.3918888888888889,
    0.3956222222222222,
    0.3960444444444444,
    0.39564444444444447,
    0.39597777777777776,
    0.3952888888888889,
    0.4001777777777778,
    0.40124444444444446,
    0.4025111111111111,
    0.40286666666666665,
    0.40064444444444447,
    0.4036444444444444,
    0.40442222222222224,
    0.40573333333333333,
    0.4051777777777778,
    0.40513333333333335,
    0.4051777777777778,
    0.40697777777777777,
    0.4082222222222222,
    0.4086,
    0.4090666666666667,
    0.4045111111111111,
    0.4078888888888889,
    0.4086888888888889,
    0.40795555555555557,
    0.40771111111111114,
    0.40875555555555554,
    0.40575555555555554
  ],
  "val_loss": [
    4.498411827850342,
    4.187607912445069,
    3.9907915336608886,
    3.89174549407959,
    3.7801149810791017,
    3.659244622039795,
    3.607791735839844,
    3.4847258255004885,
    3.4445137245178223,
    3.3801254516601564,
    3.299480744934082,
    3.322198976898193,
    3.2239256484985352,
    3.1757433570861817,
    3.1926751678466796,
    3.1168153900146485,
    3.086884566497803,
    3.069298046875,
    3.062900197219849,
    3.0380773288726806,
    3.006688045120239,
    3.001642699813843,
    2.9838869361877443,
    2.9890508262634277,
    2.9528111068725584,
    2.9285994552612307,
    2.944581284713745,
    2.9159766227722166,
    2.8931818157196045,
    2.8659782592773437,
    2.881017670059204,
    2.8406422481536864,
    2.8826824787139893,
    2.8331648654937744,
    2.8194754497528076,
    2.8180145324707033,
    2.868689873123169,
    2.842605488204956,
    2.759081661605835,
    2.7958171356201174,
    2.8109041999816893,
    2.775339192199707,
    2.8318292140960692,
    2.7749202049255373,
    2.7636849338531495,
    2.7520839565277098,
    2.770488433456421,
    2.760279514312744,
    2.7071869941711424,
    2.7266564586639404,
    2.706312505722046,
    2.7026390907287596,
    2.7163258712768554,
    2.6733289596557617,
    2.6993048530578614,
    2.6528799587249754,
    2.7059595413208006,
    2.6944180404663087,
    2.717542079925537,
    2.6322049308776854,
    2.7053322910308837,
    2.689074530792236,
    2.6881029800415037,
    2.648514478302002,
    2.645566558265686,
    2.6530340324401855,
    2.6788023311614992,
    2.6614434467315675,
    2.6550386432647706,
    2.6453007976531984,
    2.6445863552093507,
    2.6279386669158935,
    2.6350195781707764,
    2.649302015686035,
    2.628908595085144,
    2.6076076290130614,
    2.616243807220459,
    2.6290580524444582,
    2.607506901550293,
    2.609067361450195,
    2.6189952869415283,
    2.6199113494873045,
    2.60413338470459,
    2.6036208602905275,
    2.601378000640869,
    2.6033572494506836,
    2.625209864807129,
    2.6025914680480957,
    2.6104996139526366,
    2.59561948928833,
    2.603316369628906,
    2.6041148933410643,
    2.60154234085083,
    2.5956269165039063,
    2.5971155052185058,
    2.6012792793273927,
    2.5971412929534914,
    2.5982522605895997,
    2.5964295154571535,
    2.5980080280303954
  ],