{
  "train_loss": [
    4.5919217730204265,
    4.378432696194119,
    4.160512239837646,
    4.040084734598795,
    3.9432106524573434,
    3.863847390153673,
    3.781793964597914,
    3.7121128851148817,
    3.6567549714830188,
    3.6048955101013185,
    3.5624775132921007,
    3.5168019218444826,
    3.4911003246307373,
    3.4587177277035184,
    3.425824163691203,
    3.4002417274475096,
    3.3746444087558323,
    3.349960582054986,
    3.3270885748545327,
    3.311979441367255,
    3.2942437519921195,
    3.274266981040107,
    3.254914439307319,
    3.2361130880991618,
    3.227244750383165,
    3.2096852508121065,
    3.189830253431532,
    3.174393081580268,
    3.165803855090671,
    3.1467925380706787,
    3.1324147771199544,
    3.1300723729451496,
    3.1163190620422365,
    3.102885775036282,
    3.097521512391832,
    3.085240738126967,
    3.0770681556701662,
    3.062647336408827,
    3.0514690476311577,
    3.0470033253563775,
    3.0345078593360055,
    3.019957591417101,
    3.016917140028212,
    3.0068989436679416,
    2.995406044769287,
    2.9862011223687066,
    2.980643875418769,
    2.972366790347629,
    2.9667416831122506,
    2.959739769999186,
    2.9478492402818466,
    2.941350917900933,
    2.9308486907958984,
    2.9338326540205215,
    2.924646948623657,
    2.916250270928277,
    2.906057135603163,
    2.8987122534857854,
    2.8965740169949004,
    2.8930495624542236,
    2.8829960870954725,
    2.885492589653863,
    2.872349301317003,
    2.8676514493306478,
    2.8650486794365775,
    2.854551559533013,
    2.8502360185835096,
    2.845542846722073,
    2.8353341082255046,
    2.8339420818752714,
    2.826931713104248,
    2.8258313281589085,
    2.81999755215115,
    2.818410820388794,
    2.8091302851782904,
    2.8103968083699544,
    2.8121310963100856,
    2.8063287844763862,
    2.794254266993205,
    2.7937540382809107,
    2.7918423031277126,
    2.7848441148969862,
    2.7883057467566594,
    2.784737565061781,
    2.7834351569281686,
    2.784363755501641,
    2.780134596888224,
    2.77587781024509,
    2.7744400471157498,
    2.770032606209649,
    2.772176814058092,
    2.7714611306932238,
    2.765426235368517,
    2.769176783964369,
    2.7637209566752117,
    2.7622869360605877,
    2.7657262246025933,
    2.7699225853390166,
    2.764760450024075,
    2.759708728281657
  ],
  "train_acc": [
    0.01682222222222222,
    0.04055555555555555,
    0.06671111111111111,
    0.08191111111111112,
    0.10048888888888889,
    0.1162,
    0.13697777777777778,
    0.15175555555555556,
    0.16333333333333333,
    0.17704444444444445,
    0.18706666666666666,
    0.1975111111111111,
    0.20451111111111112,
    0.21437777777777778,
    0.222,
    0.22782222222222223,
    0.2324,
    0.2392,
    0.24793333333333334,
    0.25237777777777776,
    0.25775555555555557,
    0.2617777777777778,
    0.2685111111111111,
    0.2712,
    0.2743111111111111,
    0.28213333333333335,
    0.2856,
    0.2870888888888889,
    0.29004444444444444,
    0.2995111111111111,
    0.30104444444444445,
    0.3032444444444444,
    0.3059777777777778,
    0.31248888888888887,
    0.31408888888888886,
    0.31393333333333334,
    0.3202888888888889,
    0.3248888888888889,
    0.32515555555555553,
    0.32944444444444443,
    0.33037777777777777,
    0.33495555555555556,
    0.3340888888888889,
    0.3389333333333333,
    0.3439333333333333,
    0.3452222222222222,
    0.34384444444444445,
    0.34955555555555556,
    0.35224444444444447,
    0.3539555555555556,
    0.3574888888888889,
    0.35984444444444447,
    0.36504444444444445,
    0.3617111111111111,
    0.3634222222222222,
    0.36344444444444446,
    0.3681111111111111,
    0.3720888888888889,
    0.37248888888888887,
    0.3738222222222222,
    0.37624444444444444,
    0.37651111111111113,
    0.3794,
    0.37893333333333334,
    0.3827777777777778,
    0.38466666666666666,
    0.38622222222222224,
    0.3864,
    0.38968888888888886,
    0.39113333333333333,
    0.3895777777777778,
    0.39442222222222223,
    0.39786666666666665,
    0.3936222222222222,
    0.3994,
    0.3982,
    0.3967333333333333,
    0.3983777777777778,
    0.40602222222222223,
    0.4018888888888889,
    0.4021777777777778,
    0.40353333333333335,
    0.4039111111111111,
    0.40671111111111113,
    0.4043555555555556,
    0.40557777777777776,
    0.4054888888888889,
    0.41157777777777776,
    0.40913333333333335,
    0.4093333333333333,
    0.40924444444444447,
    0.40702222222222223,
    0.41028888888888887,
    0.4113111111111111,
    0.41184444444444446,
    0.4110666666666667,
    0.41275555555555554,
    0.4097777777777778,
    0.41235555555555553,
    0.41384444444444446
  ],
  "val_loss": [
    4.536160319519043,
    4.168373050689698,
    3.995742282104492,
    3.8733515991210936,
    3.7566968894958497,
    3.6726200675964353,
    3.5493961517333985,
    3.4710005081176756,
    3.3886367824554444,
    3.3168440193176267,
    3.271158221435547,
    3.254588353347778,
    3.2178581481933595,
    3.16231686706543,
    3.156234592437744,
    3.1239745220184325,
    3.0856847942352297,
    3.06579327583313,
    3.065499362182617,
    3.05774084854126,
    3.034071036148071,
    3.0127213493347167,
    2.9819473445892335,
    2.9819686630249023,
    2.9711568183898924,
    2.9382851768493654,
    2.938687134552002,
    2.9022047889709475,
    2.9267898529052734,
    2.9308497829437257,
    2.87588505859375,
    2.8109932907104493,
    2.8344046825408937,
    2.8271557907104494,
    2.8246954582214356,
    2.8013567306518556,
    2.7932404155731203,
    2.8004461921691894,
    2.8052329864501955,
    2.7621578929901123,
    2.786033338165283,
    2.7906383071899414,
    2.7451504627227785,
    2.741762253189087,
    2.7558300926208497,
    2.7309654151916503,
    2.7358886024475098,
    2.7269814224243163,
    2.7097045223236083,
    2.6820522567749023,
    2.6979752304077147,
    2.6983229076385498,
    2.6712262298583984,
    2.6706974029541017,
    2.6959824104309082,
    2.6571039211273195,
    2.6734026718139647,
    2.6467677047729494,
    2.648795859146118,
    2.6388604640960693,
    2.671800201034546,
    2.6378800327301026,
    2.6174700721740725,
    2.6637724174499513,
    2.6508152992248535,
    2.644102481842041,
    2.611333311843872,
    2.639081425857544,
    2.6063518241882324,
    2.6285635704040526,
    2.61155238571167,
    2.6108160026550293,
    2.6092900985717775,
    2.5911749378204347,
    2.613618348693848,
    2.6078590892791746,
    2.6082772598266604,
    2.586548156738281,
    2.593337635040283,
    2.593161803817749,
    2.593868784713745,
    2.6017457023620607,
    2.583471244812012,
    2.5889278095245363,
    2.5840087100982667,
    2.5819972805023195,
    2.577928645324707,
    2.577934002685547,
    2.5817033672332763,
    2.5854989875793457,
    2.579097205352783,
    2.5767500305175783,
    2.5849720249176027,
    2.577540590286255,
    2.576752249908447,
    2.5795416999816894,
    2.580013899230957,
    2.5873400093078613,
    2.582055884552002,
    2.578405555343628
  ],