{
  "train_loss": [
    4.594506705559625,
    4.394183988952637,
    4.173933002556695,
    4.034005043538412,
    3.933242542521159,
    3.851281154420641,
    3.7609666613260906,
    3.6955375077565513,
    3.6382082794613306,
    3.588106709798177,
    3.5505595137702093,
    3.5062799957275392,
    3.480627163272434,
    3.4486747890472413,
    3.4179339438968235,
    3.393969056447347,
    3.371664468595717,
    3.3509518571217853,
    3.3277532684750026,
    3.306609425438775,
    3.289060551537408,
    3.2840804473876952,
    3.2576283231099445,
    3.2329327191670734,
    3.2196925523122153,
    3.211264349873861,
    3.1879745389726426,
    3.178189560529921,
    3.1656486442565916,
    3.156173354593913,
    3.1388586654663087,
    3.137206623840332,
    3.121345188310411,
    3.107385961956448,
    3.0937551458994546,
    3.096906438191732,
    3.080349709616767,
    3.0687362795511883,
    3.0592719338311087,
    3.0495053099738225,
    3.0385775845421685,
    3.038356420050727,
    3.0240784174601236,
    3.0161666506873237,
    3.0035555424584284,
    2.9926988154941134,
    2.9960981593661837,
    2.9807217175801597,
    2.98034590933058,
    2.967433979712592,
    2.960519545449151,
    2.9559923299153645,
    2.952278134197659,
    2.9372954829745823,
    2.9357175587972004,
    2.922424730682373,
    2.921020672310723,
    2.9127422248416477,
    2.9031168930477564,
    2.897631996070014,
    2.8939494389851887,
    2.889882026248508,
    2.884850613954332,
    2.8756513070848255,
    2.8717636828104656,
    2.859863191604614,
    2.8561249398125543,
    2.855809440951877,
    2.845845874150594,
    2.8441621484968396,
    2.8434011081695556,
    2.8328117756313747,
    2.827080804740058,
    2.8185487982432047,
    2.819647050772773,
    2.820938909445869,
    2.815035863833957,
    2.8126413478427463,
    2.8049377418094212,
    2.8049426403893363,
    2.8042049748738607,
    2.795802081934611,
    2.790315042368571,
    2.787248131137424,
    2.794179810884264,
    2.7881293760087753,
    2.7884325565338135,
    2.785032465701633,
    2.776820018810696,
    2.776083873409695,
    2.780246855163574,
    2.7782368860880533,
    2.775392376454671,
    2.7738221044752334,
    2.7717607876671684,
    2.7732673258887397,
    2.770253783755832,
    2.7807408415900334,
    2.774458145904541,
    2.7686726658291287
  ],
  "train_acc": [
    0.012688888888888888,
    0.03891111111111111,
    0.06448888888888889,
    0.08282222222222223,
    0.10204444444444444,
    0.12233333333333334,
    0.14244444444444446,
    0.1576,
    0.16964444444444443,
    0.1847111111111111,
    0.19162222222222222,
    0.20082222222222224,
    0.20915555555555557,
    0.21833333333333332,
    0.22626666666666667,
    0.23248888888888888,
    0.23415555555555556,
    0.24015555555555557,
    0.24531111111111112,
    0.2541111111111111,
    0.2564,
    0.2578888888888889,
    0.2645111111111111,
    0.27366666666666667,
    0.27666666666666667,
    0.28042222222222224,
    0.28642222222222224,
    0.2868888888888889,
    0.2925111111111111,
    0.29602222222222224,
    0.2978222222222222,
    0.29935555555555554,
    0.3042888888888889,
    0.31124444444444443,
    0.31222222222222223,
    0.31253333333333333,
    0.31793333333333335,
    0.3224888888888889,
    0.3254222222222222,
    0.32597777777777776,
    0.3287111111111111,
    0.3277111111111111,
    0.3348,
    0.3343777777777778,
    0.33897777777777777,
    0.34328888888888887,
    0.3422,
    0.347,
    0.3463333333333333,
    0.3512888888888889,
    0.35157777777777777,
    0.3550888888888889,
    0.3555333333333333,
    0.3598222222222222,
    0.3617111111111111,
    0.3660888888888889,
    0.3641111111111111,
    0.3679777777777778,
    0.37195555555555554,
    0.37222222222222223,
    0.37504444444444446,
    0.3730888888888889,
    0.3751333333333333,
    0.37604444444444446,
    0.3814888888888889,
    0.3834444444444444,
    0.386,
    0.38682222222222223,
    0.3869111111111111,
    0.3892,
    0.38484444444444443,
    0.39013333333333333,
    0.3924,
    0.3963333333333333,
    0.3955111111111111,
    0.39555555555555555,
    0.3980444444444444,
    0.3980888888888889,
    0.4006222222222222,
    0.39897777777777776,
    0.40073333333333333,
    0.4038,
    0.40484444444444445,
    0.4052,
    0.40375555555555553,
    0.407,
    0.4020444444444444,
    0.40753333333333336,
    0.4096666666666667,
    0.4098,
    0.40613333333333335,
    0.40524444444444446,
    0.4054888888888889,
    0.4073777777777778,
    0.4108888888888889,
    0.4076,
    0.4093333333333333,
    0.4073555555555556,
    0.40984444444444446,
    0.41057777777777776
  ],
  "val_loss": [
    4.5514377502441405,
    4.173722991943359,
    3.981787617492676,
    3.849540595245361,
    3.7627734268188475,
    3.627343688201904,
    3.5085901649475097,
    3.460298291015625,
    3.3692335655212404,
    3.313799048614502,
    3.2730640502929687,
    3.30641739654541,
    3.186105979156494,
    3.1963373600006104,
    3.109526123046875,
    3.0977614624023437,
    3.1216327362060547,
    3.0781891891479494,
    3.041191275024414,
    3.022556909942627,
    2.990320096206665,
    3.0100648349761965,
    2.9560505962371826,
    2.9550338768005373,
    2.9124567756652833,
    2.9357721500396727,
    2.9350499908447265,
    2.917331606292725,
    2.8851566886901856,
    2.8936735225677492,
    2.9267177974700926,
    2.8589063537597657,
    2.875258352661133,
    2.8409858726501467,
    2.8705559967041014,
    2.8367547752380373,
    2.821078516769409,
    2.7537898750305176,
    2.7963938678741456,
    2.7706655685424804,
    2.774014710235596,
    2.763403467941284,
    2.772349186706543,
    2.7503638679504396,
    2.753429691314697,
    2.7261603019714356,
    2.7349272201538084,
    2.7121122783660887,
    2.7254689399719236,
    2.7268637542724607,
    2.706560945892334,
    2.6879477912902834,
    2.697690214920044,
    2.7237054512023926,
    2.6899481712341307,
    2.67975394859314,
    2.662403175354004,
    2.695428981781006,
    2.643517994689941,
    2.655153751373291,
    2.6589971347808836,
    2.6376271102905275,
    2.648283264541626,
    2.6462109100341795,
    2.62506887550354,
    2.629952912902832,
    2.6320508483886718,
    2.6424299324035645,
    2.642694464111328,
    2.6255587841033936,
    2.623893119430542,
    2.6034055320739746,
    2.6029500022888183,
    2.607395495223999,
    2.6062445098876954,
    2.6320663173675536,
    2.612204507446289,
    2.62355357131958,
    2.626505947113037,
    2.609783549499512,
    2.613875885772705,
    2.598097314453125,
    2.590762710571289,
    2.590922292327881,
    2.601722734069824,
    2.596499903488159,
    2.591697011566162,
    2.585338558578491,
    2.5986399868011474,
    2.592853564834595,
    2.586812051010132,
    2.588413896942139,
    2.588829037475586,
    2.5878866092681885,
    2.593125061035156,
    2.582835583496094,
    2.5941381088256836,
    2.590739993286133,
    2.5898532543182373,
    2.5934235790252687
  ],