{
  "train_loss": [
    4.590925426822238,
    4.383478432888455,
    4.159901859113905,
    4.022204012298584,
    3.934171091715495,
    3.843440074496799,
    3.770119439103868,
    3.6972389556037055,
    3.644999633577135,
    3.5901495471106637,
    3.5477725678337944,
    3.5083170004526774,
    3.4753988686879476,
    3.449688781611125,
    3.4145837882995607,
    3.3876989416334364,
    3.361740778986613,
    3.3422866409725613,
    3.3118893819597033,
    3.302067508527968,
    3.278913314183553,
    3.2612394880506725,
    3.2421390027364096,
    3.2266961494445803,
    3.2105910592820908,
    3.1994736570570206,
    3.1757965076870387,
    3.169807066472371,
    3.1546170305887857,
    3.1400744910346137,
    3.1317476056840685,
    3.1091861359490287,
    3.103742226452298,
    3.0943202655792237,
    3.0757362467447917,
    3.0735610573662653,
    3.0560803933037652,
    3.0419343640645344,
    3.0375427160051136,
    3.0232608219570585,
    3.0138191816118027,
    3.0040314650641546,
    2.9963501270718043,
    2.9945764495849607,
    2.976927152548896,
    2.9663366931067574,
    2.9663201105329726,
    2.957329885949029,
    2.946322945573595,
    2.93963862101237,
    2.925159161546495,
    2.9257242305755615,
    2.9079885872311064,
    2.9075216732449003,
    2.897442315504286,
    2.8961508462693955,
    2.8820704088846845,
    2.8810530296325685,
    2.870645931201511,
    2.866674110921224,
    2.8511944541083443,
    2.854333933385213,
    2.8484771983676485,
    2.844262245686849,
    2.8350507372962106,
    2.8237874818166095,
    2.824140263281928,
    2.818541380352444,
    2.810434077284071,
    2.8042389427185057,
    2.8065382164849177,
    2.795361631817288,
    2.800786921946208,
    2.7861487327575682,
    2.7806330237494574,
    2.7775055183410644,
    2.7790078930324977,
    2.775042233827379,
    2.7736775350358753,
    2.7656441739824085,
    2.760693335554335,
    2.7625361758761935,
    2.756611699464586,
    2.752862574428982,
    2.7491944627126057,
    2.7531369369506837,
    2.7521151705000135,
    2.751129764895969,
    2.7451656202104355,
    2.743151003985935,
    2.73898005434672,
    2.7397142466651068,
    2.7340950550503202,
    2.738549727715386,
    2.7424468787299263,
    2.7403514779832627,
    2.737083500840929,
    2.732750046327379,
    2.738590089670817,
    2.7331195281982423
  ],
  "train_acc": [
    0.017333333333333333,
    0.039933333333333335,
    0.06615555555555555,
    0.08635555555555556,
    0.10282222222222222,
    0.11997777777777778,
    0.1382,
    0.15613333333333335,
    0.1685111111111111,
    0.1808,
    0.1916,
    0.1988,
    0.20875555555555556,
    0.21431111111111112,
    0.22133333333333333,
    0.23035555555555556,
    0.23786666666666667,
    0.24504444444444445,
    0.24911111111111112,
    0.25053333333333333,
    0.2584,
    0.26482222222222224,
    0.2673111111111111,
    0.2736222222222222,
    0.2783777777777778,
    0.2812,
    0.28902222222222224,
    0.28784444444444446,
    0.29417777777777776,
    0.29544444444444445,
    0.30075555555555555,
    0.3065333333333333,
    0.30635555555555555,
    0.31006666666666666,
    0.31675555555555557,
    0.31893333333333335,
    0.32222222222222224,
    0.32637777777777777,
    0.3287777777777778,
    0.3317777777777778,
    0.3361777777777778,
    0.3383555555555556,
    0.3410888888888889,
    0.3423555555555556,
    0.3462222222222222,
    0.34775555555555554,
    0.3490888888888889,
    0.3531111111111111,
    0.3526,
    0.3575111111111111,
    0.3616888888888889,
    0.3623777777777778,
    0.3650888888888889,
    0.3691333333333333,
    0.3688888888888889,
    0.3721555555555556,
    0.3763111111111111,
    0.37966666666666665,
    0.3786888888888889,
    0.3806,
    0.3831333333333333,
    0.3863333333333333,
    0.3866888888888889,
    0.38504444444444447,
    0.39066666666666666,
    0.3935777777777778,
    0.3950666666666667,
    0.3937555555555556,
    0.39857777777777775,
    0.4004,
    0.3982222222222222,
    0.403,
    0.4010444444444444,
    0.4063111111111111,
    0.4058222222222222,
    0.40502222222222223,
    0.40544444444444444,
    0.4099555555555556,
    0.4076,
    0.41146666666666665,
    0.4109333333333333,
    0.4138,
    0.4129333333333333,
    0.4145111111111111,
    0.41524444444444447,
    0.41444444444444445,
    0.41126666666666667,
    0.41506666666666664,
    0.4167777777777778,
    0.41933333333333334,
    0.4188,
    0.41831111111111113,
    0.4182888888888889,
    0.4195111111111111,
    0.4168,
    0.4169555555555556,
    0.41906666666666664,
    0.41931111111111113,
    0.4188222222222222,
    0.4202444444444444
  ],
  "val_loss": [
    4.534940745544434,
    4.190273907470703,
    3.963878157043457,
    3.838608666229248,
    3.7697670570373534,
    3.6581716979980468,
    3.5394690925598145,
    3.450304071044922,
    3.385043172454834,
    3.3111824867248534,
    3.2777271060943605,
    3.2232960357666016,
    3.1791593368530275,
    3.1457384799957278,
    3.116244989013672,
    3.118039344024658,
    3.059274225616455,
    3.032123113632202,
    3.0130368492126465,
    2.9979733478546144,
    2.994609369659424,
    2.969157564163208,
    2.9499831115722657,
    2.931385668182373,
    2.9555125411987304,
    2.915252473449707,
    2.883684372329712,
    2.91329482421875,
    2.8601758754730224,
    2.8842444496154784,
    2.8766003135681153,
    2.839802808380127,
    2.8553754089355468,
    2.7882807315826414,
    2.7839770797729493,
    2.7686154247283934,
    2.7538408409118653,
    2.756144260406494,
    2.768306855773926,
    2.7692706718444824,
    2.7698691387176515,
    2.745606701660156,
    2.7550608558654783,
    2.7621176765441895,
    2.7202524543762205,
    2.7087351543426514,
    2.7469132678985595,
    2.703333849334717,
    2.6847940139770508,
    2.7023268264770506,
    2.6707724422454833,
    2.6743986358642577,
    2.6731927207946775,
    2.669172386932373,
    2.714844065093994,
    2.691662503051758,
    2.638574856185913,
    2.628504611968994,
    2.632419980239868,
    2.627978811645508,
    2.640881994628906,
    2.621098815536499,
    2.619961450576782,
    2.6046552883148193,
    2.6025609775543215,
    2.5804079307556154,
    2.599544640350342,
    2.623111566925049,
    2.589306000518799,
    2.6071476665496824,
    2.576746350479126,
    2.5841975849151613,
    2.5994164108276365,
    2.5761422485351564,
    2.589073035812378,
    2.578726986694336,
    2.562819471359253,
    2.583766714096069,
    2.5592741165161135,
    2.57883200378418,
    2.574317156600952,
    2.570332849884033,
    2.5595912521362303,
    2.5692888328552246,
    2.5656211463928225,
    2.567267345428467,
    2.5490954074859618,
    2.5503248512268066,
    2.558832926940918,
    2.5669852668762205,
    2.5589848445892334,
    2.568232019805908,
    2.5564183937072755,
    2.5569606689453126,
    2.5578468627929687,
    2.551754465484619,
    2.553452304840088,
    2.555612236022949,
    2.5514668060302736,
    2.558994828414917
  ],