{
  "weighted_f1": {
    "mean": 0.8517037286511728,
    "std": NaN,
    "min": 0.8517037286511728,
    "max": 0.8517037286511728,
    "values": [
      0.8517037286511728
    ]
  },
  "macro_f1": {
    "mean": 0.8517037286511726,
    "std": NaN,
    "min": 0.8517037286511726,
    "max": 0.8517037286511726,
    "values": [
      0.8517037286511726
    ]
  },
  "weighted_accuracy": {
    "mean": 0.851,
    "std": NaN,
    "min": 0.851,
    "max": 0.851,
    "values": [
      0.851
    ]
  },
  "mean_auc": {
    "mean": 0.9858766666666666,
    "std": NaN,
    "min": 0.9858766666666666,
    "max": 0.9858766666666666,
    "values": [
      0.9858766666666666
    ]
  },
  "best_seed_idx": 0,
  "n_runs": 1
}