{
  "weighted_f1": {
    "mean": 0.8672896196553073,
    "std": NaN,
    "min": 0.8672896196553073,
    "max": 0.8672896196553073,
    "values": [
      0.8672896196553073
    ]
  },
  "macro_f1": {
    "mean": 0.8672896196553074,
    "std": NaN,
    "min": 0.8672896196553074,
    "max": 0.8672896196553074,
    "values": [
      0.8672896196553074
    ]
  },
  "weighted_accuracy": {
    "mean": 0.8667,
    "std": NaN,
    "min": 0.8667,
    "max": 0.8667,
    "values": [
      0.8667
    ]
  },
  "mean_auc": {
    "mean": 0.9857703833333333,
    "std": NaN,
    "min": 0.9857703833333333,
    "max": 0.9857703833333333,
    "values": [
      0.9857703833333333
    ]
  },
  "best_seed_idx": 0,
  "n_runs": 1
}