{
  "weighted_f1": 0.8391677599764944,
  "macro_f1": 0.8391677599764943,
  "weighted_accuracy": 0.8382,
  "weighted_precision": 0.8437137494132967,
  "weighted_recall": 0.8382,
  "per_class_auc": [
    0.9851922222222222,
    0.9961617777777777,
    0.9726626666666667,
    0.9630568888888889,
    0.9839406666666667,
    0.9751593333333333,
    0.9871873333333334,
    0.9895375555555556,
    0.9933294444444444,
    0.9928257777777778
  ],
  "mean_auc": 0.9839053666666666,
  "confusion_matrix": [
    [
      874,
      17,
      14,
      15,
      5,
      1,
      0,
      10,
      29,
      35
    ],
    [
      9,
      933,
      1,
      6,
      0,
      3,
      1,
      0,
      5,
      42
    ],
    [
      70,
      2,
      736,
      63,
      26,
      47,
      29,
      18,
      6,
      3
    ],
    [
      16,
      0,
      31,
      761,
      24,
      113,
      26,
      12,
      8,
      9
    ],
    [
      23,
      1,
      39,
      79,
      754,
      34,
      12,
      54,
      3,
      1
    ],
    [
      10,
      1,
      16,
      123,
      6,
      806,
      9,
      25,
      1,
      3
    ],
    [
      12,
      7,
      34,
      67,
      10,
      29,
      835,
      4,
      1,
      1
    ],
    [
      16,
      1,
      10,
      36,
      15,
      42,
      0,
      873,
      1,
      6
    ],
    [
      53,
      17,
      6,
      2,
      3,
      3,
      0,
      1,
      897,
      18
    ],
    [
      8,
      44,
      2,
      10,
      0,
      4,
      1,
      5,
      13,
      913
    ]
  ],
  "report": "              precision    recall  f1-score   support\n\n           0       0.80      0.87      0.84      1000\n           1       0.91      0.93      0.92      1000\n           2       0.83      0.74      0.78      1000\n           3       0.65      0.76      0.70      1000\n           4       0.89      0.75      0.82      1000\n           5       0.74      0.81      0.77      1000\n           6       0.91      0.83      0.87      1000\n           7       0.87      0.87      0.87      1000\n           8       0.93      0.90      0.91      1000\n           9       0.89      0.91      0.90      1000\n\n    accuracy                           0.84     10000\n   macro avg       0.84      0.84      0.84     10000\nweighted avg       0.84      0.84      0.84     10000\n",
  "seed": 0
}