{
  "weighted_f1": {
    "mean": 0.8992654252049624,
    "std": NaN,
    "min": 0.8992654252049624,
    "max": 0.8992654252049624,
    "values": [
      0.8992654252049624
    ]
  },
  "macro_f1": {
    "mean": 0.8901557454397493,
    "std": NaN,
    "min": 0.8901557454397493,
    "max": 0.8901557454397493,
    "values": [
      0.8901557454397493
    ]
  },
  "weighted_accuracy": {
    "mean": 0.9022435897435898,
    "std": NaN,
    "min": 0.9022435897435898,
    "max": 0.9022435897435898,
    "values": [
      0.9022435897435898
    ]
  },
  "mean_auc": {
    "mean": 0.9714223098838483,
    "std": NaN,
    "min": 0.9714223098838483,
    "max": 0.9714223098838483,
    "values": [
      0.9714223098838483
    ]
  },
  "best_seed_idx": 0,
  "n_runs": 1
}