{
  "weighted_f1": 0.7277218477836442,
  "macro_f1": 0.6901346281174134,
  "weighted_accuracy": 0.7115384615384616,
  "weighted_precision": 0.7982213363464394,
  "weighted_recall": 0.7115384615384616,
  "per_class_auc": [
    0.8583959899749374
  ],
  "mean_auc": 0.8583959899749374,
  "confusion_matrix": [
    [
      35,
      7
    ],
    [
      38,
      76
    ]
  ],
  "report": "              precision    recall  f1-score   support\n\n           0       0.48      0.83      0.61        42\n           1       0.92      0.67      0.77       114\n\n    accuracy                           0.71       156\n   macro avg       0.70      0.75      0.69       156\nweighted avg       0.80      0.71      0.73       156\n",
  "seed": 0
}