{
  "weighted_f1": {
    "mean": 0.41104981534120416,
    "std": NaN,
    "min": 0.41104981534120416,
    "max": 0.41104981534120416,
    "values": [
      0.41104981534120416
    ]
  },
  "macro_f1": {
    "mean": 0.4110498153412042,
    "std": NaN,
    "min": 0.4110498153412042,
    "max": 0.4110498153412042,
    "values": [
      0.4110498153412042
    ]
  },
  "weighted_accuracy": {
    "mean": 0.4298,
    "std": NaN,
    "min": 0.4298,
    "max": 0.4298,
    "values": [
      0.4298
    ]
  },
  "mean_auc": {
    "mean": 0.9585766212121211,
    "std": NaN,
    "min": 0.9585766212121211,
    "max": 0.9585766212121211,
    "values": [
      0.9585766212121211
    ]
  },
  "best_seed_idx": 0,
  "n_runs": 1
}