{
  "train_loss": [
    4.59307705722385,
    4.382458455997043,
    4.1653895916408965,
    4.03900102496677,
    3.9513151394314234,
    3.8693286215888127,
    3.7893102144877115,
    3.724064364200168,
    3.667057361178928,
    3.6124492023891874,
    3.5740170922173395,
    3.5310054934183754,
    3.496029051208496,
    3.4646810908847385,
    3.4326717485215927,
    3.404753429328071,
    3.3787338843875463,
    3.3503484146965876,
    3.3313945024702285,
    3.311822373284234,
    3.29405923699273,
    3.279671569612291,
    3.2641784773508706,
    3.2430167522006563,
    3.231855138948229,
    3.2107109761979844,
    3.1955760379367404,
    3.181796398671468,
    3.171986609141032,
    3.1593316167195638,
    3.140379742728339,
    3.1381130760616727,
    3.117969046274821,
    3.1131834590064154,
    3.09112542131212,
    3.090385373602973,
    3.0820029612223308,
    3.071745244725545,
    3.058093437915378,
    3.0545697375827365,
    3.03684757232666,
    3.034933722983466,
    3.0229024548424617,
    3.01996553463406,
    3.0137185218811036,
    3.0018415571848553,
    2.9986904912312826,
    2.9837161986456975,
    2.9797369070688884,
    2.9664140833536785,
    2.9588732307857937,
    2.9622613757239447,
    2.9461530727386473,
    2.9393135987175834,
    2.9340109270307755,
    2.927910968102349,
    2.9218239012824165,
    2.9209245993296307,
    2.91229000515408,
    2.9134219579060874,
    2.908370479075114,
    2.8924362428453234,
    2.8863785658094616,
    2.8835899032592773,
    2.8853855278015135,
    2.8724083650377064,
    2.87182013092041,
    2.869837268363105,
    2.859767647722032,
    2.8529346770392525
  ],
  "train_acc": [
    0.016266666666666665,
    0.04022222222222222,
    0.06337777777777778,
    0.08075555555555555,
    0.09608888888888889,
    0.11133333333333334,
    0.13406666666666667,
    0.1494,
    0.16195555555555555,
    0.17466666666666666,
    0.1826,
    0.19246666666666667,
    0.20384444444444444,
    0.2106222222222222,
    0.2182,
    0.2280888888888889,
    0.23235555555555557,
    0.2422,
    0.2428,
    0.24931111111111112,
    0.2561333333333333,
    0.2577777777777778,
    0.26364444444444446,
    0.2688,
    0.2730666666666667,
    0.28026666666666666,
    0.2809111111111111,
    0.2870888888888889,
    0.2892,
    0.29444444444444445,
    0.3006,
    0.30366666666666664,
    0.3066888888888889,
    0.3088666666666667,
    0.31333333333333335,
    0.3138222222222222,
    0.31595555555555555,
    0.32206666666666667,
    0.3244666666666667,
    0.32511111111111113,
    0.3293333333333333,
    0.3332888888888889,
    0.3354666666666667,
    0.3367111111111111,
    0.3369333333333333,
    0.34397777777777777,
    0.3413555555555556,
    0.3483777777777778,
    0.3477777777777778,
    0.35055555555555556,
    0.35644444444444445,
    0.3522666666666667,
    0.36044444444444446,
    0.36062222222222223,
    0.3614,
    0.3648,
    0.36462222222222224,
    0.3681111111111111,
    0.37048888888888887,
    0.3695111111111111,
    0.37304444444444446,
    0.3719777777777778,
    0.3784666666666667,
    0.3788,
    0.3788888888888889,
    0.3796888888888889,
    0.3824,
    0.38306666666666667,
    0.38553333333333334,
    0.38755555555555554
  ],
  "val_loss": [
    4.541458863830567,
    4.170261067199707,
    3.992155200958252,
    3.8507665969848635,
    3.757305014038086,
    3.685066576385498,
    3.575073616027832,
    3.488689179992676,
    3.4181587341308592,
    3.36141985168457,
    3.309210706329346,
    3.2763608154296877,
    3.2487705181121824,
    3.1999333076477052,
    3.1541344444274904,
    3.1070911178588867,
    3.1149745697021483,
    3.0561976078033446,
    3.0337801502227784,
    3.0326074333190918,
    3.002376240539551,
    2.987794478607178,
    2.992523970794678,
    2.991198743057251,
    2.955155514907837,
    2.9032190040588377,
    2.9277838539123535,
    2.914460739517212,
    2.924940985870361,
    2.890449411392212,
    2.8921598457336426,
    2.8609932472229005,
    2.867312278366089,
    2.815207699584961,
    2.854898140335083,
    2.809977444076538,
    2.8129992225646974,
    2.8170460468292235,
    2.847888459777832,
    2.824291254043579,
    2.7666059280395507,
    2.8103250942230225,
    2.7791335243225097,
    2.8450606845855715,
    2.744484957885742,
    2.7412537300109863,
    2.7222507514953613,
    2.7344893173217772,
    2.72077286529541,
    2.7604842430114744,
    2.747345283508301,
    2.786925842666626,
    2.7323749530792236,
    2.724776040649414,
    2.711104097747803,
    2.6889904838562013,
    2.6935033401489257,
    2.6879273822784424,
    2.7045110786437987,
    2.6568339096069336,
    2.6984358718872072,
    2.6982406967163084,
    2.749796464920044,
    2.675926126098633,
    2.703923098373413,
    2.679054911804199,
    2.666790251159668,
    2.657891975402832,
    2.6736698486328123,
    2.6687347534179686
  ],
  "val_acc": [
    0.0242,
    0.0674,
    0.09,
    0.115,
    0.143,
    0.1588,
    0.178,
    0.2058,
    0.2186,
    0.2328,
    0.2444,
    0.2542,
    0.2556,
    0.274,
    0.277,
    0.2948,
    0.2994,
    0.3086,
    0.3128,
    0.312,
    0.3278,
    0.3342,
    0.327,
    0.3226,
    0.339,
    0.3554,
    0.3448,
    0.347,
    0.3442,
    0.3548,
    0.3568,
    0.3604,
    0.3652,
    0.3722,
    0.367,
    0.3826,
    0.3796,
    0.3822,
    0.377,
    0.386,
    0.3936,
    0.3792,
    0.3964,
    0.3828,
    0.395,
    0.4046,
    0.4082,
    0.407,
    0.4096,
    0.3982,
    0.3982,
    0.3924,
    0.4118,
    0.4124,
    0.4102,
    0.4236,
    0.4228,
    0.4248,
    0.4126,
    0.4268,
    0.417,
    0.4174,
    0.4108,
    0.4218,
    0.4204,
    0.4198,
    0.435,
    0.4314,
    0.4306,
    0.4282
  ],
  "best_val_loss": 2.6568339096069336,
  "total_time_s": 3938.8532156944275,
  "stopped_epoch": 70
}