{
  "weighted_f1": 0.1333040766898556,
  "macro_f1": 0.27498929597371463,
  "weighted_accuracy": 0.1456359102244389,
  "weighted_precision": 0.8115655196645118,
  "weighted_recall": 0.1456359102244389,
  "per_class_auc": [
    0.8724428399518652,
    0.9177258481108287,
    0.8525974025974026,
    0.7790549730180318,
    0.8414237039050193,
    0.8983877343827211,
    0.9763541812089906
  ],
  "mean_auc": 0.8768552404535513,
  "confusion_matrix": [
    [
      32,
      14,
      5,
      12,
      1,
      0,
      2
    ],
    [
      12,
      32,
      1,
      37,
      1,
      0,
      20
    ],
    [
      21,
      5,
      69,
      86,
      35,
      0,
      4
    ],
    [
      2,
      3,
      1,
      16,
      0,
      0,
      1
    ],
    [
      6,
      4,
      15,
      68,
      111,
      0,
      19
    ],
    [
      9,
      6,
      30,
      1018,
      166,
      5,
      107
    ],
    [
      0,
      0,
      0,
      2,
      0,
      0,
      27
    ]
  ],
  "report": "              precision    recall  f1-score   support\n\n           0       0.39      0.48      0.43        66\n           1       0.50      0.31      0.38       103\n           2       0.57      0.31      0.40       220\n           3       0.01      0.70      0.03        23\n           4       0.35      0.50      0.41       223\n           5       1.00      0.00      0.01      1341\n           6       0.15      0.93      0.26        29\n\n    accuracy                           0.15      2005\n   macro avg       0.43      0.46      0.27      2005\nweighted avg       0.81      0.15      0.13      2005\n",
  "seed": 0
}