{
  "weighted_f1": {
    "mean": 0.42158349065441636,
    "std": NaN,
    "min": 0.42158349065441636,
    "max": 0.42158349065441636,
    "values": [
      0.42158349065441636
    ]
  },
  "macro_f1": {
    "mean": 0.42158349065441647,
    "std": NaN,
    "min": 0.42158349065441647,
    "max": 0.42158349065441647,
    "values": [
      0.42158349065441647
    ]
  },
  "weighted_accuracy": {
    "mean": 0.4441,
    "std": NaN,
    "min": 0.4441,
    "max": 0.4441,
    "values": [
      0.4441
    ]
  },
  "mean_auc": {
    "mean": 0.9599353787878789,
    "std": NaN,
    "min": 0.9599353787878789,
    "max": 0.9599353787878789,
    "values": [
      0.9599353787878789
    ]
  },
  "best_seed_idx": 0,
  "n_runs": 1
}