{
  "weighted_f1": {
    "mean": 0.48877110869694196,
    "std": NaN,
    "min": 0.48877110869694196,
    "max": 0.48877110869694196,
    "values": [
      0.48877110869694196
    ]
  },
  "macro_f1": {
    "mean": 0.48877110869694207,
    "std": NaN,
    "min": 0.48877110869694207,
    "max": 0.48877110869694207,
    "values": [
      0.48877110869694207
    ]
  },
  "weighted_accuracy": {
    "mean": 0.5009,
    "std": NaN,
    "min": 0.5009,
    "max": 0.5009,
    "values": [
      0.5009
    ]
  },
  "mean_auc": {
    "mean": 0.9659234040404041,
    "std": NaN,
    "min": 0.9659234040404041,
    "max": 0.9659234040404041,
    "values": [
      0.9659234040404041
    ]
  },
  "best_seed_idx": 0,
  "n_runs": 1
}