{
  "weighted_f1": {
    "mean": 0.9921998147009202,
    "std": NaN,
    "min": 0.9921998147009202,
    "max": 0.9921998147009202,
    "values": [
      0.9921998147009202
    ]
  },
  "macro_f1": {
    "mean": 0.9920593027117907,
    "std": NaN,
    "min": 0.9920593027117907,
    "max": 0.9920593027117907,
    "values": [
      0.9920593027117907
    ]
  },
  "weighted_accuracy": {
    "mean": 0.9922,
    "std": NaN,
    "min": 0.9922,
    "max": 0.9922,
    "values": [
      0.9922
    ]
  },
  "mean_auc": {
    "mean": 0.9998411414579719,
    "std": NaN,
    "min": 0.9998411414579719,
    "max": 0.9998411414579719,
    "values": [
      0.9998411414579719
    ]
  },
  "best_seed_idx": 0,
  "n_runs": 1
}