{
  "weighted_f1": {
    "mean": 0.4352589973302733,
    "std": 0.005546805699285527,
    "min": 0.42888257518492146,
    "max": 0.44408160776717776,
    "values": [
      0.43529553485905087,
      0.43315516679030397,
      0.4348801020499121,
      0.42888257518492146,
      0.44408160776717776
    ]
  },
  "macro_f1": {
    "mean": 0.4352589973302733,
    "std": 0.005546805699285454,
    "min": 0.4288825751849216,
    "max": 0.4440816077671777,
    "values": [
      0.43529553485905104,
      0.433155166790304,
      0.434880102049912,
      0.4288825751849216,
      0.4440816077671777
    ]
  },
  "weighted_accuracy": {
    "mean": 0.45363999999999993,
    "std": 0.005890076400183603,
    "min": 0.4479,
    "max": 0.4634,
    "values": [
      0.4538,
      0.4506,
      0.4525,
      0.4479,
      0.4634
    ]
  },
  "mean_auc": {
    "mean": 0.9626069333333334,
    "std": 0.0009961734766249105,
    "min": 0.9617830606060607,
    "max": 0.9642425858585858,
    "values": [
      0.9619432222222223,
      0.9622466767676768,
      0.9628191212121212,
      0.9617830606060607,
      0.9642425858585858
    ]
  },
  "best_seed_idx": 4,
  "n_runs": 5
}