{
  "weighted_f1": {
    "mean": 0.7632756361006915,
    "std": NaN,
    "min": 0.7632756361006915,
    "max": 0.7632756361006915,
    "values": [
      0.7632756361006915
    ]
  },
  "macro_f1": {
    "mean": 0.7250418041307001,
    "std": NaN,
    "min": 0.7250418041307001,
    "max": 0.7250418041307001,
    "values": [
      0.7250418041307001
    ]
  },
  "weighted_accuracy": {
    "mean": 0.75,
    "std": NaN,
    "min": 0.75,
    "max": 0.75,
    "values": [
      0.75
    ]
  },
  "mean_auc": {
    "mean": 0.8703007518796992,
    "std": NaN,
    "min": 0.8703007518796992,
    "max": 0.8703007518796992,
    "values": [
      0.8703007518796992
    ]
  },
  "best_seed_idx": 0,
  "n_runs": 1
}