{
  "weighted_f1": 0.9027934647685719,
  "macro_f1": 0.895328942218445,
  "weighted_accuracy": 0.9038461538461539,
  "weighted_precision": 0.9041949074922147,
  "weighted_recall": 0.9038461538461539,
  "per_class_auc": [
    0.9584703046241508
  ],
  "mean_auc": 0.9584703046241508,
  "confusion_matrix": [
    [
      193,
      41
    ],
    [
      19,
      371
    ]
  ],
  "report": "              precision    recall  f1-score   support\n\n           0       0.91      0.82      0.87       234\n           1       0.90      0.95      0.93       390\n\n    accuracy                           0.90       624\n   macro avg       0.91      0.89      0.90       624\nweighted avg       0.90      0.90      0.90       624\n",
  "seed": 1
}