{
  "weighted_f1": 0.8557345551285841,
  "macro_f1": 0.8413715637008572,
  "weighted_accuracy": 0.8621794871794872,
  "weighted_precision": 0.8757290562036055,
  "weighted_recall": 0.8621794871794872,
  "per_class_auc": [
    0.9558842866535174
  ],
  "mean_auc": 0.9558842866535174,
  "confusion_matrix": [
    [
      156,
      78
    ],
    [
      8,
      382
    ]
  ],
  "report": "              precision    recall  f1-score   support\n\n           0       0.95      0.67      0.78       234\n           1       0.83      0.98      0.90       390\n\n    accuracy                           0.86       624\n   macro avg       0.89      0.82      0.84       624\nweighted avg       0.88      0.86      0.86       624\n",
  "seed": 0
}