{
  "weighted_f1": 0.8881206752120079,
  "macro_f1": 0.8782690520179475,
  "weighted_accuracy": 0.8910256410256411,
  "weighted_precision": 0.8963497950419674,
  "weighted_recall": 0.8910256410256411,
  "per_class_auc": [
    0.9628205128205127
  ],
  "mean_auc": 0.9628205128205127,
  "confusion_matrix": [
    [
      177,
      57
    ],
    [
      11,
      379
    ]
  ],
  "report": "              precision    recall  f1-score   support\n\n           0       0.94      0.76      0.84       234\n           1       0.87      0.97      0.92       390\n\n    accuracy                           0.89       624\n   macro avg       0.91      0.86      0.88       624\nweighted avg       0.90      0.89      0.89       624\n",
  "seed": 4
}