{
  "weighted_f1": 0.8624445758202779,
  "macro_f1": 0.8487496305054685,
  "weighted_accuracy": 0.8685897435897436,
  "weighted_precision": 0.8830196182396606,
  "weighted_recall": 0.8685897435897436,
  "per_class_auc": [
    0.953605084374315
  ],
  "mean_auc": 0.953605084374315,
  "confusion_matrix": [
    [
      158,
      76
    ],
    [
      6,
      384
    ]
  ],
  "report": "              precision    recall  f1-score   support\n\n           0       0.96      0.68      0.79       234\n           1       0.83      0.98      0.90       390\n\n    accuracy                           0.87       624\n   macro avg       0.90      0.83      0.85       624\nweighted avg       0.88      0.87      0.86       624\n",
  "seed": 7
}