{
  "weighted_f1": 0.8895231336601881,
  "macro_f1": 0.8796376000069095,
  "weighted_accuracy": 0.8926282051282052,
  "weighted_precision": 0.8991827248660962,
  "weighted_recall": 0.8926282051282052,
  "per_class_auc": [
    0.9581306158229235
  ],
  "mean_auc": 0.9581306158229235,
  "confusion_matrix": [
    [
      176,
      58
    ],
    [
      9,
      381
    ]
  ],
  "report": "              precision    recall  f1-score   support\n\n           0       0.95      0.75      0.84       234\n           1       0.87      0.98      0.92       390\n\n    accuracy                           0.89       624\n   macro avg       0.91      0.86      0.88       624\nweighted avg       0.90      0.89      0.89       624\n",
  "seed": 6
}