{
  "weighted_f1": 0.8851468212348116,
  "macro_f1": 0.8742108230812154,
  "weighted_accuracy": 0.8894230769230769,
  "weighted_precision": 0.9012518744472783,
  "weighted_recall": 0.8894230769230769,
  "per_class_auc": [
    0.9705018628095552
  ],
  "mean_auc": 0.9705018628095552,
  "confusion_matrix": [
    [
      169,
      65
    ],
    [
      4,
      386
    ]
  ],
  "report": "              precision    recall  f1-score   support\n\n           0       0.98      0.72      0.83       234\n           1       0.86      0.99      0.92       390\n\n    accuracy                           0.89       624\n   macro avg       0.92      0.86      0.87       624\nweighted avg       0.90      0.89      0.89       624\n",
  "seed": 2
}