{
  "weighted_f1": 0.8606417993944003,
  "macro_f1": 0.846699837500407,
  "weighted_accuracy": 0.8669871794871795,
  "weighted_precision": 0.8818036942895545,
  "weighted_recall": 0.8669871794871795,
  "per_class_auc": [
    0.9607056760902914
  ],
  "mean_auc": 0.9607056760902914,
  "confusion_matrix": [
    [
      157,
      77
    ],
    [
      6,
      384
    ]
  ],
  "report": "              precision    recall  f1-score   support\n\n           0       0.96      0.67      0.79       234\n           1       0.83      0.98      0.90       390\n\n    accuracy                           0.87       624\n   macro avg       0.90      0.83      0.85       624\nweighted avg       0.88      0.87      0.86       624\n",
  "seed": 9
}