{
  "weighted_f1": 0.8877903960338963,
  "macro_f1": 0.8776964316596529,
  "weighted_accuracy": 0.8910256410256411,
  "weighted_precision": 0.8978507905138341,
  "weighted_recall": 0.8910256410256411,
  "per_class_auc": [
    0.9641683103221564
  ],
  "mean_auc": 0.9641683103221564,
  "confusion_matrix": [
    [
      175,
      59
    ],
    [
      9,
      381
    ]
  ],
  "report": "              precision    recall  f1-score   support\n\n           0       0.95      0.75      0.84       234\n           1       0.87      0.98      0.92       390\n\n    accuracy                           0.89       624\n   macro avg       0.91      0.86      0.88       624\nweighted avg       0.90      0.89      0.89       624\n",
  "seed": 3
}