{
  "weighted_f1": 0.8755657588363027,
  "macro_f1": 0.8639562567040787,
  "weighted_accuracy": 0.8798076923076923,
  "weighted_precision": 0.8886503241951996,
  "weighted_recall": 0.8798076923076923,
  "per_class_auc": [
    0.9579114617576157
  ],
  "mean_auc": 0.9579114617576157,
  "confusion_matrix": [
    [
      168,
      66
    ],
    [
      9,
      381
    ]
  ],
  "report": "              precision    recall  f1-score   support\n\n           0       0.95      0.72      0.82       234\n           1       0.85      0.98      0.91       390\n\n    accuracy                           0.88       624\n   macro avg       0.90      0.85      0.86       624\nweighted avg       0.89      0.88      0.88       624\n",
  "seed": 8
}