{
  "weighted_f1": 0.8976638111994516,
  "macro_f1": 0.8976638111994516,
  "weighted_accuracy": 0.8969,
  "weighted_precision": 0.8992456111400987,
  "weighted_recall": 0.8969,
  "per_class_auc": [
    0.9914927777777779,
    0.9974741111111112,
    0.9850531111111112,
    0.9775268888888891,
    0.9880629444444444,
    0.9822424444444444,
    0.9933709999999999,
    0.9956635555555554,
    0.9961437777777777,
    0.9936808888888888
  ],
  "mean_auc": 0.99007115,
  "confusion_matrix": [
    [
      900,
      9,
      32,
      13,
      2,
      2,
      1,
      2,
      25,
      14
    ],
    [
      1,
      961,
      0,
      3,
      1,
      0,
      0,
      0,
      6,
      28
    ],
    [
      13,
      1,
      875,
      31,
      31,
      26,
      16,
      3,
      3,
      1
    ],
    [
      5,
      2,
      22,
      835,
      13,
      97,
      14,
      7,
      2,
      3
    ],
    [
      10,
      1,
      25,
      50,
      860,
      27,
      11,
      12,
      2,
      2
    ],
    [
      4,
      2,
      21,
      112,
      12,
      825,
      4,
      18,
      1,
      1
    ],
    [
      6,
      1,
      17,
      35,
      7,
      8,
      923,
      0,
      1,
      2
    ],
    [
      7,
      0,
      9,
      23,
      10,
      21,
      1,
      928,
      0,
      1
    ],
    [
      28,
      10,
      6,
      8,
      0,
      1,
      0,
      0,
      938,
      9
    ],
    [
      16,
      38,
      1,
      7,
      0,
      2,
      0,
      1,
      11,
      924
    ]
  ],
  "report": "              precision    recall  f1-score   support\n\n           0       0.91      0.90      0.90      1000\n           1       0.94      0.96      0.95      1000\n           2       0.87      0.88      0.87      1000\n           3       0.75      0.83      0.79      1000\n           4       0.92      0.86      0.89      1000\n           5       0.82      0.82      0.82      1000\n           6       0.95      0.92      0.94      1000\n           7       0.96      0.93      0.94      1000\n           8       0.95      0.94      0.94      1000\n           9       0.94      0.92      0.93      1000\n\n    accuracy                           0.90     10000\n   macro avg       0.90      0.90      0.90     10000\nweighted avg       0.90      0.90      0.90     10000\n",
  "seed": 0
}