{
  "weighted_f1": {
    "mean": 0.8915380477154405,
    "std": NaN,
    "min": 0.8915380477154405,
    "max": 0.8915380477154405,
    "values": [
      0.8915380477154405
    ]
  },
  "macro_f1": {
    "mean": 0.8645033303925397,
    "std": NaN,
    "min": 0.8645033303925397,
    "max": 0.8645033303925397,
    "values": [
      0.8645033303925397
    ]
  },
  "weighted_accuracy": {
    "mean": 0.8965181058495821,
    "std": NaN,
    "min": 0.8965181058495821,
    "max": 0.8965181058495821,
    "values": [
      0.8965181058495821
    ]
  },
  "mean_auc": {
    "mean": 0.9854115830129478,
    "std": NaN,
    "min": 0.9854115830129478,
    "max": 0.9854115830129478,
    "values": [
      0.9854115830129478
    ]
  },
  "best_seed_idx": 0,
  "n_runs": 1
}