{
  "weighted_f1": 0.8609203296703297,
  "macro_f1": 0.8258928571428572,
  "weighted_accuracy": 0.8589743589743589,
  "weighted_precision": 0.8641228336880511,
  "weighted_recall": 0.8589743589743589,
  "per_class_auc": [
    0.9060150375939849
  ],
  "mean_auc": 0.9060150375939849,
  "confusion_matrix": [
    [
      33,
      9
    ],
    [
      13,
      101
    ]
  ],
  "report": "              precision    recall  f1-score   support\n\n           0       0.72      0.79      0.75        42\n           1       0.92      0.89      0.90       114\n\n    accuracy                           0.86       156\n   macro avg       0.82      0.84      0.83       156\nweighted avg       0.86      0.86      0.86       156\n",
  "seed": 0
}