{
  "weighted_f1": 0.9978354386153476,
  "macro_f1": 0.9977998973261991,
  "weighted_accuracy": 0.997834977146981,
  "weighted_precision": 0.9978365883904383,
  "weighted_recall": 0.997834977146981,
  "per_class_auc": [
    0.9999980728835444,
    0.9997629716877989,
    0.9998846511627907,
    0.9999348743263269
  ],
  "mean_auc": 0.9998951425151152,
  "confusion_matrix": [
    [
      979,
      0,
      0,
      1
    ],
    [
      0,
      1134,
      1,
      0
    ],
    [
      1,
      0,
      1029,
      2
    ],
    [
      0,
      0,
      4,
      1006
    ]
  ],
  "report": "              precision    recall  f1-score   support\n\n           0       1.00      1.00      1.00       980\n           1       1.00      1.00      1.00      1135\n           2       1.00      1.00      1.00      1032\n           3       1.00      1.00      1.00      1010\n\n    accuracy                           1.00      4157\n   macro avg       1.00      1.00      1.00      4157\nweighted avg       1.00      1.00      1.00      4157\n",
  "seed": 8
}