{
  "weighted_f1": 0.9963899221475148,
  "macro_f1": 0.9963964852736135,
  "weighted_accuracy": 0.9963916285783017,
  "weighted_precision": 0.9963900665174821,
  "weighted_recall": 0.9963916285783017,
  "per_class_auc": [
    0.9999993576278481,
    0.9999790085627571,
    0.9999410852713179,
    0.9999726283400504
  ],
  "mean_auc": 0.9999730199504934,
  "confusion_matrix": [
    [
      980,
      0,
      0,
      0
    ],
    [
      0,
      1133,
      2,
      0
    ],
    [
      2,
      3,
      1024,
      3
    ],
    [
      0,
      1,
      4,
      1005
    ]
  ],
  "report": "              precision    recall  f1-score   support\n\n           0       1.00      1.00      1.00       980\n           1       1.00      1.00      1.00      1135\n           2       0.99      0.99      0.99      1032\n           3       1.00      1.00      1.00      1010\n\n    accuracy                           1.00      4157\n   macro avg       1.00      1.00      1.00      4157\nweighted avg       1.00      1.00      1.00      4157\n",
  "seed": 2
}