{
  "weighted_f1": 0.9966329362153621,
  "macro_f1": 0.9966091209654956,
  "weighted_accuracy": 0.9966321866730815,
  "weighted_precision": 0.9966343439098255,
  "weighted_recall": 0.9966321866730815,
  "per_class_auc": [
    0.9999974305113926,
    0.9999947521406892,
    0.9999693023255815,
    0.999988359179102
  ],
  "mean_auc": 0.9999874610391913,
  "confusion_matrix": [
    [
      978,
      0,
      1,
      1
    ],
    [
      0,
      1132,
      3,
      0
    ],
    [
      2,
      1,
      1026,
      3
    ],
    [
      0,
      0,
      3,
      1007
    ]
  ],
  "report": "              precision    recall  f1-score   support\n\n           0       1.00      1.00      1.00       980\n           1       1.00      1.00      1.00      1135\n           2       0.99      0.99      0.99      1032\n           3       1.00      1.00      1.00      1010\n\n    accuracy                           1.00      4157\n   macro avg       1.00      1.00      1.00      4157\nweighted avg       1.00      1.00      1.00      4157\n",
  "seed": 9
}