{
  "weighted_f1": 0.9975956529357006,
  "macro_f1": 0.9975869098875565,
  "weighted_accuracy": 0.9975944190522011,
  "weighted_precision": 0.9975991454831666,
  "weighted_recall": 0.9975944190522011,
  "per_class_auc": [
    1.0,
    0.9999965014271261,
    0.9999708527131783,
    0.9999757745078608
  ],
  "mean_auc": 0.9999857821620413,
  "confusion_matrix": [
    [
      979,
      0,
      0,
      1
    ],
    [
      0,
      1132,
      3,
      0
    ],
    [
      0,
      0,
      1028,
      4
    ],
    [
      0,
      0,
      2,
      1008
    ]
  ],
  "report": "              precision    recall  f1-score   support\n\n           0       1.00      1.00      1.00       980\n           1       1.00      1.00      1.00      1135\n           2       1.00      1.00      1.00      1032\n           3       1.00      1.00      1.00      1010\n\n    accuracy                           1.00      4157\n   macro avg       1.00      1.00      1.00      4157\nweighted avg       1.00      1.00      1.00      4157\n",
  "seed": 4
}