{
  "weighted_f1": 0.9963933180678395,
  "macro_f1": 0.9963897094612542,
  "weighted_accuracy": 0.9963916285783017,
  "weighted_precision": 0.9964008706477183,
  "weighted_recall": 0.9963916285783017,
  "per_class_auc": [
    0.9999974305113924,
    0.9999900873768576,
    0.9997038759689922,
    0.9998011621943891
  ],
  "mean_auc": 0.9998731390129079,
  "confusion_matrix": [
    [
      978,
      1,
      1,
      0
    ],
    [
      0,
      1132,
      3,
      0
    ],
    [
      2,
      1,
      1028,
      1
    ],
    [
      0,
      1,
      5,
      1004
    ]
  ],
  "report": "              precision    recall  f1-score   support\n\n           0       1.00      1.00      1.00       980\n           1       1.00      1.00      1.00      1135\n           2       0.99      1.00      0.99      1032\n           3       1.00      0.99      1.00      1010\n\n    accuracy                           1.00      4157\n   macro avg       1.00      1.00      1.00      4157\nweighted avg       1.00      1.00      1.00      4157\n",
  "seed": 1
}