{
  "weighted_f1": 0.9992785496164726,
  "macro_f1": 0.9992617690974782,
  "weighted_accuracy": 0.9992783257156603,
  "weighted_precision": 0.99928041752518,
  "weighted_recall": 0.9992783257156603,
  "per_class_auc": [
    0.9999993576278481,
    1.0,
    0.9998384496124031,
    0.9998832771742379
  ],
  "mean_auc": 0.9999302711036222,
  "confusion_matrix": [
    [
      979,
      0,
      1,
      0
    ],
    [
      0,
      1135,
      0,
      0
    ],
    [
      0,
      0,
      1032,
      0
    ],
    [
      0,
      0,
      2,
      1008
    ]
  ],
  "report": "              precision    recall  f1-score   support\n\n           0       1.00      1.00      1.00       980\n           1       1.00      1.00      1.00      1135\n           2       1.00      1.00      1.00      1032\n           3       1.00      1.00      1.00      1010\n\n    accuracy                           1.00      4157\n   macro avg       1.00      1.00      1.00      4157\nweighted avg       1.00      1.00      1.00      4157\n",
  "seed": 7
}