{
  "weighted_f1": 0.9975974912095642,
  "macro_f1": 0.9976012272732229,
  "weighted_accuracy": 0.9975944190522011,
  "weighted_precision": 0.9976105957763403,
  "weighted_recall": 0.9975944190522011,
  "per_class_auc": [
    0.9999938974645571,
    0.9999994169045211,
    0.9998663565891474,
    0.9999625606030574
  ],
  "mean_auc": 0.9999555578903208,
  "confusion_matrix": [
    [
      978,
      0,
      2,
      0
    ],
    [
      0,
      1131,
      4,
      0
    ],
    [
      0,
      0,
      1031,
      1
    ],
    [
      0,
      0,
      3,
      1007
    ]
  ],
  "report": "              precision    recall  f1-score   support\n\n           0       1.00      1.00      1.00       980\n           1       1.00      1.00      1.00      1135\n           2       0.99      1.00      1.00      1032\n           3       1.00      1.00      1.00      1010\n\n    accuracy                           1.00      4157\n   macro avg       1.00      1.00      1.00      4157\nweighted avg       1.00      1.00      1.00      4157\n",
  "seed": 0
}