{
  "weighted_f1": 0.9973550378696814,
  "macro_f1": 0.9973233427327399,
  "weighted_accuracy": 0.9973538609574212,
  "weighted_precision": 0.9973582776851306,
  "weighted_recall": 0.9973538609574212,
  "per_class_auc": [
    0.9999967881392406,
    0.9999810493969334,
    0.9999386046511628,
    0.9999751452742986
  ],
  "mean_auc": 0.9999728968654089,
  "confusion_matrix": [
    [
      979,
      0,
      1,
      0
    ],
    [
      0,
      1133,
      2,
      0
    ],
    [
      2,
      0,
      1028,
      2
    ],
    [
      0,
      0,
      4,
      1006
    ]
  ],
  "report": "              precision    recall  f1-score   support\n\n           0       1.00      1.00      1.00       980\n           1       1.00      1.00      1.00      1135\n           2       0.99      1.00      0.99      1032\n           3       1.00      1.00      1.00      1010\n\n    accuracy                           1.00      4157\n   macro avg       1.00      1.00      1.00      4157\nweighted avg       1.00      1.00      1.00      4157\n",
  "seed": 5
}