{
  "weighted_f1": 0.9971137464527678,
  "macro_f1": 0.9970814720479468,
  "weighted_accuracy": 0.9971133028626413,
  "weighted_precision": 0.9971151280420699,
  "weighted_recall": 0.9971133028626413,
  "per_class_auc": [
    0.9999993576278481,
    0.999999416904521,
    0.9999289922480621,
    0.9999559536506558
  ],
  "mean_auc": 0.9999709301077717,
  "confusion_matrix": [
    [
      979,
      0,
      1,
      0
    ],
    [
      0,
      1134,
      1,
      0
    ],
    [
      1,
      1,
      1027,
      3
    ],
    [
      0,
      0,
      5,
      1005
    ]
  ],
  "report": "              precision    recall  f1-score   support\n\n           0       1.00      1.00      1.00       980\n           1       1.00      1.00      1.00      1135\n           2       0.99      1.00      0.99      1032\n           3       1.00      1.00      1.00      1010\n\n    accuracy                           1.00      4157\n   macro avg       1.00      1.00      1.00      4157\nweighted avg       1.00      1.00      1.00      4157\n",
  "seed": 6
}