{
  "weighted_f1": 0.9968751650747616,
  "macro_f1": 0.9968522078653442,
  "weighted_accuracy": 0.9968727447678615,
  "weighted_precision": 0.9968815396179398,
  "weighted_recall": 0.9968727447678615,
  "per_class_auc": [
    1.0,
    0.9999947521406893,
    0.999813023255814,
    0.9996992263573354
  ],
  "mean_auc": 0.9998767504384596,
  "confusion_matrix": [
    [
      978,
      0,
      2,
      0
    ],
    [
      0,
      1133,
      2,
      0
    ],
    [
      0,
      1,
      1028,
      3
    ],
    [
      0,
      0,
      5,
      1005
    ]
  ],
  "report": "              precision    recall  f1-score   support\n\n           0       1.00      1.00      1.00       980\n           1       1.00      1.00      1.00      1135\n           2       0.99      1.00      0.99      1032\n           3       1.00      1.00      1.00      1010\n\n    accuracy                           1.00      4157\n   macro avg       1.00      1.00      1.00      4157\nweighted avg       1.00      1.00      1.00      4157\n",
  "seed": 3
}