{
  "weighted_f1": 0.5051786898918729,
  "macro_f1": 0.3788289373006039,
  "weighted_accuracy": 0.41546134663341644,
  "weighted_precision": 0.7828886462226217,
  "weighted_recall": 0.41546134663341644,
  "per_class_auc": [
    0.9083329426289717,
    0.9412626463712189,
    0.8712299465240639,
    0.746676611240293,
    0.8438017443996517,
    0.905317017510759,
    0.9794080692447299
  ],
  "mean_auc": 0.8851469968456698,
  "confusion_matrix": [
    [
      38,
      14,
      5,
      6,
      2,
      1,
      0
    ],
    [
      11,
      43,
      4,
      34,
      4,
      0,
      7
    ],
    [
      24,
      23,
      69,
      61,
      36,
      5,
      2
    ],
    [
      3,
      3,
      1,
      16,
      0,
      0,
      0
    ],
    [
      10,
      7,
      14,
      52,
      117,
      13,
      10
    ],
    [
      17,
      17,
      36,
      521,
      146,
      522,
      82
    ],
    [
      0,
      0,
      0,
      1,
      0,
      0,
      28
    ]
  ],
  "report": "              precision    recall  f1-score   support\n\n           0       0.37      0.58      0.45        66\n           1       0.40      0.42      0.41       103\n           2       0.53      0.31      0.40       220\n           3       0.02      0.70      0.04        23\n           4       0.38      0.52      0.44       223\n           5       0.96      0.39      0.55      1341\n           6       0.22      0.97      0.35        29\n\n    accuracy                           0.42      2005\n   macro avg       0.41      0.55      0.38      2005\nweighted avg       0.78      0.42      0.51      2005\n",
  "seed": 0
}