{
  "train_loss": [
    4.5984090040418835,
    4.402260361565484,
    4.153263670518664,
    4.021118335808648,
    3.9356656277126736,
    3.8535556736840144,
    3.7853140828026666,
    3.721934681532118,
    3.65878754925198,
    3.6119868133121065,
    3.5748799133724636,
    3.5345943431854248,
    3.509724419148763,
    3.477270044284397,
    3.4425899369133846,
    3.422114867316352,
    3.3962326923794217,
    3.372927655368381,
    3.3469930807325574,
    3.3314301548428005,
    3.3167329158359102,
    3.296073737886217,
    3.2789845801883275,
    3.257778411187066,
    3.247790285958184,
    3.2317182449764674,
    3.2180372724321153,
    3.2058452748192683,
    3.1915346623738605,
    3.181314840698242,
    3.162906139755249,
    3.159750777562459,
    3.145805757353041,
    3.1452554734124076,
    3.125893449910482,
    3.1264000803629557,
    3.113021742163764,
    3.101703709496392,
    3.094033031548394,
    3.0939132520039876,
    3.08968962181939,
    3.08455787586636,
    3.0796869119856094,
    3.078177582889133,
    3.070508211432563,
    3.0644417842441136,
    3.0634283398522273,
    3.067673232269287,
    3.058740034145779,
    3.0607814759572345
  ],
  "train_acc": [
    0.015333333333333332,
    0.038288888888888886,
    0.06666666666666667,
    0.08373333333333334,
    0.10222222222222223,
    0.12193333333333334,
    0.13882222222222224,
    0.1514888888888889,
    0.16513333333333333,
    0.17428888888888888,
    0.1832,
    0.19042222222222221,
    0.19993333333333332,
    0.20657777777777778,
    0.21337777777777778,
    0.21635555555555555,
    0.2268,
    0.23191111111111112,
    0.2408888888888889,
    0.2422888888888889,
    0.24766666666666667,
    0.25377777777777777,
    0.2576222222222222,
    0.26515555555555553,
    0.2645111111111111,
    0.27286666666666665,
    0.27382222222222224,
    0.27571111111111113,
    0.28071111111111113,
    0.2842222222222222,
    0.2869111111111111,
    0.28942222222222225,
    0.2939111111111111,
    0.29446666666666665,
    0.29993333333333333,
    0.3001333333333333,
    0.3037111111111111,
    0.3076888888888889,
    0.307,
    0.30606666666666665,
    0.30822222222222223,
    0.31295555555555554,
    0.31266666666666665,
    0.3155777777777778,
    0.3159777777777778,
    0.3189111111111111,
    0.3172888888888889,
    0.3138666666666667,
    0.3179777777777778,
    0.31866666666666665
  ],
  "val_loss": [
    4.564697045898438,
    4.166709856414795,
    3.9455012245178223,
    3.8123991569519045,
    3.7342842514038086,
    3.627082177734375,
    3.5360487564086913,
    3.4751004947662354,
    3.406460910797119,
    3.3455377212524415,
    3.2874410301208496,
    3.238684707260132,
    3.2113517387390136,
    3.174585266494751,
    3.1501233894348144,
    3.105990034484863,
    3.095167881011963,
    3.0946938297271727,
    3.0493292839050294,
    3.027169560623169,
    3.034820621109009,
    2.9830358123779295,
    2.963207935333252,
    2.942638254547119,
    2.9418838314056397,
    2.939562566757202,
    2.9248029560089113,
    2.941476237487793,
    2.8922970165252684,
    2.8971689933776856,
    2.8781336833953857,
    2.831622693634033,
    2.8807931648254392,
    2.8447193702697753,
    2.8240659393310548,
    2.8398834716796877,
    2.841266249847412,
    2.832501076889038,
    2.8257713188171385,
    2.818239617919922,
    2.8148873863220216,
    2.8060004528045654,
    2.80290330657959,
    2.8074736175537107,
    2.7991074752807616,
    2.7989767387390136,
    2.797631229019165,
    2.7908574672698974,
    2.79513730430603,
    2.7989235549926756
  ],
  "val_acc": [
    0.0268,
    0.0708,
    0.0966,
    0.127,
    0.1466,
    0.1758,
    0.1964,
    0.2108,
    0.2144,
    0.2378,
    0.2464,
    0.2632,
    0.2696,
    0.284,
    0.2846,
    0.2992,
    0.3048,
    0.302,
    0.3182,
    0.3246,
    0.3204,
    0.327,
    0.3368,
    0.3366,
    0.3456,
    0.3422,
    0.3488,
    0.3382,
    0.3602,
    0.3554,
    0.3662,
    0.3774,
    0.3658,
    0.3716,
    0.3752,
    0.3752,
    0.3804,
    0.3802,
    0.3798,
    0.3808,
    0.387,
    0.386,
    0.387,
    0.3866,
    0.3896,
    0.3898,
    0.3898,
    0.394,
    0.3932,
    0.3926
  ],
  "best_val_loss": 2.7908574672698974,
  "total_time_s": 1939.8463909626007,
  "stopped_epoch": 50
}