{
  "train_loss": [
    4.58671003282335,
    4.368869642384847,
    4.172067366451687,
    4.045975913662381,
    3.9440011760287814,
    3.8641174961513944,
    3.776535910542806,
    3.7135713709089493,
    3.6585294389512804,
    3.6119578148312037,
    3.5684812032911513,
    3.5329429134368895,
    3.5022264840867785,
    3.4726461697896323,
    3.4470489452785915,
    3.4245081331888834,
    3.404347457461887,
    3.3778070739746093,
    3.354711232248942,
    3.3394224387698705,
    3.311616611480713,
    3.30140452647739,
    3.281341937467787,
    3.269030916129218,
    3.2570927321116128,
    3.2299659329308406,
    3.2171505001068117,
    3.2081428863101533,
    3.1953826396518283,
    3.175452400970459,
    3.167761611090766,
    3.1526562719133167,
    3.142445408291287,
    3.134293525356717,
    3.1242879181755914,
    3.116886837641398,
    3.108798730723063,
    3.1016099000718858,
    3.0922779786851673,
    3.0840280044555666,
    3.075092311223348,
    3.0731387841966415,
    3.06467875734965,
    3.0697475469377307,
    3.063095983039008,
    3.0562952736324736,
    3.0530010694715712,
    3.0579857287512886,
    3.0569848589579265,
    3.0541037708706327
  ],
  "train_acc": [
    0.016355555555555557,
    0.04006666666666667,
    0.061511111111111114,
    0.08291111111111112,
    0.10184444444444445,
    0.11753333333333334,
    0.13893333333333333,
    0.15035555555555555,
    0.1660222222222222,
    0.17646666666666666,
    0.1857111111111111,
    0.19291111111111112,
    0.20126666666666668,
    0.2079111111111111,
    0.21424444444444443,
    0.21866666666666668,
    0.22262222222222222,
    0.22933333333333333,
    0.23533333333333334,
    0.2427111111111111,
    0.2461111111111111,
    0.24964444444444445,
    0.2548888888888889,
    0.2594222222222222,
    0.2637111111111111,
    0.26726666666666665,
    0.27626666666666666,
    0.27564444444444447,
    0.28142222222222224,
    0.28535555555555553,
    0.28786666666666666,
    0.2966666666666667,
    0.29706666666666665,
    0.29615555555555556,
    0.29946666666666666,
    0.2994222222222222,
    0.3058444444444444,
    0.30424444444444443,
    0.30835555555555555,
    0.31044444444444447,
    0.3137111111111111,
    0.3132888888888889,
    0.3178888888888889,
    0.3144,
    0.3188,
    0.31775555555555557,
    0.3218,
    0.3199777777777778,
    0.31804444444444446,
    0.31904444444444446
  ],
  "val_loss": [
    4.505112409973145,
    4.176579511260987,
    4.0058806510925296,
    3.8786751556396486,
    3.7369744777679443,
    3.6395054878234863,
    3.519299843597412,
    3.4528295585632325,
    3.390703698730469,
    3.31036519241333,
    3.293129887008667,
    3.2688572715759276,
    3.2214738876342772,
    3.1629492946624755,
    3.143160353088379,
    3.1296492504119873,
    3.0871928829193114,
    3.112483106994629,
    3.047896075820923,
    3.0347871604919434,
    3.024463877487183,
    2.9922778221130373,
    2.959676490020752,
    2.9577047218322754,
    2.9178341648101807,
    2.9417973392486574,
    2.9068985275268555,
    2.8832553401947023,
    2.8765317295074464,
    2.8597256225585936,
    2.864383283996582,
    2.8481739936828614,
    2.832788111114502,
    2.807427039337158,
    2.8270252578735353,
    2.7964256080627443,
    2.801198864364624,
    2.7941001735687254,
    2.779689557647705,
    2.7895298740386965,
    2.77802853012085,
    2.775524031829834,
    2.7633580753326417,
    2.76894669342041,
    2.7596498363494875,
    2.761193549346924,
    2.7662923835754394,
    2.760500807952881,
    2.7688893436431883,
    2.7616321006774904
  ],
  "val_acc": [
    0.0334,
    0.062,
    0.0964,
    0.1172,
    0.1444,
    0.1708,
    0.2048,
    0.219,
    0.2326,
    0.2444,
    0.2572,
    0.2542,
    0.2688,
    0.2812,
    0.2948,
    0.2954,
    0.2974,
    0.291,
    0.3136,
    0.3152,
    0.3264,
    0.3278,
    0.341,
    0.3428,
    0.35,
    0.3368,
    0.3534,
    0.3564,
    0.3666,
    0.3728,
    0.3706,
    0.3754,
    0.3798,
    0.386,
    0.38,
    0.3866,
    0.3852,
    0.394,
    0.3934,
    0.3938,
    0.4,
    0.396,
    0.3972,
    0.4028,
    0.401,
    0.4,
    0.4,
    0.4006,
    0.4014,
    0.4
  ],
  "best_val_loss": 2.7596498363494875,
  "total_time_s": 2238.855348587036,
  "stopped_epoch": 50
}