{
  "train_loss": [
    4.595292328050402,
    4.431568118709988,
    4.159165584733751,
    4.028962823613485,
    3.937305179426405,
    3.8665550914764406,
    3.801856761932373,
    3.7399865443759492,
    3.6863469189537894,
    3.639987789154053,
    3.5939678377363418,
    3.5507146053738063,
    3.516050034374661,
    3.485626330566406,
    3.462195152282715,
    3.4307744392818873,
    3.4126168835533988,
    3.3857818638271757,
    3.3682955406188966,
    3.3482816219329834,
    3.332308608500163,
    3.310131738535563,
    3.2906254503885903,
    3.279876945707533,
    3.2621075134277344,
    3.24529026705424,
    3.232622179285685,
    3.218501678636339,
    3.2126490597195096,
    3.1927640552096896,
    3.184236514960395,
    3.173539721382989,
    3.1615232483334013,
    3.1550995402442084,
    3.1356633912828236,
    3.135933530934652,
    3.1307364701588947,
    3.1240647534688315,
    3.11425139380561,
    3.1102694224463567,
    3.10560418955485,
    3.0921013144599065,
    3.090897630988227,
    3.0868551944732667,
    3.0822235531277125,
    3.0817251780615913,
    3.080914731894599,
    3.077216207377116,
    3.077979906294081,
    3.0752593484242756
  ],
  "train_acc": [
    0.014044444444444444,
    0.0334,
    0.0668,
    0.08664444444444444,
    0.1034,
    0.11755555555555555,
    0.1322,
    0.14626666666666666,
    0.15993333333333334,
    0.16813333333333333,
    0.17853333333333332,
    0.18788888888888888,
    0.19568888888888888,
    0.20455555555555555,
    0.2116,
    0.21873333333333334,
    0.22111111111111112,
    0.23022222222222222,
    0.2352,
    0.23922222222222222,
    0.24273333333333333,
    0.24815555555555555,
    0.2566,
    0.2594888888888889,
    0.26284444444444444,
    0.2667555555555556,
    0.27095555555555556,
    0.27386666666666665,
    0.2750222222222222,
    0.2804,
    0.28384444444444445,
    0.28326666666666667,
    0.28833333333333333,
    0.28986666666666666,
    0.29773333333333335,
    0.2959555555555556,
    0.29717777777777776,
    0.30275555555555556,
    0.30015555555555556,
    0.3062,
    0.30664444444444444,
    0.30846666666666667,
    0.3081333333333333,
    0.31091111111111114,
    0.3102888888888889,
    0.3106888888888889,
    0.31177777777777776,
    0.31162222222222224,
    0.3133111111111111,
    0.31544444444444447
  ],
  "val_loss": [
    4.567731455993652,
    4.2084896484375,
    3.952160111236572,
    3.849181259536743,
    3.754499829483032,
    3.6800869609832763,
    3.584666051483154,
    3.49084666557312,
    3.4264119968414306,
    3.356873713684082,
    3.3133203872680665,
    3.2351023628234863,
    3.2139864463806154,
    3.193625102996826,
    3.158014316558838,
    3.133646438217163,
    3.0849029163360595,
    3.078946436691284,
    3.0496546970367433,
    3.012588351821899,
    3.0044688079833985,
    2.988701975631714,
    2.9955347938537598,
    2.9704897094726563,
    2.958249871826172,
    2.9412212203979493,
    2.941841588973999,
    2.899780445098877,
    2.893479674911499,
    2.8659085189819336,
    2.9008751956939696,
    2.861175736618042,
    2.8615370613098143,
    2.8342696647644043,
    2.851049048995972,
    2.827991396713257,
    2.8373798515319826,
    2.8001632858276366,
    2.8059385944366455,
    2.8102782890319826,
    2.8039657840728758,
    2.798770534515381,
    2.79809259223938,
    2.7869070343017577,
    2.786821611785889,
    2.7847992393493652,
    2.782668804168701,
    2.779307866668701,
    2.779861399078369,
    2.7807645133972168
  ],
  "val_acc": [
    0.0208,
    0.065,
    0.109,
    0.1232,
    0.1434,
    0.1542,
    0.1828,
    0.203,
    0.2192,
    0.2396,
    0.2546,
    0.2664,
    0.2788,
    0.2776,
    0.2872,
    0.2888,
    0.309,
    0.3038,
    0.3112,
    0.328,
    0.3204,
    0.3356,
    0.3332,
    0.3324,
    0.3378,
    0.3466,
    0.3382,
    0.3558,
    0.3524,
    0.3596,
    0.3542,
    0.363,
    0.3664,
    0.3754,
    0.3672,
    0.371,
    0.3652,
    0.38,
    0.3816,
    0.3844,
    0.3814,
    0.3836,
    0.3838,
    0.3868,
    0.3836,
    0.3868,
    0.3908,
    0.3896,
    0.388,
    0.3864
  ],
  "best_val_loss": 2.779307866668701,
  "total_time_s": 1940.8261895179749,
  "stopped_epoch": 50
}