{
  "train_loss": [
    4.588196464114719,
    4.388225656297472,
    4.178034863196479,
    4.047203057098389,
    3.9563167566935222,
    3.8808521556430393,
    3.808402183066474,
    3.7387112051645914,
    3.6812509627872045,
    3.631322507434421,
    3.5892703577253555,
    3.5511570188734267,
    3.5138887398613825,
    3.485364308844672,
    3.464438479699029,
    3.4261543513404,
    3.4044083969540067,
    3.384067987738715,
    3.3658805312686497,
    3.3409327788882783,
    3.319539124891493,
    3.306517887539334,
    3.284113257132636,
    3.2747288314819336,
    3.25537127049764,
    3.239393620554606,
    3.2214561332702636,
    3.210123565419515,
    3.202590156258477,
    3.188479155180189,
    3.174155897310045,
    3.167377380328708,
    3.156062973361545,
    3.1399088787078857,
    3.134311330244276,
    3.1214627147250704,
    3.123845898310343,
    3.1054757687038848,
    3.1043178821139867,
    3.096328523423937,
    3.0898000872294107,
    3.0817730819278295,
    3.0797205497741698,
    3.0828342340257433,
    3.070610486178928,
    3.071653332010905,
    3.0727241904364693,
    3.0702809887780083,
    3.070041704389784,
    3.0675788213941786
  ],
  "train_acc": [
    0.015955555555555556,
    0.039466666666666664,
    0.06422222222222222,
    0.08288888888888889,
    0.09797777777777777,
    0.11433333333333333,
    0.13035555555555556,
    0.1512888888888889,
    0.16102222222222223,
    0.1711777777777778,
    0.17942222222222223,
    0.19111111111111112,
    0.19762222222222223,
    0.2031777777777778,
    0.21113333333333334,
    0.21897777777777777,
    0.22357777777777776,
    0.2288888888888889,
    0.23413333333333333,
    0.2396888888888889,
    0.24746666666666667,
    0.24693333333333334,
    0.25466666666666665,
    0.25824444444444444,
    0.26326666666666665,
    0.2690666666666667,
    0.27373333333333333,
    0.2762222222222222,
    0.2766222222222222,
    0.2806222222222222,
    0.2859333333333333,
    0.28988888888888886,
    0.29073333333333334,
    0.2940888888888889,
    0.2958,
    0.2992222222222222,
    0.2981111111111111,
    0.3032,
    0.3039777777777778,
    0.3072888888888889,
    0.3069777777777778,
    0.3102888888888889,
    0.313,
    0.30873333333333336,
    0.3138888888888889,
    0.31355555555555553,
    0.31235555555555555,
    0.3138444444444444,
    0.3168222222222222,
    0.31606666666666666
  ],
  "val_loss": [
    4.5301659950256346,
    4.18239461517334,
    3.994897661590576,
    3.869341077423096,
    3.782000094985962,
    3.7009641273498537,
    3.6118307651519777,
    3.4986997367858885,
    3.423752284240723,
    3.3464235763549803,
    3.2886555107116697,
    3.2729414081573487,
    3.2213486274719236,
    3.192093187332153,
    3.175638848876953,
    3.1139830825805666,
    3.1098530902862547,
    3.0609040733337403,
    3.0571333213806153,
    3.0143405403137207,
    3.0080398933410644,
    2.961823762512207,
    3.0002780292510987,
    2.947566679763794,
    2.9538943588256834,
    2.949669249343872,
    2.9131470664978028,
    2.901704653930664,
    2.879207543563843,
    2.8647691497802734,
    2.8644395202636717,
    2.8514765754699707,
    2.833092190170288,
    2.8321984592437746,
    2.8408635398864748,
    2.8095974647521973,
    2.806820672607422,
    2.795644814682007,
    2.7841837203979494,
    2.794960076904297,
    2.784852950286865,
    2.7823748691558836,
    2.7807395141601563,
    2.7724006736755373,
    2.772972897720337,
    2.7766183456420896,
    2.7745793281555176,
    2.771203517532349,
    2.766369777679443,
    2.771710535430908
  ],
  "val_acc": [
    0.0268,
    0.06,
    0.0938,
    0.114,
    0.1328,
    0.1606,
    0.1762,
    0.1998,
    0.217,
    0.2376,
    0.2448,
    0.247,
    0.2598,
    0.2626,
    0.2756,
    0.297,
    0.2956,
    0.3104,
    0.3048,
    0.3192,
    0.316,
    0.3298,
    0.3178,
    0.3382,
    0.3376,
    0.337,
    0.3454,
    0.357,
    0.3502,
    0.3578,
    0.3592,
    0.369,
    0.368,
    0.3778,
    0.3694,
    0.3772,
    0.379,
    0.3818,
    0.3876,
    0.3832,
    0.3882,
    0.3916,
    0.3888,
    0.394,
    0.3904,
    0.3892,
    0.3906,
    0.3914,
    0.3938,
    0.391
  ],
  "best_val_loss": 2.766369777679443,
  "total_time_s": 2443.1854655742645,
  "stopped_epoch": 50
}