{
  "train_loss": [
    4.588788518693712,
    4.414020079125298,
    4.225214879523383,
    4.076974266899956,
    3.9687466189914278,
    3.883865092807346,
    3.7978796382904054,
    3.730097174835205,
    3.6749913877275255,
    3.63313632367452,
    3.590635582139757,
    3.554738421037462,
    3.524759669833713,
    3.4905702468024358,
    3.463308381737603,
    3.4390960205078125,
    3.4171254217359754,
    3.3830868782467314,
    3.3701074953715007,
    3.3496572965833877,
    3.3246599700927733,
    3.308485697089301,
    3.2943250516255698,
    3.2800918958028156,
    3.2631229444715713,
    3.250028786553277,
    3.2327407317267522,
    3.225039430279202,
    3.2079214321984186,
    3.1997429922739666,
    3.188514689042833,
    3.1756722701178655,
    3.1641868117438423,
    3.1513154945797393,
    3.139762150616116,
    3.1326441476186115,
    3.1279019897037084,
    3.1199628110249837,
    3.113372455512153,
    3.1073058215671114,
    3.1033160323672826,
    3.0865633589002823,
    3.0914154482099745,
    3.0928857265048557,
    3.0861202582041423,
    3.0793175564659965,
    3.0798503282758927,
    3.0743640628390843,
    3.0798721825493707,
    3.071703662618001
  ],
  "train_acc": [
    0.01637777777777778,
    0.032377777777777776,
    0.05673333333333333,
    0.0772888888888889,
    0.09646666666666667,
    0.11546666666666666,
    0.13513333333333333,
    0.15042222222222223,
    0.16211111111111112,
    0.1698888888888889,
    0.17951111111111112,
    0.18733333333333332,
    0.19346666666666668,
    0.20126666666666668,
    0.21,
    0.21402222222222222,
    0.22106666666666666,
    0.23142222222222222,
    0.2310222222222222,
    0.2374888888888889,
    0.24175555555555556,
    0.2466,
    0.2505777777777778,
    0.25537777777777776,
    0.2605777777777778,
    0.2648,
    0.26882222222222224,
    0.2718888888888889,
    0.2754666666666667,
    0.2773555555555556,
    0.28057777777777776,
    0.2815111111111111,
    0.2885333333333333,
    0.29006666666666664,
    0.2965777777777778,
    0.29457777777777777,
    0.2958222222222222,
    0.29806666666666665,
    0.2992,
    0.3047111111111111,
    0.3028222222222222,
    0.3098666666666667,
    0.3103111111111111,
    0.30715555555555557,
    0.3098444444444444,
    0.3098,
    0.3101111111111111,
    0.3108888888888889,
    0.31248888888888887,
    0.3119777777777778
  ],
  "val_loss": [
    4.517455316925049,
    4.276882862091065,
    4.04506249923706,
    3.8919698139190673,
    3.7956587337493897,
    3.6901252487182616,
    3.582356950378418,
    3.4925150966644285,
    3.4255629722595216,
    3.3645973834991456,
    3.345328694152832,
    3.2819592361450196,
    3.262718338012695,
    3.214368009185791,
    3.1984281772613525,
    3.1524341178894044,
    3.1117289459228514,
    3.0945600677490233,
    3.0597067779541014,
    3.06118504486084,
    3.032881448364258,
    3.0106828353881836,
    2.979595269012451,
    2.9762117027282713,
    2.956776561355591,
    2.934027340698242,
    2.921334901046753,
    2.899939920806885,
    2.924504178619385,
    2.899931049346924,
    2.8898863262176513,
    2.857744283294678,
    2.850862622833252,
    2.838252123641968,
    2.843867791748047,
    2.837660654067993,
    2.8478817947387696,
    2.8229053333282472,
    2.814582719039917,
    2.8155586864471434,
    2.8171257442474364,
    2.7961740242004396,
    2.7890698318481446,
    2.8031873695373535,
    2.795342426300049,
    2.792160842514038,
    2.791183283996582,
    2.78925149230957,
    2.790685920715332,
    2.7896347129821777
  ],
  "val_acc": [
    0.0256,
    0.0574,
    0.0944,
    0.1112,
    0.1372,
    0.158,
    0.1852,
    0.1976,
    0.2182,
    0.2328,
    0.2362,
    0.253,
    0.2536,
    0.265,
    0.2692,
    0.2758,
    0.2898,
    0.3006,
    0.3092,
    0.3154,
    0.3214,
    0.3172,
    0.327,
    0.3312,
    0.3358,
    0.3414,
    0.3376,
    0.3476,
    0.344,
    0.3528,
    0.351,
    0.3662,
    0.36,
    0.3648,
    0.3646,
    0.3654,
    0.367,
    0.3708,
    0.3734,
    0.3742,
    0.3754,
    0.3798,
    0.3866,
    0.378,
    0.38,
    0.3798,
    0.3826,
    0.3814,
    0.3816,
    0.3844
  ],
  "best_val_loss": 2.7890698318481446,
  "total_time_s": 2525.735377550125,
  "stopped_epoch": 50
}