{
  "train_loss": [
    4.597259565650092,
    4.397045644124349,
    4.162944614707099,
    4.037978040440877,
    3.9469863352457684,
    3.8704764339023168,
    3.8008548240237765,
    3.7304296488020157,
    3.681274945280287,
    3.634518114513821,
    3.5923270391252307,
    3.5564299678378637,
    3.523541219160292,
    3.492051152420044,
    3.4607512783474395,
    3.4332926598442923,
    3.4172478157043455,
    3.394002950032552,
    3.3741382537841798,
    3.354388055970934,
    3.3336361924913196,
    3.3132518520355223,
    3.2998702819824217,
    3.2807631450653076,
    3.265035885789659,
    3.2508366282145182,
    3.2407682298024496,
    3.2225763671451144,
    3.21648454085456,
    3.2021472560034856,
    3.1929053927951387,
    3.1792631897396513,
    3.170320132827759,
    3.1534330371432833,
    3.1496441916571722,
    3.1408070397694905,
    3.1403601902431912,
    3.1222515683492023,
    3.118316059366862,
    3.1102531668345135,
    3.107525314500597,
    3.1027128691355386,
    3.099132954618666,
    3.095901080746121,
    3.092340623304579,
    3.0841434435950386,
    3.086623412153456,
    3.0860019944932726,
    3.087631539916992,
    3.085902614296807
  ],
  "train_acc": [
    0.014777777777777779,
    0.03728888888888889,
    0.06444444444444444,
    0.08335555555555556,
    0.10028888888888889,
    0.118,
    0.13306666666666667,
    0.14786666666666667,
    0.15993333333333334,
    0.1704,
    0.18151111111111112,
    0.18762222222222222,
    0.19404444444444444,
    0.2038222222222222,
    0.21017777777777777,
    0.22055555555555556,
    0.221,
    0.2304,
    0.23366666666666666,
    0.23837777777777777,
    0.2426888888888889,
    0.24811111111111112,
    0.2534222222222222,
    0.25824444444444444,
    0.2633333333333333,
    0.2662888888888889,
    0.2692888888888889,
    0.27442222222222223,
    0.27564444444444447,
    0.2809333333333333,
    0.28255555555555556,
    0.2829777777777778,
    0.28886666666666666,
    0.29188888888888886,
    0.29355555555555557,
    0.29695555555555553,
    0.29977777777777775,
    0.30164444444444444,
    0.3025777777777778,
    0.3069777777777778,
    0.3069777777777778,
    0.3042222222222222,
    0.30795555555555554,
    0.30791111111111114,
    0.3111333333333333,
    0.31137777777777775,
    0.3142,
    0.31495555555555554,
    0.31275555555555556,
    0.31251111111111113
  ],
  "val_loss": [
    4.557124027252197,
    4.183327715682983,
    3.96046127204895,
    3.871002833557129,
    3.752098672866821,
    3.677278705596924,
    3.566357508087158,
    3.464170938873291,
    3.411642779159546,
    3.392494799041748,
    3.3322871765136717,
    3.302714970779419,
    3.2467398002624512,
    3.2132021759033202,
    3.18907950592041,
    3.1297307773590086,
    3.161199821853638,
    3.087912883758545,
    3.108681686401367,
    3.0533088497161867,
    3.0189208251953126,
    3.0042396995544434,
    3.009011576080322,
    3.022082991027832,
    2.9699804443359374,
    2.9399278064727783,
    2.934889614868164,
    2.9192488555908205,
    2.91263067817688,
    2.9353458984375,
    2.9059580600738526,
    2.9066601524353026,
    2.8729108905792238,
    2.878095697021484,
    2.8853674724578857,
    2.88278097114563,
    2.8660894012451172,
    2.856203131866455,
    2.8373333648681642,
    2.837284743499756,
    2.8340261302948,
    2.8441681312561036,
    2.8462968654632568,
    2.8338409133911133,
    2.827223978805542,
    2.828244641876221,
    2.825841343688965,
    2.8265534503936767,
    2.832732509613037,
    2.8228539531707764
  ],
  "val_acc": [
    0.0234,
    0.0724,
    0.0994,
    0.1196,
    0.1464,
    0.1592,
    0.1922,
    0.2158,
    0.2224,
    0.2266,
    0.241,
    0.2508,
    0.2604,
    0.2734,
    0.2872,
    0.2922,
    0.278,
    0.3,
    0.2986,
    0.3112,
    0.3164,
    0.3282,
    0.3304,
    0.3222,
    0.3332,
    0.3494,
    0.3506,
    0.3498,
    0.3568,
    0.3538,
    0.3572,
    0.3546,
    0.367,
    0.3668,
    0.3678,
    0.3706,
    0.37,
    0.3738,
    0.3762,
    0.3756,
    0.3806,
    0.3768,
    0.3788,
    0.3786,
    0.3814,
    0.3802,
    0.3848,
    0.383,
    0.382,
    0.383
  ],
  "best_val_loss": 2.8228539531707764,
  "total_time_s": 2604.202512741089,
  "stopped_epoch": 50
}