{
  "train_loss": [
    4.59134626964993,
    4.3868883917066785,
    4.192286280314128,
    4.0641104165818955,
    3.973769914118449,
    3.8893811059739853,
    3.8109710464053683,
    3.742755783674452,
    3.6889356019337973,
    3.646347997538249,
    3.5987637953016494,
    3.5653634695688883,
    3.532805885018243,
    3.500318277782864,
    3.475438230811225,
    3.448372900644938,
    3.424186934577094,
    3.394659225379096,
    3.372958002726237,
    3.356719783782959,
    3.3428035646226673,
    3.3167135648091635,
    3.3035331751505534,
    3.2815389949374727,
    3.26043341378106,
    3.249599132156372,
    3.2327063908894855,
    3.2163513867696127,
    3.2079477807362875,
    3.192677110756768,
    3.1810281468285453,
    3.169529239654541,
    3.1692432877434626,
    3.1547881868574352,
    3.1433990455627443,
    3.133144548712836,
    3.126682275221083,
    3.116234152815077,
    3.1181577746073406,
    3.111217380523682,
    3.102281078169081,
    3.0986598215738934,
    3.095061226738824,
    3.085051065911187,
    3.0876054635365806,
    3.08423650809394,
    3.081932653003269,
    3.080112758806017,
    3.0782064478556315,
    3.071783959918552
  ],
  "train_acc": [
    0.015511111111111111,
    0.03726666666666666,
    0.0604,
    0.07895555555555556,
    0.09846666666666666,
    0.11284444444444444,
    0.13024444444444444,
    0.1446888888888889,
    0.16048888888888888,
    0.1690888888888889,
    0.17917777777777777,
    0.18746666666666667,
    0.19411111111111112,
    0.20244444444444445,
    0.20853333333333332,
    0.21608888888888889,
    0.21806666666666666,
    0.22777777777777777,
    0.2336,
    0.23928888888888888,
    0.23977777777777778,
    0.2484888888888889,
    0.2529111111111111,
    0.2574666666666667,
    0.26037777777777776,
    0.2646,
    0.2687777777777778,
    0.27475555555555553,
    0.2806,
    0.2843111111111111,
    0.2851111111111111,
    0.2886888888888889,
    0.289,
    0.2926666666666667,
    0.2955777777777778,
    0.3003777777777778,
    0.2974,
    0.30146666666666666,
    0.30144444444444446,
    0.3055555555555556,
    0.30666666666666664,
    0.3100222222222222,
    0.30935555555555555,
    0.3107111111111111,
    0.31006666666666666,
    0.30933333333333335,
    0.3118444444444444,
    0.31477777777777777,
    0.3140222222222222,
    0.3157333333333333
  ],
  "val_loss": [
    4.5348864334106445,
    4.196141766357422,
    4.027066296005249,
    3.8874892555236817,
    3.804792063522339,
    3.6747536849975586,
    3.5562103973388672,
    3.48214034576416,
    3.436818362045288,
    3.3567804496765135,
    3.3414566329956052,
    3.268097673034668,
    3.237816749191284,
    3.201614803314209,
    3.179313405609131,
    3.165948044204712,
    3.1234743324279783,
    3.0823333198547362,
    3.061919284439087,
    3.0344036029815675,
    3.036440566635132,
    3.0099402187347413,
    2.986744344329834,
    2.972547131729126,
    2.9626961555480955,
    2.9445390228271484,
    2.968340409088135,
    2.909200415802002,
    2.899121117401123,
    2.899994945526123,
    2.8799879692077637,
    2.8624425926208494,
    2.8585113304138186,
    2.8557049293518064,
    2.8393146255493162,
    2.839315584182739,
    2.8332229843139647,
    2.8301593311309814,
    2.8263824813842775,
    2.825262999725342,
    2.803275648880005,
    2.805421894836426,
    2.807177376937866,
    2.80935231590271,
    2.7940927852630617,
    2.79755403175354,
    2.8083149280548096,
    2.7999706790924073,
    2.797664463424683,
    2.796416706085205
  ],
  "val_acc": [
    0.0246,
    0.0592,
    0.09,
    0.1112,
    0.1318,
    0.1576,
    0.1852,
    0.2016,
    0.2202,
    0.23,
    0.2356,
    0.2612,
    0.273,
    0.2746,
    0.287,
    0.2878,
    0.3014,
    0.31,
    0.3166,
    0.3194,
    0.3234,
    0.3304,
    0.3332,
    0.3362,
    0.3404,
    0.3434,
    0.3348,
    0.3562,
    0.3572,
    0.3536,
    0.3636,
    0.365,
    0.3672,
    0.3732,
    0.3758,
    0.3764,
    0.3758,
    0.3828,
    0.3802,
    0.3836,
    0.3866,
    0.3858,
    0.3894,
    0.3878,
    0.3938,
    0.3898,
    0.386,
    0.3926,
    0.3912,
    0.3934
  ],
  "best_val_loss": 2.7940927852630617,
  "total_time_s": 1944.4549243450165,
  "stopped_epoch": 50
}