{
  "train_loss": [
    4.594637346903483,
    4.363085325113932,
    4.149281543986002,
    4.041312447781033,
    3.95661871732076,
    3.8869530452728274,
    3.8167115211910674,
    3.7526433301713733,
    3.707363733927409,
    3.6482656727261014,
    3.6113026065826417,
    3.564653988265991,
    3.5278990979936387,
    3.496498370107015,
    3.463231637234158,
    3.443189486355252,
    3.415655340660943,
    3.394798103120592,
    3.3764844295925562,
    3.3535275421142576,
    3.3298618927849666,
    3.3168037268744577,
    3.2957897717793783,
    3.279911075931125,
    3.2652678873697916,
    3.248571279229058,
    3.232713670518663,
    3.2181342447492813,
    3.211276542239719,
    3.189135719807943,
    3.184597543165419,
    3.173808544837104,
    3.1668754543728297,
    3.15176111462911,
    3.1408344448513454,
    3.1401441041734484,
    3.1279449224683975,
    3.1127724978552926,
    3.109300274234348,
    3.1017058301289877,
    3.0978317021263972,
    3.0951968995836046,
    3.093101069641113,
    3.0822916780259875,
    3.081877117877536,
    3.0784186459435356,
    3.0809302809821233,
    3.0759081294589574,
    3.074581700346205,
    3.0738405563778346
  ],
  "train_acc": [
    0.014666666666666666,
    0.0414,
    0.0664,
    0.08022222222222222,
    0.09628888888888888,
    0.11231111111111111,
    0.12715555555555555,
    0.14224444444444445,
    0.15273333333333333,
    0.16444444444444445,
    0.17166666666666666,
    0.18431111111111112,
    0.19595555555555555,
    0.20171111111111112,
    0.2112888888888889,
    0.21566666666666667,
    0.22168888888888888,
    0.2262,
    0.23266666666666666,
    0.23695555555555556,
    0.24404444444444445,
    0.24488888888888888,
    0.25175555555555557,
    0.2561777777777778,
    0.25808888888888887,
    0.2644666666666667,
    0.26826666666666665,
    0.27124444444444445,
    0.27495555555555556,
    0.2794888888888889,
    0.2794,
    0.2823111111111111,
    0.28673333333333334,
    0.2889111111111111,
    0.29284444444444446,
    0.2937777777777778,
    0.29517777777777776,
    0.30075555555555555,
    0.30424444444444443,
    0.3012222222222222,
    0.3035777777777778,
    0.30344444444444446,
    0.3072888888888889,
    0.30937777777777775,
    0.3084222222222222,
    0.3097111111111111,
    0.3115111111111111,
    0.3101777777777778,
    0.31275555555555556,
    0.31248888888888887
  ],
  "val_loss": [
    4.55346418838501,
    4.1437196441650395,
    3.981742571258545,
    3.8724530178070067,
    3.7693937797546386,
    3.6930220245361327,
    3.5991153945922854,
    3.5184206130981446,
    3.453376524353027,
    3.3721894100189207,
    3.3302722747802735,
    3.2854075824737548,
    3.2208445709228517,
    3.190676538848877,
    3.1672372482299807,
    3.124478479385376,
    3.1252553504943847,
    3.108350299072266,
    3.0567260292053224,
    3.039503112030029,
    3.0405620510101317,
    2.9800030784606935,
    2.9659958152770995,
    2.956073578643799,
    2.9388626850128174,
    2.938666338348389,
    2.9159719161987305,
    2.8991636657714843,
    2.897068159484863,
    2.8846314292907715,
    2.8868630619049074,
    2.853727978515625,
    2.8477404792785643,
    2.8497445671081545,
    2.8652857040405273,
    2.837156838989258,
    2.8314870235443115,
    2.834096851730347,
    2.8121738231658937,
    2.7968749794006347,
    2.8171423221588134,
    2.797733655548096,
    2.7968421131134034,
    2.788586152648926,
    2.796302424621582,
    2.78555650138855,
    2.787111070251465,
    2.7822806526184083,
    2.785139235687256,
    2.7834524784088135
  ],
  "val_acc": [
    0.0268,
    0.067,
    0.0878,
    0.1094,
    0.1254,
    0.1526,
    0.1786,
    0.1922,
    0.2156,
    0.222,
    0.235,
    0.246,
    0.2694,
    0.2752,
    0.2798,
    0.2992,
    0.2956,
    0.29,
    0.3156,
    0.3168,
    0.3128,
    0.3328,
    0.3352,
    0.3374,
    0.346,
    0.3534,
    0.3534,
    0.3528,
    0.3564,
    0.3612,
    0.3584,
    0.3688,
    0.372,
    0.369,
    0.3676,
    0.3772,
    0.3786,
    0.3748,
    0.3812,
    0.386,
    0.3842,
    0.3866,
    0.3854,
    0.3852,
    0.3854,
    0.3876,
    0.3884,
    0.3884,
    0.3882,
    0.3886
  ],
  "best_val_loss": 2.7822806526184083,
  "total_time_s": 2145.9939680099487,
  "stopped_epoch": 50
}