{
  "train_loss": [
    4.5984537900288895,
    4.3964300620185,
    4.16015708855523,
    4.018958828353882,
    3.9248298467000327,
    3.8592015432569715,
    3.7816871387905544,
    3.7260067684597438,
    3.67056117477417,
    3.624482118988037,
    3.5914061391194663,
    3.5464565534803603,
    3.5202982748243543,
    3.495616667514377,
    3.4570745580037436,
    3.429813199573093,
    3.411472402826945,
    3.3874967228359645,
    3.3695378192477756,
    3.3505175127665203,
    3.3223664071824817,
    3.3054983620537652,
    3.283767853503757,
    3.2718740846421985,
    3.263224076800876,
    3.2365209632025826,
    3.223492217678494,
    3.2099266053941515,
    3.1969226367526584,
    3.189388391664293,
    3.1740162952423097,
    3.160306245252821,
    3.1484924931844076,
    3.144597553253174,
    3.1393184050242104,
    3.124632321802775,
    3.1156173295762803,
    3.109353613450792,
    3.1001178426106772,
    3.096572844399346,
    3.0850968894110786,
    3.0893398843129476,
    3.073815358818902,
    3.0781418050130207,
    3.0728474461025663,
    3.071654710642497,
    3.068446981472439,
    3.070391225136651,
    3.0631551499684653,
    3.06905136519538
  ],
  "train_acc": [
    0.01571111111111111,
    0.0344,
    0.06302222222222222,
    0.08586666666666666,
    0.10246666666666666,
    0.1184888888888889,
    0.13422222222222221,
    0.14993333333333334,
    0.16126666666666667,
    0.1724,
    0.1811111111111111,
    0.18813333333333335,
    0.19671111111111111,
    0.19904444444444444,
    0.20757777777777778,
    0.21935555555555555,
    0.22357777777777776,
    0.2280888888888889,
    0.23433333333333334,
    0.2399777777777778,
    0.24811111111111112,
    0.2518,
    0.2576,
    0.26164444444444446,
    0.2613333333333333,
    0.26937777777777777,
    0.27155555555555555,
    0.2778,
    0.27895555555555557,
    0.28404444444444443,
    0.29024444444444447,
    0.289,
    0.2975333333333333,
    0.2930888888888889,
    0.2948222222222222,
    0.2986888888888889,
    0.30295555555555553,
    0.30391111111111113,
    0.3062666666666667,
    0.30746666666666667,
    0.31277777777777777,
    0.3095111111111111,
    0.31404444444444446,
    0.3146,
    0.3156,
    0.31493333333333334,
    0.31633333333333336,
    0.31751111111111113,
    0.3188,
    0.316
  ],
  "val_loss": [
    4.558696699523926,
    4.2199796813964845,
    3.9466118103027346,
    3.8274448692321776,
    3.735466297912598,
    3.674365673828125,
    3.5533872188568116,
    3.476368357086182,
    3.386428007507324,
    3.371705506896973,
    3.3196819801330566,
    3.2860923908233644,
    3.2558211708068847,
    3.200194044494629,
    3.18632257232666,
    3.1429900413513185,
    3.1077387714385987,
    3.0997019172668456,
    3.0933141662597654,
    3.025013564682007,
    3.0053006759643557,
    3.040458275604248,
    2.990370627593994,
    2.963663161087036,
    2.929888911819458,
    2.9574235931396484,
    2.951008239746094,
    2.904512937927246,
    2.9050631717681883,
    2.907605822753906,
    2.883825804901123,
    2.8641069343566894,
    2.8869118980407715,
    2.8698231327056885,
    2.8344526165008546,
    2.8299583137512205,
    2.8263416133880614,
    2.8369579998016357,
    2.8167339656829835,
    2.827219751739502,
    2.8214631797790526,
    2.8094469512939453,
    2.813173965072632,
    2.7988502639770507,
    2.7938104484558104,
    2.795400966644287,
    2.7997262161254883,
    2.797116315841675,
    2.794545779418945,
    2.793858676528931
  ],
  "val_acc": [
    0.0254,
    0.0556,
    0.1036,
    0.128,
    0.139,
    0.1572,
    0.1828,
    0.2006,
    0.2298,
    0.2238,
    0.2446,
    0.2572,
    0.2558,
    0.2738,
    0.2802,
    0.2874,
    0.2948,
    0.2904,
    0.2996,
    0.3242,
    0.3294,
    0.3148,
    0.3322,
    0.3402,
    0.3512,
    0.3448,
    0.3404,
    0.3566,
    0.3552,
    0.3548,
    0.3604,
    0.3768,
    0.3638,
    0.3702,
    0.3828,
    0.377,
    0.3822,
    0.3784,
    0.3848,
    0.3796,
    0.3804,
    0.385,
    0.3836,
    0.3878,
    0.3888,
    0.3852,
    0.3868,
    0.3874,
    0.389,
    0.3868
  ],
  "best_val_loss": 2.7938104484558104,
  "total_time_s": 1894.9222609996796,
  "stopped_epoch": 50
}