{
  "train_loss": [
    4.589085017734104,
    4.382578613705105,
    4.185634120093452,
    4.053007276280721,
    3.9558976039886473,
    3.879309631517198,
    3.80588498878479,
    3.7289139831119114,
    3.680216573884752,
    3.6282989386240643,
    3.5939290606604684,
    3.554051274617513,
    3.519647607676188,
    3.479064352671305,
    3.452442910893758,
    3.4267570610046385,
    3.4015928481207953,
    3.3737396290249295,
    3.3606512014600964,
    3.336383746125963,
    3.317298938539293,
    3.2973324520958793,
    3.2814478112538654,
    3.2630621195475262,
    3.2486635620541042,
    3.2315336379157173,
    3.226276893742879,
    3.204679544152154,
    3.193611779361301,
    3.178902586534288,
    3.1714692940606013,
    3.1538722796969942,
    3.1510691793229846,
    3.141304279751248,
    3.1284940207163494,
    3.117881291325887,
    3.111095537906223,
    3.1054632718404136,
    3.0979285197787814,
    3.0944724024454753,
    3.0874925184461803,
    3.085951236428155,
    3.0809147656758626,
    3.0747495258755153,
    3.0715704072740344,
    3.0712878296322295,
    3.070199259906345,
    3.0667372817993166,
    3.069001101006402,
    3.066358059607612
  ],
  "train_acc": [
    0.014066666666666667,
    0.03751111111111111,
    0.05915555555555556,
    0.07864444444444445,
    0.09608888888888889,
    0.11388888888888889,
    0.1296,
    0.15,
    0.16055555555555556,
    0.17302222222222222,
    0.1792888888888889,
    0.18931111111111112,
    0.1958,
    0.20824444444444445,
    0.212,
    0.21735555555555555,
    0.2254,
    0.23126666666666668,
    0.2356,
    0.24044444444444443,
    0.24562222222222221,
    0.249,
    0.25755555555555554,
    0.25908888888888887,
    0.26566666666666666,
    0.2680888888888889,
    0.2690444444444444,
    0.2758888888888889,
    0.2776888888888889,
    0.28246666666666664,
    0.28624444444444447,
    0.29031111111111113,
    0.29204444444444444,
    0.29373333333333335,
    0.29617777777777776,
    0.3016888888888889,
    0.30202222222222225,
    0.30695555555555554,
    0.3038666666666667,
    0.3091555555555556,
    0.3100222222222222,
    0.31037777777777775,
    0.3102,
    0.3118444444444444,
    0.31222222222222223,
    0.3148888888888889,
    0.31608888888888886,
    0.31575555555555557,
    0.31564444444444445,
    0.3144222222222222
  ],
  "val_loss": [
    4.524367002105713,
    4.188179523468017,
    4.003089325714111,
    3.905869189453125,
    3.7655286796569825,
    3.7233605506896974,
    3.5974384273529054,
    3.5098304821014406,
    3.42114206199646,
    3.354869459152222,
    3.321532593917847,
    3.2821128425598145,
    3.221308364868164,
    3.2122190292358397,
    3.169060789489746,
    3.14594754486084,
    3.098649912643433,
    3.071596892166138,
    3.0752043029785154,
    3.0495548946380615,
    3.0077195907592773,
    2.9925641983032225,
    2.9703301277160645,
    2.965009419631958,
    2.9497072509765623,
    2.9021183868408205,
    2.9114905979156496,
    2.906045220565796,
    2.9029729446411134,
    2.8781261253356933,
    2.8698262733459474,
    2.8522281272888184,
    2.8334639499664305,
    2.835356488800049,
    2.827517123413086,
    2.819013903427124,
    2.8242073280334474,
    2.8083515449523926,
    2.804957096862793,
    2.8102988037109373,
    2.800872346496582,
    2.79494497756958,
    2.793038554382324,
    2.7820568782806396,
    2.7866917163848877,
    2.7905286224365233,
    2.7886905742645265,
    2.785528451919556,
    2.78358637008667,
    2.78979846572876
  ],
  "val_acc": [
    0.0232,
    0.0592,
    0.0908,
    0.108,
    0.1342,
    0.1456,
    0.1766,
    0.2042,
    0.2266,
    0.2366,
    0.2396,
    0.2512,
    0.269,
    0.2728,
    0.2784,
    0.2872,
    0.3012,
    0.3132,
    0.3062,
    0.3148,
    0.3254,
    0.337,
    0.336,
    0.342,
    0.346,
    0.357,
    0.3584,
    0.3544,
    0.3536,
    0.356,
    0.3616,
    0.3704,
    0.3774,
    0.3754,
    0.3798,
    0.3832,
    0.3822,
    0.3846,
    0.3866,
    0.385,
    0.3864,
    0.386,
    0.3866,
    0.39,
    0.3936,
    0.3878,
    0.3908,
    0.3906,
    0.3908,
    0.3902
  ],
  "best_val_loss": 2.7820568782806396,
  "total_time_s": 2199.8423039913177,
  "stopped_epoch": 50
}