{
  "weighted_f1": {
    "mean": 0.822998268349327,
    "std": NaN,
    "min": 0.822998268349327,
    "max": 0.822998268349327,
    "values": [
      0.822998268349327
    ]
  },
  "macro_f1": {
    "mean": 0.8229982683493271,
    "std": NaN,
    "min": 0.8229982683493271,
    "max": 0.8229982683493271,
    "values": [
      0.8229982683493271
    ]
  },
  "weighted_accuracy": {
    "mean": 0.8216,
    "std": NaN,
    "min": 0.8216,
    "max": 0.8216,
    "values": [
      0.8216
    ]
  },
  "mean_auc": {
    "mean": 0.9818665666666666,
    "std": NaN,
    "min": 0.9818665666666666,
    "max": 0.9818665666666666,
    "values": [
      0.9818665666666666
    ]
  },
  "best_seed_idx": 0,
  "n_runs": 1
}