{
  "weighted_f1": 0.8788387593916259,
  "macro_f1": 0.8788387593916258,
  "weighted_accuracy": 0.8784,
  "weighted_precision": 0.8810389336511791,
  "weighted_recall": 0.8784,
  "per_class_auc": [
    0.9922696666666666,
    0.997738888888889,
    0.9857905555555555,
    0.975732111111111,
    0.9887774444444443,
    0.9811313333333332,
    0.9931902222222223,
    0.9951664444444444,
    0.9968081111111111,
    0.9956297777777778
  ],
  "mean_auc": 0.9902234555555556,
  "confusion_matrix": [
    [
      912,
      10,
      24,
      7,
      2,
      0,
      1,
      4,
      28,
      12
    ],
    [
      6,
      963,
      0,
      0,
      1,
      0,
      0,
      1,
      3,
      26
    ],
    [
      34,
      0,
      863,
      31,
      25,
      20,
      13,
      6,
      6,
      2
    ],
    [
      12,
      3,
      42,
      788,
      20,
      90,
      24,
      11,
      6,
      4
    ],
    [
      19,
      1,
      60,
      42,
      804,
      23,
      14,
      32,
      5,
      0
    ],
    [
      10,
      2,
      29,
      105,
      10,
      817,
      4,
      21,
      0,
      2
    ],
    [
      14,
      4,
      41,
      53,
      3,
      13,
      867,
      2,
      1,
      2
    ],
    [
      12,
      0,
      14,
      25,
      6,
      29,
      0,
      913,
      0,
      1
    ],
    [
      32,
      10,
      7,
      5,
      1,
      2,
      1,
      0,
      938,
      4
    ],
    [
      11,
      49,
      3,
      5,
      0,
      0,
      1,
      1,
      11,
      919
    ]
  ],
  "report": "              precision    recall  f1-score   support\n\n           0       0.86      0.91      0.88      1000\n           1       0.92      0.96      0.94      1000\n           2       0.80      0.86      0.83      1000\n           3       0.74      0.79      0.76      1000\n           4       0.92      0.80      0.86      1000\n           5       0.82      0.82      0.82      1000\n           6       0.94      0.87      0.90      1000\n           7       0.92      0.91      0.92      1000\n           8       0.94      0.94      0.94      1000\n           9       0.95      0.92      0.93      1000\n\n    accuracy                           0.88     10000\n   macro avg       0.88      0.88      0.88     10000\nweighted avg       0.88      0.88      0.88     10000\n",
  "seed": 0
}