{
  "weighted_f1": {
    "mean": 0.8935816909883597,
    "std": NaN,
    "min": 0.8935816909883597,
    "max": 0.8935816909883597,
    "values": [
      0.8935816909883597
    ]
  },
  "macro_f1": {
    "mean": 0.8935816909883597,
    "std": NaN,
    "min": 0.8935816909883597,
    "max": 0.8935816909883597,
    "values": [
      0.8935816909883597
    ]
  },
  "weighted_accuracy": {
    "mean": 0.8934,
    "std": NaN,
    "min": 0.8934,
    "max": 0.8934,
    "values": [
      0.8934
    ]
  },
  "mean_auc": {
    "mean": 0.9900471388888888,
    "std": NaN,
    "min": 0.9900471388888888,
    "max": 0.9900471388888888,
    "values": [
      0.9900471388888888
    ]
  },
  "best_seed_idx": 0,
  "n_runs": 1
}