{
  "weighted_f1": {
    "mean": 0.5374137022909273,
    "std": NaN,
    "min": 0.5374137022909273,
    "max": 0.5374137022909273,
    "values": [
      0.5374137022909273
    ]
  },
  "macro_f1": {
    "mean": 0.5374137022909276,
    "std": NaN,
    "min": 0.5374137022909276,
    "max": 0.5374137022909276,
    "values": [
      0.5374137022909276
    ]
  },
  "weighted_accuracy": {
    "mean": 0.5547,
    "std": NaN,
    "min": 0.5547,
    "max": 0.5547,
    "values": [
      0.5547
    ]
  },
  "mean_auc": {
    "mean": 0.9746933939393938,
    "std": NaN,
    "min": 0.9746933939393938,
    "max": 0.9746933939393938,
    "values": [
      0.9746933939393938
    ]
  },
  "best_seed_idx": 0,
  "n_runs": 1
}