{
  "train_loss": [
    2.208117767868042,
    1.6808668795776367,
    1.2872354162216186,
    1.0714602965164184,
    0.9698398486900329,
    0.8957983206558228,
    0.8422204085540771,
    0.8072167512893677,
    0.7830326270866395,
    0.7630433831214904,
    0.7498540595436096,
    0.7339381926345825,
    0.724801736831665,
    0.7173331981468201,
    0.7124847723960877,
    0.7040737900924683,
    0.7008070765304566,
    0.6936247379875183,
    0.6921956636047363,
    0.6871167884445191,
    0.6828574188232421,
    0.6802211165237427,
    0.6785737880897522,
    0.6760315822219849,
    0.6726310852241516,
    0.6730917775344849,
    0.669781192150116,
    0.6666396331787109,
    0.6682205169296265,
    0.6646011625862122,
    0.6634188481903076,
    0.6600808639907837,
    0.6601439770889282,
    0.6613881123161316,
    0.6580694048500061,
    0.6574643619537354,
    0.6543814289665222,
    0.6521728075408936,
    0.6539317169380188,
    0.65232568983078,
    0.652836139907837,
    0.6512421418571472,
    0.6511231719970703,
    0.6507806440734863,
    0.6500740911483764,
    0.6483690274047852,
    0.6461382836532593,
    0.6450061620712281,
    0.6453177616500855,
    0.6443867658042908,
    0.6446241018867492,
    0.6433828465080261,
    0.6435771231842041,
    0.6426332562446594,
    0.6416437096405029,
    0.6396462180328369,
    0.6409506320953369,
    0.6384377881240845,
    0.6414371235275269,
    0.6366391527175903,
    0.6355815306091308,
    0.6357083452415466,
    0.6363300013160705,
    0.6360346240615845,
    0.6361615951538085,
    0.6348305776596069,
    0.6343702920913696,
    0.6328704928398132,
    0.6344229099655151,
    0.6346194789505005,
    0.6328381525993347,
    0.6318339390182495,
    0.6309208345603943,
    0.6300741398620605,
    0.6311079068565368,
    0.6275205010604858,
    0.6291435366821289,
    0.6299007489967346,
    0.6286960628890991,
    0.6287687070083618,
    0.6291176588058471,
    0.6281631307983399,
    0.626822969455719,
    0.6268092248344421,
    0.6271683305358887,
    0.6241233608627319,
    0.6264012640762329,
    0.6271816522026062,
    0.6245301778793335,
    0.6252381150627137,
    0.626900570602417,
    0.6262501629638672,
    0.6261812404251098,
    0.6255102477645874,
    0.6260114457130432,
    0.626005064239502,
    0.625874132194519,
    0.626017996635437,
    0.6260611242294312,
    0.6243352586174011
  ],
  "train_acc": [
    0.19008,
    0.42732,
    0.6734,
    0.78914,
    0.84062,
    0.88256,
    0.90572,
    0.92002,
    0.92996,
    0.93706,
    0.94318,
    0.94778,
    0.95176,
    0.95328,
    0.95534,
    0.95812,
    0.95944,
    0.96232,
    0.96148,
    0.9643,
    0.96536,
    0.96558,
    0.96592,
    0.96816,
    0.96788,
    0.96802,
    0.96952,
    0.97026,
    0.96988,
    0.97044,
    0.97094,
    0.9735,
    0.97356,
    0.97172,
    0.97412,
    0.97382,
    0.97476,
    0.97574,
    0.975,
    0.97498,
    0.97542,
    0.97586,
    0.9756,
    0.9761,
    0.97658,
    0.97544,
    0.97736,
    0.97832,
    0.97762,
    0.9786,
    0.97756,
    0.97806,
    0.97896,
    0.9782,
    0.97912,
    0.98042,
    0.97882,
    0.97982,
    0.97954,
    0.9802,
    0.98114,
    0.98114,
    0.981,
    0.98122,
    0.9809,
    0.98186,
    0.98124,
    0.98278,
    0.98128,
    0.98136,
    0.98182,
    0.98302,
    0.98286,
    0.98256,
    0.98304,
    0.98402,
    0.98352,
    0.98294,
    0.98366,
    0.9841,
    0.9842,
    0.98424,
    0.98426,
    0.98436,
    0.98438,
    0.98528,
    0.98472,
    0.98494,
    0.98502,
    0.98442,
    0.98488,
    0.98442,
    0.98472,
    0.98486,
    0.98464,
    0.98484,
    0.984,
    0.98482,
    0.98456,
    0.98588
  ],
  "val_loss": [
    2.0217553684234617,
    1.333246015548706,
    1.0028618146896362,
    0.8366749388694763,
    0.7699991571426391,
    0.7003843320846558,
    0.6741422257423401,
    0.6458565813064575,
    0.668371791267395,
    0.6289900217056275,
    0.6146441573143006,
    0.614877774810791,
    0.6109118033409119,
    0.5862606603622437,
    0.5863430736541748,
    0.5739826902389527,
    0.5772744338035584,
    0.5845159568786621,
    0.5838233688354492,
    0.5759829776763916,
    0.564759159374237,
    0.5662941026687622,
    0.5628845115661621,
    0.5665618103981018,
    0.5559863826751709,
    0.5606417311668396,
    0.5541458896636963,
    0.5679661334991455,
    0.5618167833328247,
    0.5493394499778748,
    0.5517899329185486,
    0.5532855428695679,
    0.5577115619659424,
    0.5510816737174988,
    0.555320909500122,
    0.5480017183303832,
    0.5451033939361573,
    0.5490206908226013,
    0.5442333443641663,
    0.5496867004394531,
    0.5423750232696534,
    0.5452169132232666,
    0.5433955783843994,
    0.5489145773887635,
    0.5467271674156189,
    0.5429963582038879,
    0.5447854434013367,
    0.5403804111480713,
    0.5368487164497375,
    0.5415645503997802,
    0.539021537399292,
    0.5373983367919922,
    0.5402064226150513,
    0.5354611256599426,
    0.5391164842605591,
    0.5352259190559387,
    0.5354007439613342,
    0.5342007026672363,
    0.533314761543274,
    0.5338284593582153,
    0.5327806978225708,
    0.5355347449302673,
    0.537070683670044,
    0.5316714085578919,
    0.5341608842849731,
    0.5340417603492736,
    0.5352836267471314,
    0.5309814363479615,
    0.5326416432380676,
    0.5304470071792603,
    0.5287908115386963,
    0.5321938019752502,
    0.5280285500526428,
    0.5316949019432068,
    0.5293069892883301,
    0.5292425028800964,
    0.5291545284271241,
    0.5281169198036194,
    0.5282378257751464,
    0.5303823691368102,
    0.5293941725730896,
    0.5279071190834045,
    0.5280242396354675,
    0.5265548760414124,
    0.5260295550346374,
    0.5279069955825806,
    0.5276368984222413,
    0.5278011736869812,
    0.5264449105262756,
    0.5272487035751343,
    0.5265838355064392,
    0.5261800448417664,
    0.5266903249740601,
    0.5262252883911133,
    0.5261335550308227,
    0.5267330616950989,
    0.5261728122711181,
    0.5268262357711792,
    0.5269471057891846,
    0.5265594915390015
  ],
  "val_acc": [
    0.2645,
    0.6282,
    0.8163,
    0.8876,
    0.9152,
    0.9381,
    0.9462,
    0.9593,
    0.9456,
    0.961,
    0.9685,
    0.966,
    0.9665,
    0.9742,
    0.977,
    0.9825,
    0.9787,
    0.9749,
    0.9766,
    0.9769,
    0.9809,
    0.9828,
    0.982,
    0.9822,
    0.9848,
    0.983,
    0.9849,
    0.9786,
    0.9818,
    0.9842,
    0.9847,
    0.9842,
    0.9829,
    0.9858,
    0.9848,
    0.9872,
    0.9878,
    0.9858,
    0.9873,
    0.9845,
    0.9876,
    0.9865,
    0.9879,
    0.9858,
    0.9864,
    0.9884,
    0.9874,
    0.9892,
    0.9883,
    0.9888,
    0.9885,
    0.9887,
    0.9886,
    0.9892,
    0.9893,
    0.9901,
    0.9896,
    0.9902,
    0.9901,
    0.9902,
    0.992,
    0.9898,
    0.9885,
    0.9913,
    0.9913,
    0.9903,
    0.9905,
    0.9908,
    0.9906,
    0.9919,
    0.9917,
    0.9906,
    0.9923,
    0.9917,
    0.9916,
    0.9913,
    0.9921,
    0.9928,
    0.9928,
    0.9921,
    0.992,
    0.9922,
    0.9924,
    0.9931,
    0.9929,
    0.9919,
    0.9924,
    0.9929,
    0.9929,
    0.9931,
    0.9931,
    0.9929,
    0.9928,
    0.9935,
    0.9933,
    0.9931,
    0.993,
    0.993,
    0.9927,
    0.9931
  ],
  "best_val_loss": 0.5265548760414124,
  "total_time_s": 5267.649883508682,
  "stopped_epoch": 100
}