{
  "train_loss": [
    2.1787231807072955,
    1.925761767578125,
    1.7924674366845026,
    1.6895011663860744,
    1.6108615168677436,
    1.5557221656375462,
    1.5000293251037597,
    1.4557987438201905,
    1.4190286440955269,
    1.392405985683865,
    1.3638999667485554,
    1.3396988828023275,
    1.3186844388537937,
    1.3008602501339384,
    1.2873812359703911,
    1.2739809804704454,
    1.2606496025509304,
    1.2511897078196208,
    1.2362042494244045,
    1.2262447127024332,
    1.2203486596001518,
    1.210249412621392,
    1.193679674275716,
    1.1924696507136028,
    1.1868179447809855,
    1.1781354111141629,
    1.1728569647894966,
    1.165210852241516,
    1.1588606550004747,
    1.15375562432607,
    1.146588239479065,
    1.1445279340108236,
    1.1354300534142387,
    1.1311822775522868,
    1.1253992127312553,
    1.120936966196696,
    1.1218813212712606,
    1.1169808038923474,
    1.1085514609866671,
    1.105374530834622,
    1.1014563994725546,
    1.0967771807988485,
    1.096701702287462,
    1.090369553311666,
    1.0854149866739908,
    1.0834922982321846,
    1.0801596339331734,
    1.0773991110907661,
    1.0745853553771973,
    1.0710887804243299,
    1.0666486005995008,
    1.059571937582228,
    1.066090218226115,
    1.0589042104297215,
    1.0598000483194987,
    1.0526773891448975,
    1.0541088464948867,
    1.0474743025037978,
    1.0424669730928209,
    1.0409993999693128,
    1.0376870491027832,
    1.0353361314137777,
    1.0387399223751492,
    1.030087791633606,
    1.0298493165334066,
    1.0299726233588324,
    1.0251859243710835,
    1.0245917497846815,
    1.0285408726374308,
    1.0177974310133193
  ],
  "train_acc": [
    0.18222222222222223,
    0.28835555555555553,
    0.38495555555555555,
    0.45013333333333333,
    0.4946,
    0.5243555555555556,
    0.5601555555555555,
    0.5848444444444444,
    0.6037111111111111,
    0.6187777777777778,
    0.6315555555555555,
    0.6448,
    0.6556888888888889,
    0.6649777777777778,
    0.6718444444444445,
    0.6801777777777778,
    0.6855333333333333,
    0.6907333333333333,
    0.6998666666666666,
    0.7028222222222222,
    0.708,
    0.7126888888888889,
    0.7206888888888889,
    0.7226888888888889,
    0.7260888888888889,
    0.729,
    0.7344222222222222,
    0.7373555555555555,
    0.7394,
    0.7437777777777778,
    0.7453333333333333,
    0.7476666666666667,
    0.7508666666666667,
    0.7543777777777778,
    0.7572888888888889,
    0.7583111111111112,
    0.7600444444444444,
    0.7627777777777778,
    0.7661555555555556,
    0.7667555555555555,
    0.7685333333333333,
    0.7721777777777777,
    0.7712444444444444,
    0.7742222222222223,
    0.7767555555555555,
    0.7786666666666666,
    0.7792444444444444,
    0.7816444444444445,
    0.7817777777777778,
    0.7835777777777778,
    0.7843555555555556,
    0.7880222222222222,
    0.7871777777777778,
    0.7895555555555556,
    0.7914,
    0.7903333333333333,
    0.7905111111111112,
    0.7936444444444445,
    0.7971777777777778,
    0.7968,
    0.7988888888888889,
    0.8017777777777778,
    0.7985777777777778,
    0.8021777777777778,
    0.8021555555555555,
    0.8020444444444444,
    0.8049555555555555,
    0.8049777777777778,
    0.8020222222222222,
    0.8103111111111111
  ],
  "val_loss": [
    1.9852105712890624,
    1.798999353981018,
    1.6579957502365112,
    1.549935105895996,
    1.4619346269607545,
    1.4184642221450805,
    1.3633380136489868,
    1.3291533424377442,
    1.2907970323562623,
    1.2585315856933594,
    1.2248196117401122,
    1.2160403546333314,
    1.2213296113967895,
    1.185478417778015,
    1.1782630685806275,
    1.1562187172889709,
    1.1543893369674683,
    1.1396174249649047,
    1.1226463800430297,
    1.1739229591369629,
    1.1181604236602782,
    1.1272770232200622,
    1.106590527534485,
    1.107355903148651,
    1.0678605548858642,
    1.0598280225753784,
    1.0753636370658874,
    1.0488243368148804,
    1.0558901287078857,
    1.0454029222488403,
    1.024692739391327,
    1.0646706285476684,
    1.0028042128562926,
    1.057252165031433,
    1.0247917784690856,
    1.0405469331741333,
    1.0551842651367187,
    1.0195004816055298,
    1.0607473327636718,
    0.9884722008705139,
    1.0349762729644776,
    1.01381284866333,
    1.0139148474693298,
    0.9909337503433228,
    1.0398793001174926,
    1.0201482067108154,
    0.9859083856582641,
    1.0005875198364258,
    0.9850844610214233,
    0.9898193746566772,
    0.9965123721122742,
    0.9758738846778869,
    0.997855606842041,
    0.9788793254852295,
    0.9874867725372315,
    0.9983214420318604,
    0.9531158096313477,
    0.9672799975395202,
    0.986185725402832,
    0.9408803527832031,
    0.9562712599754334,
    0.9519987852096558,
    0.9753699183464051,
    0.9615135181427001,
    0.9674086612701416,
    0.9643506928443909,
    0.9924202962875366,
    0.9656609619140625,
    0.9473139764785766,
    0.95403128490448
  ],
  "val_acc": [
    0.2288,
    0.3748,
    0.4464,
    0.5066,
    0.557,
    0.5682,
    0.5966,
    0.6206,
    0.6398,
    0.6492,
    0.676,
    0.677,
    0.671,
    0.6916,
    0.6902,
    0.704,
    0.7008,
    0.7118,
    0.7214,
    0.6976,
    0.7312,
    0.7206,
    0.7286,
    0.7354,
    0.7562,
    0.759,
    0.7476,
    0.7618,
    0.7598,
    0.7652,
    0.7724,
    0.7534,
    0.7806,
    0.7536,
    0.7768,
    0.7686,
    0.7556,
    0.7738,
    0.7616,
    0.7864,
    0.7706,
    0.7786,
    0.773,
    0.7848,
    0.7684,
    0.7748,
    0.7922,
    0.7878,
    0.7912,
    0.7874,
    0.7868,
    0.7916,
    0.7814,
    0.7964,
    0.787,
    0.7884,
    0.8014,
    0.797,
    0.7922,
    0.8096,
    0.803,
    0.8084,
    0.7972,
    0.8024,
    0.7972,
    0.7984,
    0.7856,
    0.798,
    0.8066,
    0.807
  ],
  "best_val_loss": 0.9408803527832031,
  "total_time_s": 2145.6163878440857,
  "stopped_epoch": 70
}