{
  "weighted_f1": {
    "mean": 0.8421085858780464,
    "std": NaN,
    "min": 0.8421085858780464,
    "max": 0.8421085858780464,
    "values": [
      0.8421085858780464
    ]
  },
  "macro_f1": {
    "mean": 0.8421085858780464,
    "std": NaN,
    "min": 0.8421085858780464,
    "max": 0.8421085858780464,
    "values": [
      0.8421085858780464
    ]
  },
  "weighted_accuracy": {
    "mean": 0.8414,
    "std": NaN,
    "min": 0.8414,
    "max": 0.8414,
    "values": [
      0.8414
    ]
  },
  "mean_auc": {
    "mean": 0.9852100444444444,
    "std": NaN,
    "min": 0.9852100444444444,
    "max": 0.9852100444444444,
    "values": [
      0.9852100444444444
    ]
  },
  "best_seed_idx": 0,
  "n_runs": 1
}