{
  "weighted_f1": 0.8576572659156889,
  "macro_f1": 0.8576572659156888,
  "weighted_accuracy": 0.8573,
  "weighted_precision": 0.859012768745203,
  "weighted_recall": 0.8573,
  "per_class_auc": [
    0.9907426666666667,
    0.9967598888888888,
    0.9795365555555555,
    0.9658938888888889,
    0.9837424444444443,
    0.9795848888888888,
    0.990078,
    0.9916911111111111,
    0.9941943333333334,
    0.9924417777777779
  ],
  "mean_auc": 0.9864665555555554,
  "confusion_matrix": [
    [
      901,
      11,
      21,
      13,
      3,
      0,
      1,
      11,
      24,
      15
    ],
    [
      15,
      948,
      0,
      3,
      0,
      1,
      1,
      1,
      4,
      27
    ],
    [
      41,
      1,
      807,
      45,
      38,
      26,
      28,
      13,
      0,
      1
    ],
    [
      21,
      2,
      40,
      751,
      29,
      100,
      31,
      14,
      4,
      8
    ],
    [
      11,
      2,
      35,
      37,
      848,
      14,
      16,
      34,
      2,
      1
    ],
    [
      7,
      2,
      23,
      125,
      22,
      782,
      7,
      28,
      0,
      4
    ],
    [
      9,
      3,
      31,
      42,
      16,
      13,
      876,
      5,
      3,
      2
    ],
    [
      16,
      1,
      18,
      20,
      19,
      28,
      2,
      890,
      0,
      6
    ],
    [
      57,
      18,
      8,
      9,
      1,
      1,
      1,
      0,
      886,
      19
    ],
    [
      22,
      62,
      3,
      9,
      1,
      2,
      2,
      4,
      11,
      884
    ]
  ],
  "report": "              precision    recall  f1-score   support\n\n           0       0.82      0.90      0.86      1000\n           1       0.90      0.95      0.92      1000\n           2       0.82      0.81      0.81      1000\n           3       0.71      0.75      0.73      1000\n           4       0.87      0.85      0.86      1000\n           5       0.81      0.78      0.80      1000\n           6       0.91      0.88      0.89      1000\n           7       0.89      0.89      0.89      1000\n           8       0.95      0.89      0.92      1000\n           9       0.91      0.88      0.90      1000\n\n    accuracy                           0.86     10000\n   macro avg       0.86      0.86      0.86     10000\nweighted avg       0.86      0.86      0.86     10000\n",
  "seed": 0
}