{
  "weighted_f1": {
    "mean": 0.8645530347854051,
    "std": NaN,
    "min": 0.8645530347854051,
    "max": 0.8645530347854051,
    "values": [
      0.8645530347854051
    ]
  },
  "macro_f1": {
    "mean": 0.8645530347854052,
    "std": NaN,
    "min": 0.8645530347854052,
    "max": 0.8645530347854052,
    "values": [
      0.8645530347854052
    ]
  },
  "weighted_accuracy": {
    "mean": 0.8636,
    "std": NaN,
    "min": 0.8636,
    "max": 0.8636,
    "values": [
      0.8636
    ]
  },
  "mean_auc": {
    "mean": 0.9890445666666666,
    "std": NaN,
    "min": 0.9890445666666666,
    "max": 0.9890445666666666,
    "values": [
      0.9890445666666666
    ]
  },
  "best_seed_idx": 0,
  "n_runs": 1
}