{
  "weighted_f1": {
    "mean": 0.5467283663579078,
    "std": NaN,
    "min": 0.5467283663579078,
    "max": 0.5467283663579078,
    "values": [
      0.5467283663579078
    ]
  },
  "macro_f1": {
    "mean": 0.5467283663579079,
    "std": NaN,
    "min": 0.5467283663579079,
    "max": 0.5467283663579079,
    "values": [
      0.5467283663579079
    ]
  },
  "weighted_accuracy": {
    "mean": 0.5632,
    "std": NaN,
    "min": 0.5632,
    "max": 0.5632,
    "values": [
      0.5632
    ]
  },
  "mean_auc": {
    "mean": 0.9758546565656565,
    "std": NaN,
    "min": 0.9758546565656565,
    "max": 0.9758546565656565,
    "values": [
      0.9758546565656565
    ]
  },
  "best_seed_idx": 0,
  "n_runs": 1
}