{
  "weighted_f1": {
    "mean": 0.47545444001776105,
    "std": NaN,
    "min": 0.47545444001776105,
    "max": 0.47545444001776105,
    "values": [
      0.47545444001776105
    ]
  },
  "macro_f1": {
    "mean": 0.47545444001776105,
    "std": NaN,
    "min": 0.47545444001776105,
    "max": 0.47545444001776105,
    "values": [
      0.47545444001776105
    ]
  },
  "weighted_accuracy": {
    "mean": 0.4889,
    "std": NaN,
    "min": 0.4889,
    "max": 0.4889,
    "values": [
      0.4889
    ]
  },
  "mean_auc": {
    "mean": 0.9634175454545455,
    "std": NaN,
    "min": 0.9634175454545455,
    "max": 0.9634175454545455,
    "values": [
      0.9634175454545455
    ]
  },
  "best_seed_idx": 0,
  "n_runs": 1
}