{
  "weighted_f1": {
    "mean": 0.7873781233777638,
    "std": NaN,
    "min": 0.7873781233777638,
    "max": 0.7873781233777638,
    "values": [
      0.7873781233777638
    ]
  },
  "macro_f1": {
    "mean": 0.7873781233777638,
    "std": NaN,
    "min": 0.7873781233777638,
    "max": 0.7873781233777638,
    "values": [
      0.7873781233777638
    ]
  },
  "weighted_accuracy": {
    "mean": 0.7862,
    "std": NaN,
    "min": 0.7862,
    "max": 0.7862,
    "values": [
      0.7862
    ]
  },
  "mean_auc": {
    "mean": 0.9755141555555555,
    "std": NaN,
    "min": 0.9755141555555555,
    "max": 0.9755141555555555,
    "values": [
      0.9755141555555555
    ]
  },
  "best_seed_idx": 0,
  "n_runs": 1
}