{
  "weighted_f1": 0.8370117184044715,
  "macro_f1": 0.8370117184044714,
  "weighted_accuracy": 0.8357,
  "weighted_precision": 0.842538755473078,
  "weighted_recall": 0.8357,
  "per_class_auc": [
    0.9888290000000001,
    0.995638,
    0.9718353333333333,
    0.9613004444444444,
    0.9792703333333334,
    0.9733803333333333,
    0.9865515555555555,
    0.9902551111111111,
    0.9928794444444444,
    0.9926438888888889
  ],
  "mean_auc": 0.9832583444444444,
  "confusion_matrix": [
    [
      917,
      13,
      8,
      13,
      0,
      1,
      0,
      11,
      24,
      13
    ],
    [
      11,
      935,
      1,
      5,
      0,
      2,
      2,
      1,
      7,
      36
    ],
    [
      63,
      1,
      783,
      58,
      26,
      34,
      13,
      15,
      4,
      3
    ],
    [
      18,
      1,
      38,
      732,
      22,
      147,
      19,
      12,
      7,
      4
    ],
    [
      25,
      2,
      55,
      76,
      735,
      40,
      11,
      51,
      5,
      0
    ],
    [
      9,
      3,
      20,
      124,
      16,
      786,
      5,
      36,
      0,
      1
    ],
    [
      14,
      2,
      44,
      82,
      14,
      25,
      812,
      4,
      2,
      1
    ],
    [
      12,
      3,
      25,
      26,
      10,
      52,
      0,
      865,
      1,
      6
    ],
    [
      60,
      14,
      6,
      6,
      0,
      2,
      1,
      2,
      894,
      15
    ],
    [
      18,
      47,
      4,
      9,
      0,
      3,
      1,
      4,
      16,
      898
    ]
  ],
  "report": "              precision    recall  f1-score   support\n\n           0       0.80      0.92      0.85      1000\n           1       0.92      0.94      0.93      1000\n           2       0.80      0.78      0.79      1000\n           3       0.65      0.73      0.69      1000\n           4       0.89      0.73      0.81      1000\n           5       0.72      0.79      0.75      1000\n           6       0.94      0.81      0.87      1000\n           7       0.86      0.86      0.86      1000\n           8       0.93      0.89      0.91      1000\n           9       0.92      0.90      0.91      1000\n\n    accuracy                           0.84     10000\n   macro avg       0.84      0.84      0.84     10000\nweighted avg       0.84      0.84      0.84     10000\n",
  "seed": 0
}