{
  "weighted_f1": {
    "mean": 0.8565305372736706,
    "std": NaN,
    "min": 0.8565305372736706,
    "max": 0.8565305372736706,
    "values": [
      0.8565305372736706
    ]
  },
  "macro_f1": {
    "mean": 0.8565305372736708,
    "std": NaN,
    "min": 0.8565305372736708,
    "max": 0.8565305372736708,
    "values": [
      0.8565305372736708
    ]
  },
  "weighted_accuracy": {
    "mean": 0.856,
    "std": NaN,
    "min": 0.856,
    "max": 0.856,
    "values": [
      0.856
    ]
  },
  "mean_auc": {
    "mean": 0.9881777666666668,
    "std": NaN,
    "min": 0.9881777666666668,
    "max": 0.9881777666666668,
    "values": [
      0.9881777666666668
    ]
  },
  "best_seed_idx": 0,
  "n_runs": 1
}