{
  "weighted_f1": 0.8118392309332406,
  "macro_f1": 0.8118392309332407,
  "weighted_accuracy": 0.811,
  "weighted_precision": 0.8159625761899111,
  "weighted_recall": 0.811,
  "per_class_auc": [
    0.9859024444444445,
    0.9934810000000001,
    0.9638053333333334,
    0.9459322222222222,
    0.9742494444444444,
    0.9655579999999999,
    0.9854488888888889,
    0.9859818888888888,
    0.9928341111111111,
    0.9901868888888888
  ],
  "mean_auc": 0.9783380222222222,
  "confusion_matrix": [
    [
      872,
      7,
      19,
      11,
      3,
      1,
      3,
      7,
      54,
      23
    ],
    [
      19,
      894,
      1,
      7,
      0,
      1,
      3,
      2,
      8,
      65
    ],
    [
      63,
      4,
      707,
      74,
      41,
      35,
      44,
      20,
      8,
      4
    ],
    [
      28,
      0,
      35,
      721,
      21,
      113,
      40,
      25,
      11,
      6
    ],
    [
      25,
      2,
      60,
      73,
      723,
      21,
      28,
      58,
      10,
      0
    ],
    [
      14,
      1,
      22,
      192,
      22,
      706,
      8,
      34,
      1,
      0
    ],
    [
      15,
      4,
      37,
      61,
      18,
      18,
      834,
      7,
      5,
      1
    ],
    [
      21,
      1,
      18,
      41,
      20,
      47,
      0,
      848,
      1,
      3
    ],
    [
      40,
      14,
      7,
      11,
      0,
      0,
      3,
      1,
      912,
      12
    ],
    [
      17,
      41,
      3,
      16,
      1,
      3,
      2,
      7,
      17,
      893
    ]
  ],
  "report": "              precision    recall  f1-score   support\n\n           0       0.78      0.87      0.82      1000\n           1       0.92      0.89      0.91      1000\n           2       0.78      0.71      0.74      1000\n           3       0.60      0.72      0.65      1000\n           4       0.85      0.72      0.78      1000\n           5       0.75      0.71      0.73      1000\n           6       0.86      0.83      0.85      1000\n           7       0.84      0.85      0.84      1000\n           8       0.89      0.91      0.90      1000\n           9       0.89      0.89      0.89      1000\n\n    accuracy                           0.81     10000\n   macro avg       0.82      0.81      0.81     10000\nweighted avg       0.82      0.81      0.81     10000\n",
  "seed": 0
}