{
  "train_loss": [
    1.9716392723188023,
    1.555901257815565,
    1.4018935022038763,
    1.3056563946282982,
    1.2223010689286402,
    1.1452229081156455,
    1.0838811410268714,
    1.0388396726358657,
    1.0043809099501306,
    0.9809231144136056,
    0.9562440386792967,
    0.9416912853137627,
    0.9292872722871919,
    0.9179153415466808,
    0.9089224433161385,
    0.8975631345552393,
    0.8942053641916471,
    0.8818977532574768,
    0.8798730736324758,
    0.8713931041540817,
    0.8697724896084706,
    0.8610269165265835,
    0.8605847041645793,
    0.8557819136646442,
    0.8560010824761309,
    0.8508004555702633,
    0.8464603265066497,
    0.8446014267512706,
    0.8436317351602057,
    0.8355452411068488,
    0.8352529261503131,
    0.8293070712456826,
    0.8303007006650501,
    0.8285802960040819,
    0.8246667430826736,
    0.8245742862513555,
    0.8244375944391897,
    0.8214352336548303,
    0.8174552169448668,
    0.8171873515942631,
    0.8160946967734343,
    0.8127027903351711,
    0.8126026162614165,
    0.8061756329449756,
    0.8095040582218108,
    0.8064764248773233,
    0.8057098835435167,
    0.8024609540111675,
    0.801639956174159,
    0.8026676014628038,
    0.8008379388149063,
    0.7984820098695535,
    0.7992862802864981,
    0.795821221249703,
    0.7934362869632737,
    0.7931384337288024,
    0.7930790124890476,
    0.7906455602469542,
    0.7882729178508381,
    0.7879858027299704,
    0.786165022013945,
    0.7831603367226172,
    0.7831044058369724,
    0.7860645197927647,
    0.7785694331713552,
    0.7825725032353996,
    0.7810425573552713,
    0.7780477383003335,
    0.7800689295475375,
    0.7751635442474608,
    0.7745446133356083,
    0.7761126289876749,
    0.7721439910664061,
    0.7719573941759132,
    0.7739276620747116,
    0.7707869681873726,
    0.7697206393915461,
    0.770286373755334,
    0.7700757343793764,
    0.7696480413686806,
    0.7689310365838207,
    0.7670637565409588,
    0.7670526939358434,
    0.7676241887220303,
    0.7655732552471879,
    0.7639980317168811,
    0.7650308723931651,
    0.7671116202496132,
    0.7638531404419197,
    0.7635621469870393,
    0.7630315786563289,
    0.7622904439593237,
    0.763360617369979,
    0.7635457433431995,
    0.7606771619241817,
    0.760463967112002,
    0.7631124817157799
  ],
  "train_acc": [
    0.25957820347571003,
    0.49515534023734387,
    0.5819480865816259,
    0.637550557802569,
    0.6869305302457887,
    0.7287990577358994,
    0.759833770389795,
    0.784223743277479,
    0.8013800613360594,
    0.8120027556780302,
    0.8245922040979599,
    0.8309369305302458,
    0.8366705186897195,
    0.8408484821547625,
    0.8460598248811059,
    0.8508822614338415,
    0.8528823503266811,
    0.8589826214498422,
    0.8604604649095515,
    0.8631939197297658,
    0.8631939197297658,
    0.8660718254144628,
    0.8688941730743589,
    0.8701608960398239,
    0.8704053513489488,
    0.8731165829592427,
    0.8752388995066447,
    0.8755166896306502,
    0.8769056402506779,
    0.878727943464154,
    0.8781723632161429,
    0.8825947819903107,
    0.881250277790124,
    0.8829725765589582,
    0.8854393528601271,
    0.8843393039690652,
    0.8845059780434686,
    0.8856726965642917,
    0.8877616782968132,
    0.887550557802569,
    0.8884394861993866,
    0.890072892128539,
    0.8897395439797324,
    0.8930952486777191,
    0.8931063602826792,
    0.8933508155918041,
    0.8932508111471621,
    0.894306413618383,
    0.8949397751011156,
    0.8942841904084626,
    0.8948064358415929,
    0.8970176452286769,
    0.8969398639939553,
    0.8975732254766878,
    0.9000844481976977,
    0.8998622160984933,
    0.8992621894306414,
    0.9006400284457087,
    0.9007844793101916,
    0.9011289390639584,
    0.9021956531401396,
    0.9032957020312014,
    0.9027290101782302,
    0.9019067514111738,
    0.9049179963553936,
    0.9031179163518379,
    0.9048957731454731,
    0.9053513489488422,
    0.9053846837637228,
    0.9066625183341482,
    0.9081959198186587,
    0.9064069514200631,
    0.9090404017956354,
    0.9087626116716299,
    0.908162585003778,
    0.9103293479710209,
    0.9091848526601183,
    0.909073736610516,
    0.9093293035246011,
    0.9107960353793502,
    0.9100960042668563,
    0.9105960264900662,
    0.9126961198275478,
    0.9104960220454242,
    0.9115182897017645,
    0.9125072225432241,
    0.911740521800969,
    0.9112627227876795,
    0.9122738788390595,
    0.9123405484688208,
    0.912651673407707,
    0.9122405440241789,
    0.9131628072358772,
    0.9129627983465932,
    0.9139183963731722,
    0.914362860571581,
    0.9125738921729855
  ],
  "val_loss": [
    1.8721436009508092,
    1.5907562487795561,
    1.3577237538174123,
    1.1429962279176007,
    1.0622364610540824,
    0.9377001052568169,
    1.0336255243614834,
    0.9285430704436747,
    0.8561180193678755,
    0.8927943668857378,
    0.8367417545997348,
    0.8142683537947278,
    0.8365983221112419,
    0.8326344802969696,
    0.8254570324198812,
    0.8412715679690724,
    0.8198094911834614,
    0.8707245371190132,
    0.7743027603945605,
    0.7716552875653022,
    0.7791581666264616,
    0.7568495407527754,
    0.7617464806737064,
    0.749251287992074,
    0.7853958682983411,
    0.7513269665287953,
    0.7180813795230427,
    0.7608938783419128,
    0.755052964194495,
    0.7264406364567515,
    0.7407313587664605,
    0.7403662924478646,
    0.7701598925859344,
    0.752469135565264,
    0.8382598576379843,
    0.7710834119807048,
    0.7275526684696605,
    0.7445738579644436,
    0.7429595880868768,
    0.7526310413468127,
    0.7143440652208203,
    0.738500313823674,
    0.7131590685430692,
    0.7536725843967985,
    0.7565180905482045,
    0.7225577579360636,
    0.696531973591522,
    0.7100808115445915,
    0.7273600144369132,
    0.7012359016611784,
    0.7408006771570775,
    0.7597244832812191,
    0.7093020061739251,
    0.6988173513496365,
    0.741073085779383,
    0.7282184641726348,
    0.703418234690148,
    0.7468943851368754,
    0.7408866676412931,
    0.7246110987920659,
    0.6962286787288564,
    0.7338104315254032,
    0.6970337319974659,
    0.7137600986397967,
    0.7004951969092963,
    0.7274879220246029,
    0.726563856988752,
    0.73625368704466,
    0.7121409397037541,
    0.7177860232793251,
    0.7243142255255338,
    0.7228982479798226,
    0.7357826049162931,
    0.728719088040748,
    0.715646562553415,
    0.7278660516984842,
    0.7155387933518305,
    0.7389449793927338,
    0.7340994481800175,
    0.7361290837134995,
    0.7137941075820343,
    0.7131483450216182,
    0.7228056278671088,
    0.7516360753348045,
    0.7225707918584275,
    0.7371802199415949,
    0.7134063124466019,
    0.7177434797670211,
    0.730081127458265,
    0.7236398483266453,
    0.7159676015591535,
    0.7074473159449522,
    0.7193735070297214,
    0.7318060682659767,
    0.7120950337363834,
    0.7247353433037415,
    0.7204391563334307
  ],