{
  "weighted_f1": {
    "mean": 0.9213585593799862,
    "std": NaN,
    "min": 0.9213585593799862,
    "max": 0.9213585593799862,
    "values": [
      0.9213585593799862
    ]
  },
  "macro_f1": {
    "mean": 0.914656940961933,
    "std": NaN,
    "min": 0.914656940961933,
    "max": 0.914656940961933,
    "values": [
      0.914656940961933
    ]
  },
  "weighted_accuracy": {
    "mean": 0.9230769230769231,
    "std": NaN,
    "min": 0.9230769230769231,
    "max": 0.9230769230769231,
    "values": [
      0.9230769230769231
    ]
  },
  "mean_auc": {
    "mean": 0.9695595003287311,
    "std": NaN,
    "min": 0.9695595003287311,
    "max": 0.9695595003287311,
    "values": [
      0.9695595003287311
    ]
  },
  "best_seed_idx": 0,
  "n_runs": 1
}