{
  "weighted_f1": 0.8517037286511728,
  "macro_f1": 0.8517037286511726,
  "weighted_accuracy": 0.851,
  "weighted_precision": 0.8546209823683217,
  "weighted_recall": 0.851,
  "per_class_auc": [
    0.9899211111111111,
    0.9972925555555556,
    0.9804708888888889,
    0.9659326666666666,
    0.9841307777777778,
    0.9771479999999999,
    0.988846111111111,
    0.9915563333333334,
    0.9921985555555555,
    0.9912696666666665
  ],
  "mean_auc": 0.9858766666666666,
  "confusion_matrix": [
    [
      890,
      11,
      29,
      7,
      5,
      0,
      1,
      6,
      33,
      18
    ],
    [
      9,
      945,
      1,
      2,
      0,
      2,
      1,
      0,
      4,
      36
    ],
    [
      47,
      1,
      826,
      40,
      29,
      20,
      16,
      16,
      3,
      2
    ],
    [
      18,
      0,
      57,
      762,
      26,
      89,
      19,
      10,
      11,
      8
    ],
    [
      24,
      1,
      58,
      51,
      781,
      30,
      9,
      41,
      5,
      0
    ],
    [
      8,
      2,
      26,
      150,
      15,
      758,
      6,
      29,
      2,
      4
    ],
    [
      16,
      4,
      39,
      64,
      13,
      18,
      841,
      1,
      2,
      2
    ],
    [
      11,
      3,
      13,
      28,
      17,
      23,
      1,
      903,
      0,
      1
    ],
    [
      48,
      20,
      6,
      6,
      2,
      1,
      1,
      0,
      900,
      16
    ],
    [
      17,
      46,
      3,
      8,
      0,
      1,
      2,
      4,
      15,
      904
    ]
  ],
  "report": "              precision    recall  f1-score   support\n\n           0       0.82      0.89      0.85      1000\n           1       0.91      0.94      0.93      1000\n           2       0.78      0.83      0.80      1000\n           3       0.68      0.76      0.72      1000\n           4       0.88      0.78      0.83      1000\n           5       0.80      0.76      0.78      1000\n           6       0.94      0.84      0.89      1000\n           7       0.89      0.90      0.90      1000\n           8       0.92      0.90      0.91      1000\n           9       0.91      0.90      0.91      1000\n\n    accuracy                           0.85     10000\n   macro avg       0.85      0.85      0.85     10000\nweighted avg       0.85      0.85      0.85     10000\n",
  "seed": 0
}