{
  "weighted_f1": {
    "mean": 0.49844016572328703,
    "std": NaN,
    "min": 0.49844016572328703,
    "max": 0.49844016572328703,
    "values": [
      0.49844016572328703
    ]
  },
  "macro_f1": {
    "mean": 0.4984401657232872,
    "std": NaN,
    "min": 0.4984401657232872,
    "max": 0.4984401657232872,
    "values": [
      0.4984401657232872
    ]
  },
  "weighted_accuracy": {
    "mean": 0.5099,
    "std": NaN,
    "min": 0.5099,
    "max": 0.5099,
    "values": [
      0.5099
    ]
  },
  "mean_auc": {
    "mean": 0.9689320909090908,
    "std": NaN,
    "min": 0.9689320909090908,
    "max": 0.9689320909090908,
    "values": [
      0.9689320909090908
    ]
  },
  "best_seed_idx": 0,
  "n_runs": 1
}