{
  "weighted_f1": 0.8908978570000616,
  "macro_f1": 0.8600301147827285,
  "weighted_accuracy": 0.8937325905292479,
  "weighted_precision": 0.9041728188997984,
  "weighted_recall": 0.8937325905292479,
  "per_class_auc": [
    0.9952768442938588,
    0.9997453417202782,
    0.9668168543041931,
    0.9963418313107626,
    0.9859113296619929,
    0.988935144160554,
    0.9910556852546865,
    0.9597524405745275,
    0.9893030501519846
  ],
  "mean_auc": 0.9859042801592044,
  "confusion_matrix": [
    [
      1318,
      16,
      1,
      0,
      1,
      2,
      0,
      0,
      0
    ],
    [
      7,
      840,
      0,
      0,
      0,
      0,
      0,
      0,
      0
    ],
    [
      0,
      0,
      221,
      11,
      0,
      99,
      0,
      8,
      0
    ],
    [
      0,
      0,
      0,
      631,
      0,
      0,
      3,
      0,
      0
    ],
    [
      113,
      7,
      0,
      1,
      904,
      2,
      5,
      0,
      3
    ],
    [
      0,
      0,
      2,
      0,
      1,
      561,
      0,
      27,
      1
    ],
    [
      0,
      0,
      0,
      55,
      0,
      0,
      680,
      0,
      6
    ],
    [
      1,
      3,
      5,
      21,
      18,
      129,
      2,
      208,
      34
    ],
    [
      0,
      0,
      3,
      107,
      11,
      3,
      54,
      1,
      1054
    ]
  ],
  "report": "              precision    recall  f1-score   support\n\n           0       0.92      0.99      0.95      1338\n           1       0.97      0.99      0.98       847\n           2       0.95      0.65      0.77       339\n           3       0.76      1.00      0.86       634\n           4       0.97      0.87      0.92      1035\n           5       0.70      0.95      0.81       592\n           6       0.91      0.92      0.92       741\n           7       0.85      0.49      0.63       421\n           8       0.96      0.85      0.90      1233\n\n    accuracy                           0.89      7180\n   macro avg       0.89      0.86      0.86      7180\nweighted avg       0.90      0.89      0.89      7180\n",
  "seed": 0
}