{
  "train_loss": [
    2.3027806282043457
  ],
  "train_acc": [
    0.08333333333333333
  ],
  "val_loss": [
    2.3058369091033937
  ],
  "val_acc": [
    0.1
  ],
  "best_val_loss": 2.3058369091033937,
  "total_time_s": 24.523510456085205,
  "stopped_epoch": 1
}