{
  "train_loss": [
    2.133947565307617,
    1.5106451043319702,
    1.0563089474487304,
    0.8890289160728455,
    0.8089628577041627,
    0.7682062918663025,
    0.7410300285720826,
    0.7211101243972778,
    0.7023704653930664,
    0.6943437433433532,
    0.6865245741462708,
    0.677633065071106,
    0.6722358823776245,
    0.6682340833282471,
    0.6657866409683227,
    0.664666451587677,
    0.6612603451156617,
    0.6586118300437928,
    0.6561275047302246,
    0.6553629930877686,
    0.6511359131622314,
    0.6526826885414123,
    0.6471152071189881,
    0.6456759530639649,
    0.6441410895729065,
    0.6436036901092529,
    0.642674068031311,
    0.6403309529304504,
    0.6383890482521057,
    0.6370909752845764,
    0.6360886005973816,
    0.63379192735672,
    0.6332070509338379,
    0.6307361429214478,
    0.630466652507782,
    0.6310800249862671,
    0.6298797421646118,
    0.6270775873947143,
    0.6269539842414856,
    0.6256213479232788,
    0.624853321018219,
    0.6253330457878112,
    0.6232362687110901,
    0.6236582687568665,
    0.6237624556350708,
    0.6228346417427063,
    0.6222721977424621,
    0.6213078668403625,
    0.6216783465194702,
    0.6209415719413758
  ],
  "train_acc": [
    0.20164,
    0.54264,
    0.80368,
    0.88372,
    0.91954,
    0.9358,
    0.94522,
    0.95238,
    0.95848,
    0.96134,
    0.96286,
    0.9657,
    0.9683,
    0.96878,
    0.97072,
    0.97116,
    0.97264,
    0.97354,
    0.97312,
    0.9748,
    0.975,
    0.97504,
    0.97728,
    0.97696,
    0.97808,
    0.97882,
    0.97944,
    0.9795,
    0.98108,
    0.98058,
    0.9815,
    0.98236,
    0.9822,
    0.983,
    0.9832,
    0.98308,
    0.98476,
    0.9842,
    0.98492,
    0.9857,
    0.98596,
    0.98514,
    0.98652,
    0.98632,
    0.98614,
    0.98616,
    0.98694,
    0.98744,
    0.98696,
    0.98714
  ],
  "val_loss": [
    1.903968557357788,
    1.065283133506775,
    0.7497917833328247,
    0.6873762948989868,
    0.6537463748931884,
    0.6089372247695923,
    0.5934622426986694,
    0.5741462648391724,
    0.5800090878486633,
    0.5743376951217651,
    0.5682871773719788,
    0.5547395144462586,
    0.5562559369087219,
    0.5621495693206787,
    0.5500692923545838,
    0.5475513353347778,
    0.550504584312439,
    0.5498998111724853,
    0.551036541557312,
    0.5436484922409057,
    0.5399359872817994,
    0.5409491101264954,
    0.5401887993812561,
    0.5410931457519531,
    0.5347927452087402,
    0.5324120366096496,
    0.5390939756393432,
    0.5320481719970703,
    0.5322541493415832,
    0.5314492571830749,
    0.5298197250366211,
    0.5292213949203491,
    0.5309290975570679,
    0.5308934754371643,
    0.527532306098938,
    0.5273075791358948,
    0.525552763748169,
    0.5235536536216736,
    0.5235105255126953,
    0.5238217845916748,
    0.5234847508430481,
    0.5240711404800416,
    0.5222772288322449,
    0.5219703435897827,
    0.5206095897674561,
    0.5204436912536621,
    0.5207692129135132,
    0.5209318933486938,
    0.5208167809486389,
    0.5203904211997986
  ],
  "val_acc": [
    0.2264,
    0.7909,
    0.9166,
    0.9376,
    0.9462,
    0.9648,
    0.9686,
    0.9759,
    0.9705,
    0.9746,
    0.9758,
    0.9812,
    0.9809,
    0.9795,
    0.9822,
    0.9841,
    0.9821,
    0.9835,
    0.9827,
    0.9876,
    0.9871,
    0.9856,
    0.9873,
    0.9875,
    0.9899,
    0.99,
    0.9873,
    0.9907,
    0.9897,
    0.9902,
    0.9914,
    0.9906,
    0.9911,
    0.9906,
    0.9922,
    0.992,
    0.9925,
    0.9927,
    0.9936,
    0.9936,
    0.9936,
    0.9939,
    0.9945,
    0.9946,
    0.9953,
    0.9949,
    0.995,
    0.9948,
    0.995,
    0.995
  ],
  "best_val_loss": 0.5206095897674561,
  "total_time_s": 2438.234467983246,
  "stopped_epoch": 50
}