{
  "train_loss": [
    2.118496051864624,
    1.4604283556747437,
    1.0498806435775756,
    0.899284988708496,
    0.8167916401672364,
    0.7729456825256348,
    0.7416166143798828,
    0.7213474353218079,
    0.7087287202262879,
    0.6983052090835571,
    0.6884006223487854,
    0.6837075277137756,
    0.6780729693984985,
    0.6746878950500488,
    0.6740963516616821,
    0.6681376738739013,
    0.6663920901107788,
    0.6664487737846374,
    0.6607646529006957,
    0.6611653953552246,
    0.6573237293243408,
    0.6544257798194886,
    0.650169792842865,
    0.6492481482505799,
    0.6467865240859986,
    0.6473277949905395,
    0.6437805756378174,
    0.6433256636238098,
    0.6417399720954895,
    0.6386617466354371,
    0.6398122228240967,
    0.6356539407920837,
    0.6353091568565369,
    0.6344589601135254,
    0.6332016431427002,
    0.6312307431793213,
    0.6309540552330017,
    0.6295361534118652,
    0.6274681925964355,
    0.6293469338607788,
    0.6271343753051758,
    0.6263616851615906,
    0.6241914127731323,
    0.6248863668060303,
    0.6234272985458374,
    0.6237975395202636,
    0.622857522354126,
    0.6244440826797485,
    0.6223400394248962,
    0.6235650012207031
  ],
  "train_acc": [
    0.23098,
    0.57024,
    0.80022,
    0.8792,
    0.91588,
    0.93298,
    0.94398,
    0.95134,
    0.95602,
    0.9592,
    0.96352,
    0.96456,
    0.9671,
    0.96822,
    0.96894,
    0.97124,
    0.97172,
    0.97114,
    0.9737,
    0.97268,
    0.97374,
    0.9754,
    0.97694,
    0.97744,
    0.97826,
    0.97842,
    0.97856,
    0.97948,
    0.98018,
    0.98142,
    0.98122,
    0.98198,
    0.98322,
    0.98282,
    0.98346,
    0.98368,
    0.9839,
    0.98504,
    0.9851,
    0.9852,
    0.98578,
    0.98576,
    0.98652,
    0.98666,
    0.98662,
    0.98668,
    0.98638,
    0.98684,
    0.9875,
    0.98748
  ],
  "val_loss": [
    1.8054519386291503,
    1.0364271957397462,
    0.8057814281463623,
    0.6846936132431031,
    0.6579964022636413,
    0.6221302322387695,
    0.5930666040420532,
    0.5946232033729553,
    0.6022280925750733,
    0.5773663225173951,
    0.5651460961341858,
    0.5648616013526917,
    0.5579710025787353,
    0.5570715169906616,
    0.5633460761070251,
    0.5504548374176026,
    0.5543946927070618,
    0.5524794213294983,
    0.5459442415237427,
    0.5443106564521789,
    0.5448866508483887,
    0.5485262042045593,
    0.5422937074661255,
    0.54138484582901,
    0.5471614330291749,
    0.5374821112632752,
    0.5367992791175842,
    0.5349973362922669,
    0.5360958816528321,
    0.5344372682571411,
    0.5323391828536987,
    0.529523683643341,
    0.5309416864395141,
    0.5279130904197693,
    0.5284291363716126,
    0.5266279055595398,
    0.527014584159851,
    0.5264871235847474,
    0.5261883703231811,
    0.5253677944183349,
    0.5248430418014527,
    0.5236713846206665,
    0.5229264400482178,
    0.5227719232559204,
    0.5225678748130799,
    0.5220868025779725,
    0.5219982057571411,
    0.5222533796310425,
    0.5218561296463012,
    0.5220154691696167
  ],
  "val_acc": [
    0.42,
    0.8173,
    0.8959,
    0.9385,
    0.9457,
    0.9604,
    0.97,
    0.9688,
    0.9643,
    0.9747,
    0.9804,
    0.9792,
    0.9807,
    0.981,
    0.98,
    0.9848,
    0.9819,
    0.9829,
    0.9856,
    0.9864,
    0.9862,
    0.9852,
    0.9861,
    0.9868,
    0.9848,
    0.9882,
    0.9888,
    0.99,
    0.9882,
    0.9885,
    0.9902,
    0.9907,
    0.991,
    0.9916,
    0.9918,
    0.9924,
    0.9925,
    0.9925,
    0.993,
    0.9934,
    0.9932,
    0.9943,
    0.9934,
    0.9941,
    0.9944,
    0.9947,
    0.9947,
    0.9942,
    0.9943,
    0.9944
  ],
  "best_val_loss": 0.5225678748130799,
  "total_time_s": 2433.2540097236633,
  "stopped_epoch": 50
}