{
  "train_loss": [
    2.123644107131958,
    1.5516128131484985,
    1.1109130065536499,
    0.9438345575714111,
    0.8455767049217224,
    0.7927961458206176,
    0.7647692548751831,
    0.7344974812698364,
    0.7225357538032532,
    0.7069941218948365,
    0.6973521966171264,
    0.6881627669525147,
    0.6833274801445007,
    0.6762467482376099,
    0.67114266954422,
    0.6671199234771729,
    0.6608983522415162,
    0.6587341881752015,
    0.6592297853088379,
    0.6522690159988404,
    0.6513604710769654,
    0.6477772583007813,
    0.6467592698860168,
    0.6430737546157836,
    0.6432065623664855,
    0.6403329711341857,
    0.6404979423332214,
    0.6394002613449097,
    0.6380890957260131,
    0.6345728303527832,
    0.6349436707878113,
    0.6329789398956299,
    0.6321873727607727,
    0.6303834548568725,
    0.6284142301750183,
    0.6292459657669067,
    0.6272747523498535,
    0.626356757144928,
    0.6263312898254395,
    0.6239689506149292,
    0.6251498540878296,
    0.6241739242744446,
    0.6230614908981323,
    0.6206991832542419,
    0.6212209631729126,
    0.6215663562011718,
    0.6210415256118774,
    0.621311603527069,
    0.621329249420166,
    0.6218008730697632
  ],
  "train_acc": [
    0.2252,
    0.52384,
    0.77068,
    0.86206,
    0.90804,
    0.93016,
    0.93968,
    0.95098,
    0.95642,
    0.96158,
    0.96416,
    0.96654,
    0.96816,
    0.97008,
    0.97136,
    0.97218,
    0.97392,
    0.97398,
    0.97466,
    0.97732,
    0.97666,
    0.9785,
    0.97846,
    0.9796,
    0.97972,
    0.98044,
    0.98092,
    0.98114,
    0.98164,
    0.98298,
    0.98294,
    0.9835,
    0.98368,
    0.98392,
    0.98514,
    0.98476,
    0.98614,
    0.98538,
    0.98562,
    0.9866,
    0.98664,
    0.98694,
    0.98618,
    0.98828,
    0.98782,
    0.98754,
    0.98794,
    0.98798,
    0.98808,
    0.98764
  ],
  "val_loss": [
    1.8432407009124756,
    1.1363346246719361,
    0.8150075210571289,
    0.7139195471763611,
    0.6544609783172607,
    0.6214456371307373,
    0.613657728767395,
    0.6024753952026367,
    0.5786365259170532,
    0.5678438504219055,
    0.5707109244346619,
    0.5583875858306885,
    0.5571562898635865,
    0.5555390916824341,
    0.5466934383392335,
    0.5445845431327819,
    0.5441113104820251,
    0.5480815979003906,
    0.5486048302650451,
    0.5428065474510193,
    0.5411873825073242,
    0.5419445541381835,
    0.5440547428131104,
    0.537690651512146,
    0.5377111463546753,
    0.5446422941207886,
    0.5350873748779297,
    0.533005242061615,
    0.5385861979484559,
    0.5313716890335083,
    0.5335325399398804,
    0.5293383027076721,
    0.5286620156288147,
    0.5301903241157532,
    0.5301755630493165,
    0.5295025485038757,
    0.5276686507225037,
    0.5238126047134399,
    0.523786615562439,
    0.5228813541412354,
    0.5237119629859924,
    0.5223510779380799,
    0.5226621753692627,
    0.5226732099533081,
    0.5224579235076904,
    0.521750975894928,
    0.5220519025802612,
    0.5218299858093262,
    0.521140773677826,
    0.5216154885292054
  ],
  "val_acc": [
    0.3446,
    0.7832,
    0.8874,
    0.9356,
    0.9523,
    0.965,
    0.9647,
    0.9688,
    0.9757,
    0.9797,
    0.978,
    0.9829,
    0.9836,
    0.9838,
    0.9858,
    0.9878,
    0.9873,
    0.9852,
    0.9844,
    0.987,
    0.9877,
    0.9875,
    0.9855,
    0.9877,
    0.9885,
    0.9863,
    0.9895,
    0.9901,
    0.9883,
    0.9906,
    0.9906,
    0.9924,
    0.9922,
    0.9924,
    0.9915,
    0.9916,
    0.992,
    0.994,
    0.9941,
    0.994,
    0.9937,
    0.9943,
    0.9942,
    0.9943,
    0.9943,
    0.9944,
    0.9945,
    0.9946,
    0.9951,
    0.9948
  ],
  "best_val_loss": 0.521140773677826,
  "total_time_s": 2431.655577659607,
  "stopped_epoch": 50
}