{
  "train_loss": [
    2.2981579303741455
  ],
  "train_acc": [
    0.08333333333333333
  ],
  "val_loss": [
    2.310547790145874
  ],
  "val_acc": [
    0.1
  ],
  "best_val_loss": 2.310547790145874,
  "total_time_s": 25.618280172348022,
  "stopped_epoch": 1
}