{
  "train_loss": [
    2.1662813728713988,
    1.3776049415969849,
    1.060191762046814,
    0.9259415266799926,
    0.8406411600112915,
    0.7885686172866821,
    0.7570095293807984,
    0.7365439786911011,
    0.7218053894042968,
    0.709582661933899,
    0.7022294852447509,
    0.6924243857192993,
    0.6879351814079284,
    0.6793080582809449,
    0.672980112953186,
    0.6703090505790711,
    0.6639576551818848,
    0.6624508576774597,
    0.660907513923645,
    0.6588338481330872,
    0.6557367312431336,
    0.6552732723999023,
    0.6505650866317749,
    0.6472008797454833,
    0.6468206727600098,
    0.6424825635719299,
    0.6459273880767822,
    0.6432877406692505,
    0.6392166297912598,
    0.6391706923866272,
    0.636952081489563,
    0.6347375101470947,
    0.633524043674469,
    0.6347518506050109,
    0.6323439169692994,
    0.6293944605064392,
    0.6300669618606567,
    0.6274539543533325,
    0.6273337223434449,
    0.6264441683197022,
    0.6257232693481445,
    0.6242940782165527,
    0.6231178697776795,
    0.6217755447196961,
    0.6229746686553955,
    0.6231116513442994,
    0.6233478239250183,
    0.6222543160820008,
    0.6214418069076538,
    0.6210467278862
  ],
  "train_acc": [
    0.22148,
    0.62184,
    0.79404,
    0.86736,
    0.90594,
    0.92712,
    0.93964,
    0.94692,
    0.95282,
    0.95696,
    0.95916,
    0.96318,
    0.96398,
    0.96624,
    0.9689,
    0.96912,
    0.97182,
    0.9711,
    0.97276,
    0.97332,
    0.97464,
    0.97486,
    0.9755,
    0.97782,
    0.97734,
    0.9792,
    0.97746,
    0.97888,
    0.98034,
    0.97984,
    0.98054,
    0.98204,
    0.98232,
    0.98206,
    0.98276,
    0.98394,
    0.98356,
    0.98474,
    0.9839,
    0.98498,
    0.98522,
    0.98546,
    0.98604,
    0.98652,
    0.98612,
    0.98594,
    0.98644,
    0.9868,
    0.9871,
    0.98684
  ],
  "val_loss": [
    1.779653773880005,
    0.9872651569366455,
    0.8230076848983765,
    0.7221876761436462,
    0.6524738667488098,
    0.6220071140289307,
    0.6229273921012879,
    0.5988136053085327,
    0.5817122438430786,
    0.584727264213562,
    0.5817478227615357,
    0.5706999596595764,
    0.5603727416038513,
    0.560896549797058,
    0.554860549736023,
    0.5579813121795655,
    0.5556972999572753,
    0.5544549348831177,
    0.5465694021224976,
    0.5431680037498474,
    0.5448067144393921,
    0.5415945693016052,
    0.5430614468574524,
    0.5390550636291503,
    0.5385120452880859,
    0.5402191676139831,
    0.5405781978607178,
    0.5391032512664795,
    0.5353030601501465,
    0.5354331221580505,
    0.5310566599845886,
    0.5345144477844238,
    0.5296524879455566,
    0.5318724954605103,
    0.5297901377677917,
    0.5274122099876404,
    0.5265678256034851,
    0.5260876032829285,
    0.5264774557113647,
    0.5257203177452088,
    0.5261051248550415,
    0.5261994457244873,
    0.524222734451294,
    0.5251638718605042,
    0.523910915851593,
    0.5238149229049682,
    0.523687934589386,
    0.5236294689178467,
    0.5234540775299072,
    0.523838747882843
  ],
  "val_acc": [
    0.4042,
    0.8134,
    0.8668,
    0.931,
    0.9516,
    0.9616,
    0.9603,
    0.9671,
    0.9734,
    0.9726,
    0.9729,
    0.9773,
    0.981,
    0.9805,
    0.9831,
    0.9821,
    0.9813,
    0.983,
    0.9858,
    0.9869,
    0.9861,
    0.9872,
    0.9868,
    0.9882,
    0.9883,
    0.9878,
    0.9861,
    0.9883,
    0.9894,
    0.9893,
    0.9904,
    0.9895,
    0.9908,
    0.9908,
    0.9911,
    0.9915,
    0.9922,
    0.9925,
    0.9921,
    0.9925,
    0.9923,
    0.9924,
    0.9932,
    0.9933,
    0.9931,
    0.9931,
    0.9935,
    0.9933,
    0.9933,
    0.9933
  ],
  "best_val_loss": 0.524222734451294,
  "total_time_s": 3242.866961956024,
  "stopped_epoch": 50
}