{
  "train_loss": [
    2.1270626553344725,
    1.4405930054473877,
    1.0590022455596924,
    0.9113729750823975,
    0.8219566334342957,
    0.7760831497192383,
    0.7441425188446045,
    0.7233193754577637,
    0.707685297832489,
    0.6975738483047486,
    0.689281623916626,
    0.6850691757011413,
    0.6769411546516418,
    0.6744464156723022,
    0.6689619688224793,
    0.6676631650733947,
    0.6639417812156677,
    0.6609824811172486,
    0.6620260136985778,
    0.6564673749542236,
    0.651944764099121,
    0.652983256149292,
    0.6495791896438599,
    0.6500201126289368,
    0.6457734274673462,
    0.6453204260826111,
    0.6444877785110473,
    0.6405216877365112,
    0.640427776298523,
    0.6395415935134887,
    0.6389929981231689,
    0.6337280403900146,
    0.6344732052993775,
    0.6337219056892395,
    0.6318824426269531,
    0.6300063650512695,
    0.6289876172828675,
    0.6284896138191223,
    0.6268472280120849,
    0.6243127277565003,
    0.6255764181900024,
    0.6226954324913024,
    0.6232383100128174,
    0.6225068590545654,
    0.6224324864387513,
    0.622210967540741,
    0.6226538435745239,
    0.6226145969963074,
    0.6203571536254883,
    0.6213259370613098
  ],
  "train_acc": [
    0.23472,
    0.55598,
    0.79624,
    0.87348,
    0.91566,
    0.93294,
    0.94422,
    0.95198,
    0.9567,
    0.96144,
    0.96418,
    0.96404,
    0.96634,
    0.96832,
    0.97068,
    0.9709,
    0.97266,
    0.97342,
    0.97328,
    0.9749,
    0.9764,
    0.97642,
    0.97678,
    0.9776,
    0.97828,
    0.9784,
    0.9788,
    0.9804,
    0.98034,
    0.98064,
    0.98068,
    0.98286,
    0.98234,
    0.98278,
    0.98334,
    0.98388,
    0.98382,
    0.985,
    0.9847,
    0.98644,
    0.98614,
    0.98736,
    0.9869,
    0.987,
    0.98714,
    0.98728,
    0.98678,
    0.98738,
    0.98782,
    0.98712
  ],
  "val_loss": [
    1.8639263465881348,
    1.0365592073440553,
    0.8284451068878174,
    0.6857737995147705,
    0.6463321494102479,
    0.624214388179779,
    0.6010863540649414,
    0.6079532113075257,
    0.5801841434478759,
    0.5882168674468994,
    0.5737169535636902,
    0.5655546196937561,
    0.5616798142433167,
    0.5580746891975403,
    0.5633146354675292,
    0.5501332434654236,
    0.5531923018455506,
    0.5500998602867126,
    0.5488204892158508,
    0.5470793848037719,
    0.5440982737541199,
    0.5449650375366211,
    0.5458986393928528,
    0.5412347347259522,
    0.5405807168960571,
    0.5384248756408692,
    0.5337080784797669,
    0.5401461344718933,
    0.5347284660339355,
    0.5340358072280884,
    0.5325468763351441,
    0.5310067146301269,
    0.5315957317352294,
    0.5346605512619018,
    0.5304066120147705,
    0.5275313575744629,
    0.5269478602409363,
    0.5261909169197082,
    0.5258763360977173,
    0.5272740560531616,
    0.5253288419723511,
    0.5251873724937439,
    0.5239869064331054,
    0.5241111737251282,
    0.5228082767486573,
    0.5225831174850464,
    0.5228686638832092,
    0.5229148027420044,
    0.5226511277198792,
    0.5225443944931031
  ],
  "val_acc": [
    0.3147,
    0.78,
    0.8883,
    0.9426,
    0.9534,
    0.9582,
    0.9671,
    0.9613,
    0.9739,
    0.973,
    0.9763,
    0.979,
    0.9814,
    0.9813,
    0.978,
    0.9843,
    0.9838,
    0.9839,
    0.9848,
    0.984,
    0.9863,
    0.9861,
    0.9851,
    0.9862,
    0.9884,
    0.9876,
    0.9887,
    0.9865,
    0.9896,
    0.9896,
    0.9891,
    0.9915,
    0.99,
    0.9889,
    0.9902,
    0.9916,
    0.9931,
    0.9923,
    0.993,
    0.9916,
    0.9926,
    0.9927,
    0.9935,
    0.9932,
    0.9936,
    0.9935,
    0.9939,
    0.9938,
    0.9938,
    0.9941
  ],
  "best_val_loss": 0.5228082767486573,
  "total_time_s": 30929.70720267296,
  "stopped_epoch": 50
}