{
  "train_loss": [
    2.1456429230499268,
    1.5491362749481201,
    1.1516474006652833,
    0.9461524546432495,
    0.8464684768295289,
    0.7838114898109436,
    0.7435387784767151,
    0.7231284201431274,
    0.7116075073242187,
    0.7014382975959778,
    0.6944853593063355,
    0.6904087874221801,
    0.6861083200454712,
    0.6758946192932129,
    0.6750266414833069,
    0.6710798040771484,
    0.6703973761177063,
    0.6666558801460266,
    0.6650077209472657,
    0.6579188123703003,
    0.6543688610076904,
    0.6523845993423462,
    0.6527758634376526,
    0.650477576713562,
    0.6496773224449157,
    0.6460790212631226,
    0.6455024962425232,
    0.6415265190505981,
    0.6407606433296203,
    0.6401780880737304,
    0.6364705519866943,
    0.6355819532775879,
    0.6327530855560303,
    0.6330061415481567,
    0.6300514673614502,
    0.6284078922843933,
    0.6279730458641052,
    0.6286228170967102,
    0.6280724069213868,
    0.6260998720932007,
    0.6261938961410523,
    0.6246356564712524,
    0.6242489624023437,
    0.6219604206085205,
    0.6227332157325745,
    0.6202039274978638,
    0.622300421295166,
    0.6208154549980164,
    0.6217255614089966,
    0.6214033141899109
  ],
  "train_acc": [
    0.22594,
    0.50664,
    0.75272,
    0.85904,
    0.90534,
    0.93032,
    0.94534,
    0.95142,
    0.9567,
    0.958,
    0.96146,
    0.96312,
    0.96442,
    0.96908,
    0.96866,
    0.9696,
    0.96964,
    0.97072,
    0.97164,
    0.97426,
    0.97546,
    0.97518,
    0.975,
    0.97698,
    0.97668,
    0.97748,
    0.97784,
    0.97962,
    0.97944,
    0.98,
    0.98112,
    0.9812,
    0.98282,
    0.9821,
    0.983,
    0.9842,
    0.98414,
    0.98346,
    0.98454,
    0.9845,
    0.98504,
    0.985,
    0.98556,
    0.98568,
    0.98588,
    0.98712,
    0.98632,
    0.9869,
    0.98672,
    0.98684
  ],
  "val_loss": [
    1.8344240386962891,
    1.2445660289764404,
    0.8210376670837403,
    0.7265117885589599,
    0.6796404296875,
    0.6104321617126465,
    0.6003158954620361,
    0.5776264045715332,
    0.5759289881706238,
    0.5677698987960815,
    0.5588467183113098,
    0.558450998878479,
    0.571252553844452,
    0.5550785667419433,
    0.5525905172348022,
    0.5540497451782227,
    0.549006079006195,
    0.5457853548049927,
    0.5449561696052552,
    0.5444109466552735,
    0.5411152937889099,
    0.5408790907859802,
    0.5382775712013245,
    0.5489925482749939,
    0.5425941666603088,
    0.535160746383667,
    0.5361392566680908,
    0.5354056091308593,
    0.5323225517272949,
    0.5303721069335937,
    0.5290820429801941,
    0.5311353754997253,
    0.5266607462882995,
    0.5297900631904602,
    0.5269559983253479,
    0.5270443267822266,
    0.5281178910255432,
    0.5236913943290711,
    0.522754388999939,
    0.522106407737732,
    0.5228813626289368,
    0.5230099834442139,
    0.5220795908927918,
    0.5223179606437683,
    0.5216694548606873,
    0.52120441198349,
    0.5212204598426818,
    0.5212814525604248,
    0.5216563558578491,
    0.5215293966293335
  ],
  "val_acc": [
    0.3345,
    0.6746,
    0.8999,
    0.924,
    0.9413,
    0.9638,
    0.9673,
    0.9746,
    0.9748,
    0.9766,
    0.9791,
    0.9812,
    0.973,
    0.9817,
    0.9826,
    0.9825,
    0.9833,
    0.985,
    0.9847,
    0.9846,
    0.9861,
    0.9866,
    0.9883,
    0.9833,
    0.9859,
    0.9892,
    0.9885,
    0.9886,
    0.9899,
    0.9904,
    0.9905,
    0.9901,
    0.9923,
    0.9911,
    0.9919,
    0.9922,
    0.9921,
    0.9925,
    0.9933,
    0.9937,
    0.9936,
    0.9934,
    0.9943,
    0.9936,
    0.9946,
    0.9939,
    0.994,
    0.994,
    0.9938,
    0.9943
  ],
  "best_val_loss": 0.522106407737732,
  "total_time_s": 2485.326423406601,
  "stopped_epoch": 50
}