{
  "train_loss": [
    2.1479599076461793,
    1.5347404013061523,
    1.1027580085754394,
    0.9224406924247742,
    0.8326522078704834,
    0.7840592057228088,
    0.7521567638015747,
    0.7371364158248901,
    0.7164314409637451,
    0.7123617727661132,
    0.7025446564865112,
    0.6960638156509399,
    0.6895963897514343,
    0.6829169884490967,
    0.6799277350997924,
    0.6785354351425171,
    0.6749736959075928,
    0.6719390924835205,
    0.6709539090538025,
    0.6682052706336975,
    0.6640504824256896,
    0.6646575449752807,
    0.6636609441375733,
    0.6609013681793213,
    0.6587010361480713,
    0.6556160241317749,
    0.655469372959137,
    0.6534939888763428,
    0.6527533832168579,
    0.6492250860595703,
    0.6488582476043702,
    0.6466011696052552,
    0.6463187986373902,
    0.6426400785827636,
    0.6423518083953857,
    0.6426901392364502,
    0.6407413159942627,
    0.640642329082489,
    0.637427665233612,
    0.6369181257629395,
    0.6362994804382324,
    0.634401720867157,
    0.6340912667465209,
    0.6350190976715088,
    0.6312995189285279,
    0.6330246369552612,
    0.6321146675109863,
    0.6312693165969848,
    0.6324978174591065,
    0.6323541187095643
  ],
  "train_acc": [
    0.1994,
    0.52844,
    0.78518,
    0.87522,
    0.91366,
    0.933,
    0.94332,
    0.94916,
    0.95538,
    0.95822,
    0.96206,
    0.96288,
    0.96488,
    0.96812,
    0.96836,
    0.96896,
    0.97072,
    0.97108,
    0.97222,
    0.97316,
    0.97518,
    0.97404,
    0.97476,
    0.9753,
    0.97668,
    0.97788,
    0.97774,
    0.97856,
    0.97838,
    0.9805,
    0.97982,
    0.98164,
    0.9809,
    0.98242,
    0.98262,
    0.9825,
    0.9834,
    0.98338,
    0.9846,
    0.98528,
    0.9849,
    0.98542,
    0.98554,
    0.98472,
    0.98618,
    0.98594,
    0.986,
    0.9866,
    0.98622,
    0.98582
  ],
  "val_loss": [
    1.8846599166870117,
    1.113933106994629,
    0.8054722840309143,
    0.7319661487579345,
    0.6527144989013672,
    0.6514932599067688,
    0.602153415107727,
    0.5929449363708497,
    0.5880453466415405,
    0.5743737155914307,
    0.5664251196861267,
    0.5732622789382935,
    0.5568621829986572,
    0.5612809611320495,
    0.5584565440177918,
    0.55442310256958,
    0.5547043182373047,
    0.5556585410118103,
    0.5507163904190063,
    0.546849501991272,
    0.5496853854179382,
    0.5475720657348633,
    0.5413548154830933,
    0.5441601852416992,
    0.5409383344650268,
    0.5411435657501221,
    0.5362675948143005,
    0.5418189829826355,
    0.5393408960342407,
    0.5356032220840454,
    0.5322731035232544,
    0.533272533607483,
    0.5352892784118652,
    0.5310462553977966,
    0.5325003408432006,
    0.5320449348449707,
    0.5298478305816651,
    0.5296320017814636,
    0.5296403911590576,
    0.5297195304870606,
    0.5280407917022705,
    0.5274518971443176,
    0.5274029485702515,
    0.5269249227523803,
    0.5262334576606751,
    0.5252731192588806,
    0.5256334939956665,
    0.5257052614212037,
    0.5256256135940551,
    0.5258097226142884
  ],
  "val_acc": [
    0.319,
    0.7922,
    0.911,
    0.9213,
    0.9521,
    0.9471,
    0.9689,
    0.9713,
    0.9737,
    0.9781,
    0.9811,
    0.9768,
    0.983,
    0.9833,
    0.9833,
    0.9846,
    0.9844,
    0.9837,
    0.9856,
    0.9863,
    0.9854,
    0.9862,
    0.989,
    0.9871,
    0.9887,
    0.9887,
    0.9899,
    0.9889,
    0.9887,
    0.9913,
    0.992,
    0.9916,
    0.9895,
    0.9919,
    0.9919,
    0.9911,
    0.9923,
    0.9927,
    0.9933,
    0.9926,
    0.9937,
    0.9936,
    0.994,
    0.9939,
    0.9937,
    0.9944,
    0.994,
    0.9939,
    0.9941,
    0.994
  ],
  "best_val_loss": 0.5252731192588806,
  "total_time_s": 6354.143273830414,
  "stopped_epoch": 50
}