{
  "train_loss": [
    2.1444986267852784,
    1.4852871313095093,
    1.0513666131591797,
    0.8878045625686646,
    0.8031762794876098,
    0.7636219613075257,
    0.7369900455474854,
    0.7205318972778321,
    0.7076379063224792,
    0.6983773248100281,
    0.6917531535339355,
    0.6814393518829346,
    0.67577946975708,
    0.6703765648460388,
    0.6659907122802734,
    0.6630508225440979,
    0.6600590767288208,
    0.6582454173088074,
    0.6563991479110718,
    0.6534372631454468,
    0.6510818131637574,
    0.6495923525238038,
    0.6469157320022583,
    0.6460143409729003,
    0.6431323209762573,
    0.6396560216903686,
    0.6393195929336548,
    0.636150756855011,
    0.636692592754364,
    0.6354668488693237,
    0.6331934821128845,
    0.633032047328949,
    0.6319095817184448,
    0.6306396876525879,
    0.6287551728439331,
    0.6275112434387207,
    0.6248888877868652,
    0.6251978189086914,
    0.6251607621192932,
    0.6217887746238708,
    0.6227463127708435,
    0.6210522228813171,
    0.6194461903381348,
    0.6202319689750672,
    0.6208742840385437,
    0.6194582608795166,
    0.6170438228225708,
    0.6197638597488403,
    0.6177532458114624,
    0.6180750599098206
  ],
  "train_acc": [
    0.19776,
    0.5521,
    0.80054,
    0.88486,
    0.92028,
    0.93512,
    0.94432,
    0.95194,
    0.95688,
    0.9602,
    0.96394,
    0.96574,
    0.96838,
    0.96956,
    0.97046,
    0.97126,
    0.97302,
    0.97318,
    0.97488,
    0.97564,
    0.9771,
    0.97634,
    0.97738,
    0.97782,
    0.97888,
    0.98022,
    0.98026,
    0.9809,
    0.98122,
    0.9813,
    0.9826,
    0.9822,
    0.98292,
    0.984,
    0.98462,
    0.9846,
    0.986,
    0.98534,
    0.98598,
    0.98712,
    0.9867,
    0.98722,
    0.98764,
    0.98672,
    0.98764,
    0.98774,
    0.9891,
    0.98732,
    0.98834,
    0.98852
  ],
  "val_loss": [
    1.9520903141021728,
    1.0586317434310912,
    0.782717894935608,
    0.6770466154098511,
    0.6664158584594727,
    0.6032560417175293,
    0.5954590871810913,
    0.5950564079284668,
    0.5787801599502563,
    0.5683257101058959,
    0.5639662480354309,
    0.5568605189323426,
    0.5666589239120483,
    0.5539957766532898,
    0.5524904446601868,
    0.5513926710128784,
    0.5515628699302674,
    0.5502007604598999,
    0.5431468152999878,
    0.5455967502593995,
    0.5416228549003601,
    0.544498040676117,
    0.5440261264801025,
    0.5419389209747314,
    0.5348211879730225,
    0.5377124917984009,
    0.538025739479065,
    0.5339485404014588,
    0.533729390335083,
    0.532342131614685,
    0.5313125920295715,
    0.528470092868805,
    0.5283426936149597,
    0.528756259059906,
    0.5280827470779419,
    0.5279626527786255,
    0.524551593208313,
    0.5246592690467834,
    0.5248435871124267,
    0.5235672710418701,
    0.5239949987411499,
    0.5232071594238281,
    0.5220690539360047,
    0.5221685956001282,
    0.5207368558883667,
    0.521176726436615,
    0.521198539352417,
    0.5213445145606994,
    0.5205845399856568,
    0.5207925874710083
  ],
  "val_acc": [
    0.2786,
    0.7962,
    0.9084,
    0.9408,
    0.9405,
    0.9687,
    0.9707,
    0.9687,
    0.9745,
    0.9785,
    0.9804,
    0.9818,
    0.9786,
    0.9822,
    0.9824,
    0.9823,
    0.9823,
    0.9838,
    0.9864,
    0.9866,
    0.9875,
    0.9844,
    0.9852,
    0.9873,
    0.9895,
    0.9878,
    0.9878,
    0.9908,
    0.9888,
    0.9902,
    0.9907,
    0.9913,
    0.9907,
    0.9914,
    0.992,
    0.9908,
    0.9931,
    0.9929,
    0.9931,
    0.9931,
    0.9934,
    0.9932,
    0.9942,
    0.9939,
    0.9943,
    0.9943,
    0.9939,
    0.9941,
    0.9942,
    0.9942
  ],
  "best_val_loss": 0.5207368558883667,
  "total_time_s": 2446.8686368465424,
  "stopped_epoch": 50
}