{
  "train_loss": [
    2.146544485321045,
    1.4835326354217528,
    1.089627631263733,
    0.9293552963256836,
    0.8343128936004639,
    0.7863379675674439,
    0.7470564099502564,
    0.7265200357437134,
    0.7097018062210083,
    0.6999970484542847,
    0.6912066668319702,
    0.6868389544677734,
    0.67634632522583,
    0.6709011793708801,
    0.6655927940750123,
    0.6625817743682861,
    0.6617599938774109,
    0.6568061453819275,
    0.655948722038269,
    0.6527519011497498,
    0.6500877231216431,
    0.6480218732643127,
    0.6463203955078125,
    0.643945973739624,
    0.6432116767501831,
    0.6411717640304565,
    0.6425437997055053,
    0.6386890435028076,
    0.6367587070083618,
    0.6368830761909485,
    0.6359252471542358,
    0.6326364956474304,
    0.6313970493888855,
    0.6322421458816528,
    0.630738683681488,
    0.6285903425979614,
    0.6282182793807983,
    0.6270134715843201,
    0.6250208905410767,
    0.623031812992096,
    0.623908713054657,
    0.6231454217910767,
    0.6215618711853027,
    0.6208619473457336,
    0.6204947900962829,
    0.6198504901504517,
    0.6189861125564575,
    0.6193963506317138,
    0.618032135810852,
    0.6183354085922241
  ],
  "train_acc": [
    0.21,
    0.57248,
    0.77918,
    0.8642,
    0.91002,
    0.92968,
    0.94442,
    0.95174,
    0.95752,
    0.96056,
    0.964,
    0.96468,
    0.96712,
    0.96926,
    0.97102,
    0.9717,
    0.97312,
    0.97378,
    0.97502,
    0.9755,
    0.97706,
    0.9769,
    0.97794,
    0.9784,
    0.9796,
    0.97954,
    0.97928,
    0.9806,
    0.9814,
    0.98096,
    0.98102,
    0.9824,
    0.98264,
    0.983,
    0.98294,
    0.98426,
    0.98438,
    0.98454,
    0.9856,
    0.98662,
    0.98592,
    0.986,
    0.9863,
    0.98724,
    0.98702,
    0.98754,
    0.9877,
    0.98776,
    0.9882,
    0.988
  ],
  "val_loss": [
    1.9477525112152099,
    1.05708533782959,
    0.8240914562225342,
    0.7111210821151733,
    0.66709482421875,
    0.6175819807052613,
    0.5956884863853454,
    0.5983292917251587,
    0.5830009735107422,
    0.5674440732955932,
    0.5658227654457092,
    0.5593843027114869,
    0.5742739858627319,
    0.561972081565857,
    0.5486402389526367,
    0.552638265132904,
    0.546121044254303,
    0.5461150209426879,
    0.545054341506958,
    0.5417924617767333,
    0.5448584308624268,
    0.5377044255256653,
    0.5415697458267212,
    0.5358219899177551,
    0.5465310760498047,
    0.5348822021484375,
    0.5355297775268555,
    0.5341075120925903,
    0.5302506664276123,
    0.5306397407531739,
    0.5313425026893616,
    0.5309609117507934,
    0.5332585025787353,
    0.5293115532875061,
    0.5277643533706665,
    0.5251819391250611,
    0.5276585254669189,
    0.5256076436042786,
    0.5245288536071777,
    0.5236918561935425,
    0.5248837668418884,
    0.521783343887329,
    0.5224996039390564,
    0.521534486579895,
    0.5219278341293335,
    0.5209336106300354,
    0.5210830390930176,
    0.5206701517105102,
    0.5207958818435668,
    0.5208555822372436
  ],
  "val_acc": [
    0.342,
    0.8053,
    0.8867,
    0.9334,
    0.9446,
    0.9629,
    0.9719,
    0.9682,
    0.9743,
    0.9793,
    0.9779,
    0.9817,
    0.9745,
    0.979,
    0.986,
    0.9828,
    0.9851,
    0.9858,
    0.9857,
    0.9867,
    0.9855,
    0.9886,
    0.9869,
    0.9887,
    0.9849,
    0.9882,
    0.99,
    0.9895,
    0.9907,
    0.992,
    0.9905,
    0.9905,
    0.9901,
    0.991,
    0.9921,
    0.9935,
    0.9921,
    0.9928,
    0.993,
    0.9937,
    0.9935,
    0.9943,
    0.9941,
    0.9947,
    0.9942,
    0.995,
    0.9946,
    0.995,
    0.9952,
    0.9952
  ],
  "best_val_loss": 0.5206701517105102,
  "total_time_s": 2777.80282330513,
  "stopped_epoch": 50
}