{
  "train_loss": [
    2.1463914329147338,
    1.4057018905258178,
    1.0243621104049683,
    0.884787455997467,
    0.8120733269882202,
    0.7630663156318664,
    0.731730051574707,
    0.710341819152832,
    0.6998630319595337,
    0.6899759278488159,
    0.6793004304504394,
    0.6767224898529053,
    0.6714415461921692,
    0.6682674785614013,
    0.6633979158592224,
    0.6632334631729127,
    0.6561704140090943,
    0.6546562322998047,
    0.6544424447250367,
    0.6505764981651306,
    0.6471756223297119,
    0.6478552993774414,
    0.6480004690361023,
    0.6428958444213867,
    0.6431372859382629,
    0.6398165131568909,
    0.6378342736816406,
    0.6371094047164917,
    0.6330208555984497,
    0.634054300403595,
    0.6344056118965149,
    0.6308449378204346,
    0.6296428294754028,
    0.6291237027359009,
    0.6282766248321533,
    0.627532325630188,
    0.6250122782325744,
    0.6244846919250489,
    0.6225230667686462,
    0.6233867408752441,
    0.6208680513191223,
    0.621645275554657,
    0.6222456722068787,
    0.6201133572769165,
    0.6199471816635131,
    0.6190761301803589,
    0.618496774482727,
    0.6177569195175171,
    0.618390106086731,
    0.6177083767127991
  ],
  "train_acc": [
    0.2012,
    0.60038,
    0.81724,
    0.89224,
    0.92252,
    0.93904,
    0.94834,
    0.95566,
    0.95972,
    0.96274,
    0.96706,
    0.96726,
    0.9695,
    0.97084,
    0.97164,
    0.97236,
    0.97492,
    0.97514,
    0.97502,
    0.97606,
    0.97726,
    0.97782,
    0.97684,
    0.9794,
    0.97932,
    0.98084,
    0.98078,
    0.98122,
    0.98256,
    0.9822,
    0.98254,
    0.9833,
    0.98356,
    0.9843,
    0.98406,
    0.98478,
    0.98494,
    0.98578,
    0.98562,
    0.986,
    0.98682,
    0.98686,
    0.9864,
    0.9878,
    0.98732,
    0.98772,
    0.98804,
    0.98808,
    0.98818,
    0.9887
  ],
  "val_loss": [
    1.9455372123718262,
    0.9921356550216675,
    0.7890391179084778,
    0.674187296962738,
    0.6443450603485107,
    0.6054071351051331,
    0.5870817182540894,
    0.5880213989257812,
    0.5706421018600464,
    0.5662296453475952,
    0.5630163103103638,
    0.5574550119400025,
    0.5635323820114135,
    0.5533255685806274,
    0.5531489596366882,
    0.5506090610504151,
    0.5473316262245178,
    0.5521737602233887,
    0.5435933387756348,
    0.5417064519882202,
    0.5432143769264222,
    0.5429332837104798,
    0.5390371058464051,
    0.5404248741149902,
    0.5323230020523071,
    0.5330545228004455,
    0.5358939315795899,
    0.5325184452056885,
    0.5319806915283203,
    0.5296233757019043,
    0.5299686971664429,
    0.530124610710144,
    0.5319258882522583,
    0.5280189147949219,
    0.5271540913581848,
    0.5264983835220337,
    0.5254842726707458,
    0.5245234277725219,
    0.525014130783081,
    0.5251394174575805,
    0.5225798170089722,
    0.5232702291488648,
    0.5227949214935302,
    0.5238934134483337,
    0.5227326109886169,
    0.5220637372970581,
    0.5217775470733642,
    0.5220069340705872,
    0.5216122581481933,
    0.5222088780403137
  ],
  "val_acc": [
    0.3621,
    0.8152,
    0.9012,
    0.9488,
    0.9579,
    0.969,
    0.9728,
    0.9714,
    0.9773,
    0.9799,
    0.9808,
    0.9814,
    0.9782,
    0.9831,
    0.9812,
    0.9834,
    0.9855,
    0.9842,
    0.9852,
    0.9881,
    0.9863,
    0.9861,
    0.9879,
    0.9876,
    0.99,
    0.9898,
    0.9889,
    0.9894,
    0.9915,
    0.9909,
    0.9909,
    0.99,
    0.9899,
    0.992,
    0.9925,
    0.9922,
    0.9917,
    0.9924,
    0.9931,
    0.993,
    0.9933,
    0.9937,
    0.9935,
    0.9933,
    0.9941,
    0.9937,
    0.9939,
    0.9941,
    0.994,
    0.9939
  ],
  "best_val_loss": 0.5225798170089722,
  "total_time_s": 6881.941759347916,
  "stopped_epoch": 50
}