{
  "weighted_f1": 0.8425366136763427,
  "macro_f1": 0.8425366136763428,
  "weighted_accuracy": 0.8414,
  "weighted_precision": 0.8477177727766751,
  "weighted_recall": 0.8414,
  "per_class_auc": [
    0.9886054444444444,
    0.9954552222222223,
    0.9785943333333333,
    0.9640394444444446,
    0.9815880000000001,
    0.975665,
    0.985728111111111,
    0.9902228888888889,
    0.992211888888889,
    0.992662
  ],
  "mean_auc": 0.9844772333333334,
  "confusion_matrix": [
    [
      903,
      8,
      24,
      5,
      0,
      1,
      2,
      9,
      31,
      17
    ],
    [
      12,
      933,
      1,
      4,
      0,
      1,
      1,
      1,
      7,
      40
    ],
    [
      73,
      2,
      788,
      55,
      30,
      17,
      17,
      14,
      1,
      3
    ],
    [
      34,
      4,
      41,
      768,
      25,
      86,
      18,
      14,
      5,
      5
    ],
    [
      25,
      1,
      55,
      53,
      761,
      29,
      18,
      45,
      13,
      0
    ],
    [
      19,
      0,
      23,
      161,
      14,
      751,
      3,
      25,
      3,
      1
    ],
    [
      20,
      2,
      50,
      77,
      12,
      22,
      812,
      3,
      1,
      1
    ],
    [
      16,
      1,
      17,
      27,
      15,
      24,
      0,
      896,
      1,
      3
    ],
    [
      60,
      14,
      5,
      7,
      0,
      1,
      0,
      0,
      904,
      9
    ],
    [
      23,
      42,
      4,
      9,
      0,
      3,
      1,
      2,
      18,
      898
    ]
  ],
  "report": "              precision    recall  f1-score   support\n\n           0       0.76      0.90      0.83      1000\n           1       0.93      0.93      0.93      1000\n           2       0.78      0.79      0.78      1000\n           3       0.66      0.77      0.71      1000\n           4       0.89      0.76      0.82      1000\n           5       0.80      0.75      0.78      1000\n           6       0.93      0.81      0.87      1000\n           7       0.89      0.90      0.89      1000\n           8       0.92      0.90      0.91      1000\n           9       0.92      0.90      0.91      1000\n\n    accuracy                           0.84     10000\n   macro avg       0.85      0.84      0.84     10000\nweighted avg       0.85      0.84      0.84     10000\n",
  "seed": 0
}