{
  "weighted_f1": {
    "mean": 0.5496386126918482,
    "std": NaN,
    "min": 0.5496386126918482,
    "max": 0.5496386126918482,
    "values": [
      0.5496386126918482
    ]
  },
  "macro_f1": {
    "mean": 0.5496386126918483,
    "std": NaN,
    "min": 0.5496386126918483,
    "max": 0.5496386126918483,
    "values": [
      0.5496386126918483
    ]
  },
  "weighted_accuracy": {
    "mean": 0.5555,
    "std": NaN,
    "min": 0.5555,
    "max": 0.5555,
    "values": [
      0.5555
    ]
  },
  "mean_auc": {
    "mean": 0.9695494090909093,
    "std": NaN,
    "min": 0.9695494090909093,
    "max": 0.9695494090909093,
    "values": [
      0.9695494090909093
    ]
  },
  "best_seed_idx": 0,
  "n_runs": 1
}