{
  "weighted_f1": 0.6721584304517833,
  "macro_f1": 0.4019702913548554,
  "weighted_accuracy": 0.685286783042394,
  "weighted_precision": 0.6769035561093208,
  "weighted_recall": 0.685286783042394,
  "per_class_auc": [
    0.9091377936143279,
    0.8438128490194277,
    0.7780035650623885,
    0.8940464177598385,
    0.7955816259254227,
    0.8530486599642417,
    0.992059891107078
  ],
  "mean_auc": 0.8665272574932465,
  "confusion_matrix": [
    [
      30,
      4,
      10,
      7,
      4,
      9,
      2
    ],
    [
      10,
      13,
      8,
      6,
      7,
      49,
      10
    ],
    [
      28,
      12,
      42,
      17,
      37,
      80,
      4
    ],
    [
      2,
      0,
      3,
      7,
      0,
      10,
      1
    ],
    [
      12,
      3,
      14,
      2,
      93,
      93,
      6
    ],
    [
      4,
      10,
      23,
      34,
      97,
      1164,
      9
    ],
    [
      0,
      0,
      0,
      0,
      0,
      4,
      25
    ]
  ],
  "report": "              precision    recall  f1-score   support\n\n           0       0.35      0.45      0.39        66\n           1       0.31      0.13      0.18       103\n           2       0.42      0.19      0.26       220\n           3       0.10      0.30      0.15        23\n           4       0.39      0.42      0.40       223\n           5       0.83      0.87      0.85      1341\n           6       0.44      0.86      0.58        29\n\n    accuracy                           0.69      2005\n   macro avg       0.40      0.46      0.40      2005\nweighted avg       0.68      0.69      0.67      2005\n",
  "seed": 1
}