{
  "weighted_f1": 0.6831987254791153,
  "macro_f1": 0.43378937474115126,
  "weighted_accuracy": 0.6798004987531172,
  "weighted_precision": 0.7074439243822751,
  "weighted_recall": 0.6798004987531172,
  "per_class_auc": [
    0.9349399096691515,
    0.909767949935173,
    0.8153017570664629,
    0.9161145965866714,
    0.8167172472105207,
    0.8820056512403078,
    0.9971904230071199
  ],
  "mean_auc": 0.8960053621022012,
  "confusion_matrix": [
    [
      28,
      12,
      11,
      1,
      10,
      4,
      0
    ],
    [
      16,
      46,
      9,
      2,
      4,
      18,
      8
    ],
    [
      29,
      32,
      39,
      5,
      50,
      60,
      5
    ],
    [
      1,
      1,
      2,
      9,
      0,
      8,
      2
    ],
    [
      12,
      5,
      9,
      6,
      113,
      70,
      8
    ],
    [
      4,
      22,
      23,
      14,
      131,
      1100,
      47
    ],
    [
      0,
      0,
      0,
      0,
      0,
      1,
      28
    ]
  ],
  "report": "              precision    recall  f1-score   support\n\n           0       0.31      0.42      0.36        66\n           1       0.39      0.45      0.42       103\n           2       0.42      0.18      0.25       220\n           3       0.24      0.39      0.30        23\n           4       0.37      0.51      0.43       223\n           5       0.87      0.82      0.85      1341\n           6       0.29      0.97      0.44        29\n\n    accuracy                           0.68      2005\n   macro avg       0.41      0.53      0.43      2005\nweighted avg       0.71      0.68      0.68      2005\n",
  "seed": 0
}