{
  "weighted_f1": 0.6859620018215059,
  "macro_f1": 0.45427979220156456,
  "weighted_accuracy": 0.6793017456359102,
  "weighted_precision": 0.7346026365665564,
  "weighted_recall": 0.6793017456359102,
  "per_class_auc": [
    0.945574882397987,
    0.9406296897491654,
    0.8254876496052967,
    0.9425920238669767,
    0.8421081769362785,
    0.8826435495898582,
    0.9932988971101494
  ],
  "mean_auc": 0.910333552750816,
  "confusion_matrix": [
    [
      33,
      15,
      2,
      2,
      11,
      3,
      0
    ],
    [
      8,
      49,
      3,
      6,
      15,
      14,
      8
    ],
    [
      25,
      18,
      37,
      8,
      64,
      63,
      5
    ],
    [
      2,
      4,
      0,
      9,
      2,
      5,
      1
    ],
    [
      7,
      3,
      10,
      2,
      139,
      58,
      4
    ],
    [
      8,
      15,
      12,
      26,
      178,
      1069,
      33
    ],
    [
      0,
      0,
      0,
      0,
      2,
      1,
      26
    ]
  ],
  "report": "              precision    recall  f1-score   support\n\n           0       0.40      0.50      0.44        66\n           1       0.47      0.48      0.47       103\n           2       0.58      0.17      0.26       220\n           3       0.17      0.39      0.24        23\n           4       0.34      0.62      0.44       223\n           5       0.88      0.80      0.84      1341\n           6       0.34      0.90      0.49        29\n\n    accuracy                           0.68      2005\n   macro avg       0.45      0.55      0.45      2005\nweighted avg       0.73      0.68      0.69      2005\n",
  "seed": 3
}