{
  "weighted_f1": 0.6675802484156897,
  "macro_f1": 0.4112976112145126,
  "weighted_accuracy": 0.6488778054862843,
  "weighted_precision": 0.7481115360307729,
  "weighted_recall": 0.6488778054862843,
  "per_class_auc": [
    0.9333770922218576,
    0.9241523996202259,
    0.8400942195059844,
    0.9259421752292369,
    0.8316397658699602,
    0.8854994923766655,
    0.9965098422448695
  ],
  "mean_auc": 0.9053164267241142,
  "confusion_matrix": [
    [
      33,
      22,
      1,
      1,
      6,
      1,
      2
    ],
    [
      7,
      55,
      1,
      6,
      4,
      4,
      26
    ],
    [
      52,
      31,
      31,
      4,
      49,
      48,
      5
    ],
    [
      2,
      4,
      0,
      13,
      0,
      2,
      2
    ],
    [
      22,
      10,
      4,
      4,
      124,
      50,
      9
    ],
    [
      20,
      30,
      12,
      44,
      155,
      1016,
      64
    ],
    [
      0,
      0,
      0,
      0,
      0,
      0,
      29
    ]
  ],
  "report": "              precision    recall  f1-score   support\n\n           0       0.24      0.50      0.33        66\n           1       0.36      0.53      0.43       103\n           2       0.63      0.14      0.23       220\n           3       0.18      0.57      0.27        23\n           4       0.37      0.56      0.44       223\n           5       0.91      0.76      0.83      1341\n           6       0.21      1.00      0.35        29\n\n    accuracy                           0.65      2005\n   macro avg       0.41      0.58      0.41      2005\nweighted avg       0.75      0.65      0.67      2005\n",
  "seed": 2
}