{
  "weighted_f1": 0.6385654311346425,
  "macro_f1": 0.36354527778808576,
  "weighted_accuracy": 0.6922693266832918,
  "weighted_precision": 0.6437786292446795,
  "weighted_recall": 0.6922693266832918,
  "per_class_auc": [
    0.9308531420444778,
    0.8777577001214868,
    0.8282556659027248,
    0.9130654148203396,
    0.7578248856275763,
    0.8563167659452127,
    0.995026525198939
  ],
  "mean_auc": 0.8798714428086795,
  "confusion_matrix": [
    [
      23,
      4,
      10,
      13,
      2,
      13,
      1
    ],
    [
      9,
      12,
      5,
      13,
      3,
      55,
      6
    ],
    [
      18,
      9,
      27,
      17,
      17,
      129,
      3
    ],
    [
      1,
      1,
      1,
      11,
      0,
      8,
      1
    ],
    [
      5,
      3,
      10,
      4,
      24,
      173,
      4
    ],
    [
      3,
      3,
      2,
      31,
      28,
      1271,
      3
    ],
    [
      0,
      0,
      0,
      0,
      0,
      9,
      20
    ]
  ],
  "report": "              precision    recall  f1-score   support\n\n           0       0.39      0.35      0.37        66\n           1       0.38      0.12      0.18       103\n           2       0.49      0.12      0.20       220\n           3       0.12      0.48      0.20        23\n           4       0.32      0.11      0.16       223\n           5       0.77      0.95      0.85      1341\n           6       0.53      0.69      0.60        29\n\n    accuracy                           0.69      2005\n   macro avg       0.43      0.40      0.36      2005\nweighted avg       0.64      0.69      0.64      2005\n",
  "seed": 4
}