{
  "weighted_f1": {
    "mean": 0.8380348996881266,
    "std": NaN,
    "min": 0.8380348996881266,
    "max": 0.8380348996881266,
    "values": [
      0.8380348996881266
    ]
  },
  "macro_f1": {
    "mean": 0.8380348996881267,
    "std": NaN,
    "min": 0.8380348996881267,
    "max": 0.8380348996881267,
    "values": [
      0.8380348996881267
    ]
  },
  "weighted_accuracy": {
    "mean": 0.8383,
    "std": NaN,
    "min": 0.8383,
    "max": 0.8383,
    "values": [
      0.8383
    ]
  },
  "mean_auc": {
    "mean": 0.9838392111111111,
    "std": NaN,
    "min": 0.9838392111111111,
    "max": 0.9838392111111111,
    "values": [
      0.9838392111111111
    ]
  },
  "best_seed_idx": 0,
  "n_runs": 1
}