{
  "weighted_f1": {
    "mean": 0.8418415411903568,
    "std": NaN,
    "min": 0.8418415411903568,
    "max": 0.8418415411903568,
    "values": [
      0.8418415411903568
    ]
  },
  "macro_f1": {
    "mean": 0.8418415411903568,
    "std": NaN,
    "min": 0.8418415411903568,
    "max": 0.8418415411903568,
    "values": [
      0.8418415411903568
    ]
  },
  "weighted_accuracy": {
    "mean": 0.8406,
    "std": NaN,
    "min": 0.8406,
    "max": 0.8406,
    "values": [
      0.8406
    ]
  },
  "mean_auc": {
    "mean": 0.9854622555555554,
    "std": NaN,
    "min": 0.9854622555555554,
    "max": 0.9854622555555554,
    "values": [
      0.9854622555555554
    ]
  },
  "best_seed_idx": 0,
  "n_runs": 1
}