{
  "weighted_f1": 0.019307904278462656,
  "macro_f1": 0.018709209572153735,
  "weighted_accuracy": 0.1032,
  "weighted_precision": 0.01065024,
  "weighted_recall": 0.1032,
  "per_class_auc": [
    0.49396137834291143,
    0.38270553654797484,
    0.5554836663001611,
    0.47359943391447046,
    0.5912334642776,
    0.4412942177674581,
    0.5829962379228641,
    0.40614895064801687,
    0.5224900708926209,
    0.3572821252041602
  ],
  "mean_auc": 0.48071950818182385,
  "confusion_matrix": [
    [
      0,
      0,
      980,
      0,
      0,
      0,
      0,
      0,
      0,
      0
    ],
    [
      0,
      0,
      1135,
      0,
      0,
      0,
      0,
      0,
      0,
      0
    ],
    [
      0,
      0,
      1032,
      0,
      0,
      0,
      0,
      0,
      0,
      0
    ],
    [
      0,
      0,
      1010,
      0,
      0,
      0,
      0,
      0,
      0,
      0
    ],
    [
      0,
      0,
      982,
      0,
      0,
      0,
      0,
      0,
      0,
      0
    ],
    [
      0,
      0,
      892,
      0,
      0,
      0,
      0,
      0,
      0,
      0
    ],
    [
      0,
      0,
      958,
      0,
      0,
      0,
      0,
      0,
      0,
      0
    ],
    [
      0,
      0,
      1028,
      0,
      0,
      0,
      0,
      0,
      0,
      0
    ],
    [
      0,
      0,
      974,
      0,
      0,
      0,
      0,
      0,
      0,
      0
    ],
    [
      0,
      0,
      1009,
      0,
      0,
      0,
      0,
      0,
      0,
      0
    ]
  ],
  "report": "              precision    recall  f1-score   support\n\n           0       0.00      0.00      0.00       980\n           1       0.00      0.00      0.00      1135\n           2       0.10      1.00      0.19      1032\n           3       0.00      0.00      0.00      1010\n           4       0.00      0.00      0.00       982\n           5       0.00      0.00      0.00       892\n           6       0.00      0.00      0.00       958\n           7       0.00      0.00      0.00      1028\n           8       0.00      0.00      0.00       974\n           9       0.00      0.00      0.00      1009\n\n    accuracy                           0.10     10000\n   macro avg       0.01      0.10      0.02     10000\nweighted avg       0.01      0.10      0.02     10000\n",
  "seed": 0
}