{
  "weighted_f1": {
    "mean": 0.8891877232820838,
    "std": NaN,
    "min": 0.8891877232820838,
    "max": 0.8891877232820838,
    "values": [
      0.8891877232820838
    ]
  },
  "macro_f1": {
    "mean": 0.8790610219991611,
    "std": NaN,
    "min": 0.8790610219991611,
    "max": 0.8790610219991611,
    "values": [
      0.8790610219991611
    ]
  },
  "weighted_accuracy": {
    "mean": 0.8926282051282052,
    "std": NaN,
    "min": 0.8926282051282052,
    "max": 0.8926282051282052,
    "values": [
      0.8926282051282052
    ]
  },
  "mean_auc": {
    "mean": 0.9594564979180363,
    "std": NaN,
    "min": 0.9594564979180363,
    "max": 0.9594564979180363,
    "values": [
      0.9594564979180363
    ]
  },
  "best_seed_idx": 0,
  "n_runs": 1
}