{
  "weighted_f1": {
    "mean": 0.5211685205576642,
    "std": NaN,
    "min": 0.5211685205576642,
    "max": 0.5211685205576642,
    "values": [
      0.5211685205576642
    ]
  },
  "macro_f1": {
    "mean": 0.5211685205576643,
    "std": NaN,
    "min": 0.5211685205576643,
    "max": 0.5211685205576643,
    "values": [
      0.5211685205576643
    ]
  },
  "weighted_accuracy": {
    "mean": 0.533,
    "std": NaN,
    "min": 0.533,
    "max": 0.533,
    "values": [
      0.533
    ]
  },
  "mean_auc": {
    "mean": 0.9691577575757577,
    "std": NaN,
    "min": 0.9691577575757577,
    "max": 0.9691577575757577,
    "values": [
      0.9691577575757577
    ]
  },
  "best_seed_idx": 0,
  "n_runs": 1
}