{
  "train_loss": [
    4.5853566409640845,
    4.386388521406386,
    4.18041569281684,
    4.050890541924371,
    3.950459706073337,
    3.8640593357086184,
    3.7896574032253687,
    3.731229937150743,
    3.6756817072974313,
    3.624296600511339,
    3.5908531514485675,
    3.5519361664242215,
    3.5131115670522055,
    3.4848452945285375,
    3.458137362162272,
    3.4269878537072076,
    3.407960886425442,
    3.3865235962761773,
    3.3617489460839165,
    3.3379045389811197,
    3.323170441309611,
    3.3065289986928303,
    3.2833654766082763,
    3.274508338461982,
    3.2548837178972034,
    3.2370759418911406,
    3.2228426313612197,
    3.2069550176832413,
    3.1963836180792913,
    3.1872531641642254,
    3.170408246273465,
    3.160053671052721,
    3.1497346205817327,
    3.138135856543647,
    3.1315827227698434,
    3.1164188174353704,
    3.1121646596272785,
    3.1026251303354897,
    3.0914721934000653,
    3.0895485608418785,
    3.0883336586846246,
    3.0795321044074164,
    3.074032214525011,
    3.0682047584109835,
    3.067190180206299,
    3.0641159145355226,
    3.0585762833913166,
    3.059871181148953,
    3.0545205693562827,
    3.057852966901991
  ],
  "train_acc": [
    0.015977777777777778,
    0.03537777777777778,
    0.06088888888888889,
    0.0816,
    0.09837777777777777,
    0.11755555555555555,
    0.1330222222222222,
    0.14886666666666667,
    0.16117777777777778,
    0.17184444444444444,
    0.17804444444444445,
    0.18917777777777778,
    0.19562222222222223,
    0.20424444444444445,
    0.2127777777777778,
    0.2175777777777778,
    0.223,
    0.22766666666666666,
    0.23628888888888888,
    0.24222222222222223,
    0.24664444444444444,
    0.25108888888888886,
    0.2561777777777778,
    0.25633333333333336,
    0.26266666666666666,
    0.26926666666666665,
    0.27326666666666666,
    0.27815555555555554,
    0.2803555555555556,
    0.28157777777777776,
    0.2893777777777778,
    0.28942222222222225,
    0.28944444444444445,
    0.2949777777777778,
    0.2988222222222222,
    0.3008888888888889,
    0.3031333333333333,
    0.3074222222222222,
    0.30777777777777776,
    0.30948888888888887,
    0.31006666666666666,
    0.3131777777777778,
    0.3112666666666667,
    0.3154888888888889,
    0.3144,
    0.3162888888888889,
    0.31775555555555557,
    0.3161777777777778,
    0.3182888888888889,
    0.3183111111111111
  ],
  "val_loss": [
    4.517165191650391,
    4.199299267578125,
    4.017617446517944,
    3.894557692337036,
    3.770634796524048,
    3.654579901123047,
    3.5769651653289793,
    3.456824764251709,
    3.4270289276123047,
    3.3651709938049317,
    3.3190963790893555,
    3.26706279296875,
    3.2445026161193846,
    3.2410683937072755,
    3.1890401039123537,
    3.153576087188721,
    3.152580237579346,
    3.08401563873291,
    3.0738978565216066,
    3.081317575073242,
    3.046584895324707,
    3.022288808441162,
    3.002765724182129,
    2.9783566501617433,
    2.9756921100616456,
    2.9546484214782716,
    2.930367264556885,
    2.9384276611328124,
    2.9058708820343018,
    2.898337159729004,
    2.9191994899749756,
    2.8929310333251954,
    2.876784701538086,
    2.85558070602417,
    2.852413689041138,
    2.8502209930419924,
    2.8449555267333984,
    2.8506968837738036,
    2.833789796447754,
    2.842493999481201,
    2.8245302658081055,
    2.8429687465667723,
    2.8247965801239014,
    2.826731787109375,
    2.8218634380340575,
    2.8217125324249266,
    2.8205475383758545,
    2.816703263092041,
    2.82058120803833,
    2.811633868408203
  ],
  "val_acc": [
    0.026,
    0.0544,
    0.0908,
    0.1154,
    0.1344,
    0.1588,
    0.1848,
    0.2142,
    0.2178,
    0.2292,
    0.2446,
    0.255,
    0.2634,
    0.2688,
    0.2674,
    0.2838,
    0.2816,
    0.3026,
    0.309,
    0.3074,
    0.312,
    0.322,
    0.3196,
    0.3274,
    0.3306,
    0.3376,
    0.3422,
    0.3406,
    0.3524,
    0.3532,
    0.3466,
    0.351,
    0.3558,
    0.3664,
    0.3612,
    0.3666,
    0.3676,
    0.369,
    0.3738,
    0.3726,
    0.3746,
    0.3714,
    0.3776,
    0.3746,
    0.3784,
    0.3812,
    0.377,
    0.3804,
    0.3818,
    0.3816
  ],
  "best_val_loss": 2.811633868408203,
  "total_time_s": 3598.6545259952545,
  "stopped_epoch": 50
}