{
  "weighted_f1": {
    "mean": 0.8956026687900678,
    "std": NaN,
    "min": 0.8956026687900678,
    "max": 0.8956026687900678,
    "values": [
      0.8956026687900678
    ]
  },
  "macro_f1": {
    "mean": 0.8672983563233265,
    "std": NaN,
    "min": 0.8672983563233265,
    "max": 0.8672983563233265,
    "values": [
      0.8672983563233265
    ]
  },
  "weighted_accuracy": {
    "mean": 0.8977715877437326,
    "std": NaN,
    "min": 0.8977715877437326,
    "max": 0.8977715877437326,
    "values": [
      0.8977715877437326
    ]
  },
  "mean_auc": {
    "mean": 0.9908423821673319,
    "std": NaN,
    "min": 0.9908423821673319,
    "max": 0.9908423821673319,
    "values": [
      0.9908423821673319
    ]
  },
  "best_seed_idx": 0,
  "n_runs": 1
}