{
  "weighted_f1": 0.8992654252049624,
  "macro_f1": 0.8901557454397493,
  "weighted_accuracy": 0.9022435897435898,
  "weighted_precision": 0.9103890189955763,
  "weighted_recall": 0.9022435897435898,
  "per_class_auc": [
    0.9714223098838483
  ],
  "mean_auc": 0.9714223098838483,
  "confusion_matrix": [
    [
      178,
      56
    ],
    [
      5,
      385
    ]
  ],
  "report": "              precision    recall  f1-score   support\n\n           0       0.97      0.76      0.85       234\n           1       0.87      0.99      0.93       390\n\n    accuracy                           0.90       624\n   macro avg       0.92      0.87      0.89       624\nweighted avg       0.91      0.90      0.90       624\n",
  "seed": 0
}