{
  "weighted_f1": 0.8155681691695624,
  "macro_f1": 0.8155681691695624,
  "weighted_accuracy": 0.8153,
  "weighted_precision": 0.8194389093196603,
  "weighted_recall": 0.8153,
  "per_class_auc": [
    0.9866284444444445,
    0.9950198888888888,
    0.9720094444444445,
    0.953807,
    0.9789642222222221,
    0.9713876666666666,
    0.9847196666666667,
    0.988243888888889,
    0.9917875555555555,
    0.9926754444444444
  ],
  "mean_auc": 0.9815243222222222,
  "confusion_matrix": [
    [
      883,
      14,
      16,
      11,
      3,
      0,
      0,
      6,
      37,
      30
    ],
    [
      10,
      941,
      1,
      2,
      0,
      1,
      0,
      2,
      3,
      40
    ],
    [
      73,
      1,
      763,
      46,
      36,
      31,
      23,
      18,
      6,
      3
    ],
    [
      20,
      4,
      69,
      680,
      23,
      129,
      27,
      33,
      6,
      9
    ],
    [
      30,
      2,
      71,
      43,
      724,
      39,
      15,
      70,
      6,
      0
    ],
    [
      13,
      2,
      31,
      137,
      19,
      749,
      4,
      36,
      3,
      6
    ],
    [
      17,
      4,
      59,
      78,
      19,
      20,
      789,
      5,
      7,
      2
    ],
    [
      20,
      1,
      28,
      26,
      12,
      30,
      1,
      875,
      2,
      5
    ],
    [
      72,
      25,
      8,
      6,
      0,
      1,
      1,
      0,
      861,
      26
    ],
    [
      18,
      59,
      5,
      11,
      0,
      2,
      0,
      3,
      14,
      888
    ]
  ],
  "report": "              precision    recall  f1-score   support\n\n           0       0.76      0.88      0.82      1000\n           1       0.89      0.94      0.92      1000\n           2       0.73      0.76      0.74      1000\n           3       0.65      0.68      0.67      1000\n           4       0.87      0.72      0.79      1000\n           5       0.75      0.75      0.75      1000\n           6       0.92      0.79      0.85      1000\n           7       0.83      0.88      0.85      1000\n           8       0.91      0.86      0.89      1000\n           9       0.88      0.89      0.88      1000\n\n    accuracy                           0.82     10000\n   macro avg       0.82      0.82      0.82     10000\nweighted avg       0.82      0.82      0.82     10000\n",
  "seed": 0
}