{
  "weighted_f1": {
    "mean": 0.8216400188231174,
    "std": NaN,
    "min": 0.8216400188231174,
    "max": 0.8216400188231174,
    "values": [
      0.8216400188231174
    ]
  },
  "macro_f1": {
    "mean": 0.7854602361644616,
    "std": NaN,
    "min": 0.7854602361644616,
    "max": 0.7854602361644616,
    "values": [
      0.7854602361644616
    ]
  },
  "weighted_accuracy": {
    "mean": 0.8141025641025641,
    "std": NaN,
    "min": 0.8141025641025641,
    "max": 0.8141025641025641,
    "values": [
      0.8141025641025641
    ]
  },
  "mean_auc": {
    "mean": 0.9024644945697577,
    "std": NaN,
    "min": 0.9024644945697577,
    "max": 0.9024644945697577,
    "values": [
      0.9024644945697577
    ]
  },
  "best_seed_idx": 0,
  "n_runs": 1
}