{
  "weighted_f1": {
    "mean": 0.5390282586713101,
    "std": NaN,
    "min": 0.5390282586713101,
    "max": 0.5390282586713101,
    "values": [
      0.5390282586713101
    ]
  },
  "macro_f1": {
    "mean": 0.5390282586713103,
    "std": NaN,
    "min": 0.5390282586713103,
    "max": 0.5390282586713103,
    "values": [
      0.5390282586713103
    ]
  },
  "weighted_accuracy": {
    "mean": 0.5569,
    "std": NaN,
    "min": 0.5569,
    "max": 0.5569,
    "values": [
      0.5569
    ]
  },
  "mean_auc": {
    "mean": 0.9749122929292929,
    "std": NaN,
    "min": 0.9749122929292929,
    "max": 0.9749122929292929,
    "values": [
      0.9749122929292929
    ]
  },
  "best_seed_idx": 0,
  "n_runs": 1
}