{
  "weighted_f1": {
    "mean": 0.655185447378926,
    "std": NaN,
    "min": 0.655185447378926,
    "max": 0.655185447378926,
    "values": [
      0.655185447378926
    ]
  },
  "macro_f1": {
    "mean": 0.6551854473789261,
    "std": NaN,
    "min": 0.6551854473789261,
    "max": 0.6551854473789261,
    "values": [
      0.6551854473789261
    ]
  },
  "weighted_accuracy": {
    "mean": 0.6542,
    "std": NaN,
    "min": 0.6542,
    "max": 0.6542,
    "values": [
      0.6542
    ]
  },
  "mean_auc": {
    "mean": 0.9749252777777777,
    "std": NaN,
    "min": 0.9749252777777777,
    "max": 0.9749252777777777,
    "values": [
      0.9749252777777777
    ]
  },
  "best_seed_idx": 0,
  "n_runs": 1
}