{
  "weighted_f1": {
    "mean": 0.4038600518858747,
    "std": NaN,
    "min": 0.4038600518858747,
    "max": 0.4038600518858747,
    "values": [
      0.4038600518858747
    ]
  },
  "macro_f1": {
    "mean": 0.4038600518858746,
    "std": NaN,
    "min": 0.4038600518858746,
    "max": 0.4038600518858746,
    "values": [
      0.4038600518858746
    ]
  },
  "weighted_accuracy": {
    "mean": 0.4329,
    "std": NaN,
    "min": 0.4329,
    "max": 0.4329,
    "values": [
      0.4329
    ]
  },
  "mean_auc": {
    "mean": 0.9624970606060606,
    "std": NaN,
    "min": 0.9624970606060606,
    "max": 0.9624970606060606,
    "values": [
      0.9624970606060606
    ]
  },
  "best_seed_idx": 0,
  "n_runs": 1
}