{
  "weighted_f1": 0.8105777717428203,
  "macro_f1": 0.7753518836809588,
  "weighted_accuracy": 0.8012820512820513,
  "weighted_precision": 0.8435056746532157,
  "weighted_recall": 0.8012820512820513,
  "per_class_auc": [
    0.8982873851294904
  ],
  "mean_auc": 0.8982873851294904,
  "confusion_matrix": [
    [
      36,
      6
    ],
    [
      25,
      89
    ]
  ],
  "report": "              precision    recall  f1-score   support\n\n           0       0.59      0.86      0.70        42\n           1       0.94      0.78      0.85       114\n\n    accuracy                           0.80       156\n   macro avg       0.76      0.82      0.78       156\nweighted avg       0.84      0.80      0.81       156\n",
  "seed": 0
}