{
  "weighted_f1": {
    "mean": 0.8398982619696787,
    "std": NaN,
    "min": 0.8398982619696787,
    "max": 0.8398982619696787,
    "values": [
      0.8398982619696787
    ]
  },
  "macro_f1": {
    "mean": 0.8398982619696787,
    "std": NaN,
    "min": 0.8398982619696787,
    "max": 0.8398982619696787,
    "values": [
      0.8398982619696787
    ]
  },
  "weighted_accuracy": {
    "mean": 0.8385,
    "std": NaN,
    "min": 0.8385,
    "max": 0.8385,
    "values": [
      0.8385
    ]
  },
  "mean_auc": {
    "mean": 0.9834792166666666,
    "std": NaN,
    "min": 0.9834792166666666,
    "max": 0.9834792166666666,
    "values": [
      0.9834792166666666
    ]
  },
  "best_seed_idx": 0,
  "n_runs": 1
}