{
  "weighted_f1": {
    "mean": 0.5455049207024573,
    "std": NaN,
    "min": 0.5455049207024573,
    "max": 0.5455049207024573,
    "values": [
      0.5455049207024573
    ]
  },
  "macro_f1": {
    "mean": 0.3867156944674458,
    "std": NaN,
    "min": 0.3867156944674458,
    "max": 0.3867156944674458,
    "values": [
      0.3867156944674458
    ]
  },
  "weighted_accuracy": {
    "mean": 0.46184538653366586,
    "std": NaN,
    "min": 0.46184538653366586,
    "max": 0.46184538653366586,
    "values": [
      0.46184538653366586
    ]
  },
  "mean_auc": {
    "mean": 0.8930521392424126,
    "std": NaN,
    "min": 0.8930521392424126,
    "max": 0.8930521392424126,
    "values": [
      0.8930521392424126
    ]
  },
  "best_seed_idx": 0,
  "n_runs": 1
}