{
  "weighted_f1": 0.13174420421631255,
  "macro_f1": 0.23909535667815357,
  "weighted_accuracy": 0.12369077306733167,
  "weighted_precision": 0.8194726471545707,
  "weighted_recall": 0.12369077306733167,
  "per_class_auc": [
    0.8722709300326629,
    0.8707900727900116,
    0.8366055513114338,
    0.7532356425218268,
    0.8134106385227461,
    0.880769161657817,
    0.9768428032947089
  ],
  "mean_auc": 0.8577035428758867,
  "confusion_matrix": [
    [
      16,
      11,
      3,
      32,
      3,
      0,
      1
    ],
    [
      4,
      30,
      1,
      46,
      1,
      0,
      21
    ],
    [
      21,
      15,
      54,
      100,
      22,
      0,
      8
    ],
    [
      2,
      1,
      1,
      17,
      0,
      0,
      2
    ],
    [
      6,
      6,
      11,
      94,
      86,
      0,
      20
    ],
    [
      3,
      8,
      19,
      1094,
      79,
      17,
      121
    ],
    [
      0,
      0,
      0,
      1,
      0,
      0,
      28
    ]
  ],
  "report": "              precision    recall  f1-score   support\n\n           0       0.31      0.24      0.27        66\n           1       0.42      0.29      0.34       103\n           2       0.61      0.25      0.35       220\n           3       0.01      0.74      0.02        23\n           4       0.45      0.39      0.42       223\n           5       1.00      0.01      0.03      1341\n           6       0.14      0.97      0.24        29\n\n    accuracy                           0.12      2005\n   macro avg       0.42      0.41      0.24      2005\nweighted avg       0.82      0.12      0.13      2005\n",
  "seed": 0
}