{
  "weighted_f1": 0.8889259859468719,
  "macro_f1": 0.8889259859468719,
  "weighted_accuracy": 0.8886,
  "weighted_precision": 0.8896988340033462,
  "weighted_recall": 0.8886,
  "per_class_auc": [
    0.9929604444444444,
    0.995789888888889,
    0.9844891111111111,
    0.9756815555555557,
    0.9878961111111112,
    0.9837875555555556,
    0.9915032222222223,
    0.9946815555555556,
    0.9936803333333333,
    0.9944178888888888
  ],
  "mean_auc": 0.9894887666666667,
  "confusion_matrix": [
    [
      917,
      5,
      14,
      3,
      6,
      0,
      1,
      5,
      32,
      17
    ],
    [
      4,
      951,
      1,
      1,
      0,
      0,
      2,
      0,
      4,
      37
    ],
    [
      28,
      1,
      853,
      39,
      26,
      22,
      17,
      4,
      9,
      1
    ],
    [
      15,
      3,
      19,
      800,
      24,
      90,
      25,
      10,
      2,
      12
    ],
    [
      4,
      2,
      21,
      41,
      867,
      20,
      14,
      21,
      6,
      4
    ],
    [
      5,
      0,
      13,
      104,
      19,
      830,
      7,
      17,
      1,
      4
    ],
    [
      7,
      1,
      26,
      41,
      7,
      13,
      895,
      4,
      2,
      4
    ],
    [
      8,
      0,
      17,
      24,
      18,
      19,
      2,
      907,
      1,
      4
    ],
    [
      26,
      13,
      4,
      8,
      0,
      2,
      2,
      0,
      926,
      19
    ],
    [
      9,
      28,
      3,
      5,
      0,
      2,
      2,
      1,
      10,
      940
    ]
  ],
  "report": "              precision    recall  f1-score   support\n\n           0       0.90      0.92      0.91      1000\n           1       0.95      0.95      0.95      1000\n           2       0.88      0.85      0.87      1000\n           3       0.75      0.80      0.77      1000\n           4       0.90      0.87      0.88      1000\n           5       0.83      0.83      0.83      1000\n           6       0.93      0.90      0.91      1000\n           7       0.94      0.91      0.92      1000\n           8       0.93      0.93      0.93      1000\n           9       0.90      0.94      0.92      1000\n\n    accuracy                           0.89     10000\n   macro avg       0.89      0.89      0.89     10000\nweighted avg       0.89      0.89      0.89     10000\n",
  "seed": 0
}