{
  "weighted_f1": {
    "mean": 0.7757367011098354,
    "std": NaN,
    "min": 0.7757367011098354,
    "max": 0.7757367011098354,
    "values": [
      0.7757367011098354
    ]
  },
  "macro_f1": {
    "mean": 0.7412935323383084,
    "std": NaN,
    "min": 0.7412935323383084,
    "max": 0.7412935323383084,
    "values": [
      0.7412935323383084
    ]
  },
  "weighted_accuracy": {
    "mean": 0.7628205128205128,
    "std": NaN,
    "min": 0.7628205128205128,
    "max": 0.7628205128205128,
    "values": [
      0.7628205128205128
    ]
  },
  "mean_auc": {
    "mean": 0.8999582289055973,
    "std": NaN,
    "min": 0.8999582289055973,
    "max": 0.8999582289055973,
    "values": [
      0.8999582289055973
    ]
  },
  "best_seed_idx": 0,
  "n_runs": 1
}