{
  "weighted_f1": 0.5059145953924399,
  "macro_f1": 0.393277258844346,
  "weighted_accuracy": 0.427930174563591,
  "weighted_precision": 0.7865035305449086,
  "weighted_recall": 0.427930174563591,
  "per_class_auc": [
    0.8901964461531249,
    0.9164803528222719,
    0.8652177234530175,
    0.8679199754310535,
    0.8596503148072655,
    0.9145620513373405,
    0.9779771045651263
  ],
  "mean_auc": 0.8988577097956,
  "confusion_matrix": [
    [
      37,
      14,
      7,
      6,
      2,
      0,
      0
    ],
    [
      14,
      51,
      4,
      22,
      2,
      0,
      10
    ],
    [
      20,
      13,
      94,
      33,
      47,
      8,
      5
    ],
    [
      2,
      3,
      1,
      17,
      0,
      0,
      0
    ],
    [
      5,
      4,
      26,
      34,
      132,
      8,
      14
    ],
    [
      10,
      13,
      49,
      444,
      200,
      499,
      126
    ],
    [
      0,
      0,
      0,
      1,
      0,
      0,
      28
    ]
  ],
  "report": "              precision    recall  f1-score   support\n\n           0       0.42      0.56      0.48        66\n           1       0.52      0.50      0.51       103\n           2       0.52      0.43      0.47       220\n           3       0.03      0.74      0.06        23\n           4       0.34      0.59      0.44       223\n           5       0.97      0.37      0.54      1341\n           6       0.15      0.97      0.26        29\n\n    accuracy                           0.43      2005\n   macro avg       0.42      0.59      0.39      2005\nweighted avg       0.79      0.43      0.51      2005\n",
  "seed": 0
}