{
  "weighted_f1": 0.8473711552825929,
  "macro_f1": 0.8473711552825929,
  "weighted_accuracy": 0.8463,
  "weighted_precision": 0.8519503030846969,
  "weighted_recall": 0.8463,
  "per_class_auc": [
    0.989812888888889,
    0.996462,
    0.9765844444444445,
    0.9670663333333333,
    0.9834303333333334,
    0.9746985555555557,
    0.9854515555555555,
    0.9904915555555556,
    0.9928998888888888,
    0.9924702222222224
  ],
  "mean_auc": 0.9849367777777778,
  "confusion_matrix": [
    [
      911,
      13,
      16,
      8,
      2,
      0,
      0,
      5,
      25,
      20
    ],
    [
      12,
      926,
      1,
      2,
      0,
      0,
      0,
      0,
      6,
      53
    ],
    [
      49,
      1,
      796,
      59,
      34,
      24,
      13,
      16,
      4,
      4
    ],
    [
      22,
      0,
      35,
      766,
      16,
      110,
      15,
      20,
      12,
      4
    ],
    [
      22,
      1,
      46,
      57,
      776,
      32,
      13,
      51,
      2,
      0
    ],
    [
      11,
      0,
      23,
      132,
      10,
      780,
      5,
      35,
      1,
      3
    ],
    [
      14,
      3,
      46,
      85,
      17,
      18,
      809,
      4,
      2,
      2
    ],
    [
      13,
      0,
      17,
      31,
      10,
      33,
      1,
      893,
      1,
      1
    ],
    [
      59,
      19,
      12,
      6,
      0,
      1,
      1,
      0,
      879,
      23
    ],
    [
      15,
      31,
      3,
      7,
      0,
      3,
      1,
      4,
      9,
      927
    ]
  ],
  "report": "              precision    recall  f1-score   support\n\n           0       0.81      0.91      0.86      1000\n           1       0.93      0.93      0.93      1000\n           2       0.80      0.80      0.80      1000\n           3       0.66      0.77      0.71      1000\n           4       0.90      0.78      0.83      1000\n           5       0.78      0.78      0.78      1000\n           6       0.94      0.81      0.87      1000\n           7       0.87      0.89      0.88      1000\n           8       0.93      0.88      0.91      1000\n           9       0.89      0.93      0.91      1000\n\n    accuracy                           0.85     10000\n   macro avg       0.85      0.85      0.85     10000\nweighted avg       0.85      0.85      0.85     10000\n",
  "seed": 0
}