{
  "weighted_f1": 0.8028210171639208,
  "macro_f1": 0.802821017163921,
  "weighted_accuracy": 0.8016,
  "weighted_precision": 0.8066519626817275,
  "weighted_recall": 0.8016,
  "per_class_auc": [
    0.984137,
    0.9933701111111111,
    0.9618648888888889,
    0.9478411111111111,
    0.9755005555555556,
    0.9632327777777778,
    0.9865505555555555,
    0.9850508888888889,
    0.9911712222222222,
    0.9906994444444446
  ],
  "mean_auc": 0.9779418555555557,
  "confusion_matrix": [
    [
      873,
      15,
      27,
      9,
      6,
      2,
      2,
      10,
      39,
      17
    ],
    [
      25,
      904,
      1,
      4,
      0,
      2,
      2,
      2,
      11,
      49
    ],
    [
      66,
      1,
      742,
      56,
      49,
      34,
      23,
      22,
      5,
      2
    ],
    [
      18,
      1,
      67,
      653,
      33,
      159,
      30,
      29,
      6,
      4
    ],
    [
      19,
      0,
      63,
      58,
      747,
      32,
      10,
      68,
      3,
      0
    ],
    [
      9,
      2,
      31,
      139,
      30,
      746,
      4,
      36,
      1,
      2
    ],
    [
      11,
      2,
      58,
      90,
      22,
      23,
      780,
      8,
      3,
      3
    ],
    [
      15,
      2,
      26,
      21,
      21,
      59,
      1,
      852,
      2,
      1
    ],
    [
      72,
      24,
      12,
      8,
      0,
      2,
      4,
      2,
      857,
      19
    ],
    [
      33,
      46,
      6,
      13,
      0,
      9,
      2,
      10,
      19,
      862
    ]
  ],
  "report": "              precision    recall  f1-score   support\n\n           0       0.77      0.87      0.82      1000\n           1       0.91      0.90      0.91      1000\n           2       0.72      0.74      0.73      1000\n           3       0.62      0.65      0.64      1000\n           4       0.82      0.75      0.78      1000\n           5       0.70      0.75      0.72      1000\n           6       0.91      0.78      0.84      1000\n           7       0.82      0.85      0.84      1000\n           8       0.91      0.86      0.88      1000\n           9       0.90      0.86      0.88      1000\n\n    accuracy                           0.80     10000\n   macro avg       0.81      0.80      0.80     10000\nweighted avg       0.81      0.80      0.80     10000\n",
  "seed": 0
}