{
  "weighted_f1": 0.8919367871029968,
  "macro_f1": 0.8919367871029967,
  "weighted_accuracy": 0.8912,
  "weighted_precision": 0.8940074820439189,
  "weighted_recall": 0.8912,
  "per_class_auc": [
    0.9913846111111111,
    0.996384111111111,
    0.9854948888888889,
    0.9760931111111111,
    0.9893997777777779,
    0.9840813333333334,
    0.9911316666666666,
    0.993246111111111,
    0.995870111111111,
    0.9944102222222221
  ],
  "mean_auc": 0.9897495944444443,
  "confusion_matrix": [
    [
      909,
      6,
      23,
      10,
      4,
      3,
      2,
      2,
      28,
      13
    ],
    [
      7,
      951,
      1,
      1,
      0,
      0,
      1,
      1,
      4,
      34
    ],
    [
      28,
      1,
      845,
      42,
      19,
      34,
      19,
      8,
      2,
      2
    ],
    [
      9,
      4,
      11,
      826,
      9,
      105,
      18,
      10,
      4,
      4
    ],
    [
      8,
      2,
      29,
      45,
      851,
      24,
      6,
      31,
      3,
      1
    ],
    [
      8,
      1,
      10,
      89,
      12,
      861,
      3,
      14,
      0,
      2
    ],
    [
      10,
      4,
      23,
      53,
      9,
      17,
      877,
      2,
      1,
      4
    ],
    [
      9,
      1,
      7,
      27,
      10,
      19,
      0,
      926,
      0,
      1
    ],
    [
      35,
      13,
      4,
      4,
      1,
      2,
      0,
      0,
      930,
      11
    ],
    [
      12,
      30,
      3,
      6,
      0,
      2,
      1,
      0,
      10,
      936
    ]
  ],
  "report": "              precision    recall  f1-score   support\n\n           0       0.88      0.91      0.89      1000\n           1       0.94      0.95      0.94      1000\n           2       0.88      0.84      0.86      1000\n           3       0.75      0.83      0.79      1000\n           4       0.93      0.85      0.89      1000\n           5       0.81      0.86      0.83      1000\n           6       0.95      0.88      0.91      1000\n           7       0.93      0.93      0.93      1000\n           8       0.95      0.93      0.94      1000\n           9       0.93      0.94      0.93      1000\n\n    accuracy                           0.89     10000\n   macro avg       0.89      0.89      0.89     10000\nweighted avg       0.89      0.89      0.89     10000\n",
  "seed": 0
}