{
  "weighted_f1": 0.8323461280117536,
  "macro_f1": 0.8323461280117537,
  "weighted_accuracy": 0.8313,
  "weighted_precision": 0.8366252990328736,
  "weighted_recall": 0.8313,
  "per_class_auc": [
    0.9874465555555556,
    0.995073111111111,
    0.9732678333333332,
    0.9572962222222223,
    0.9810424444444444,
    0.9723268888888889,
    0.9859673333333334,
    0.9912713333333333,
    0.99268,
    0.9931004444444445
  ],
  "mean_auc": 0.9829472166666665,
  "confusion_matrix": [
    [
      896,
      10,
      20,
      12,
      5,
      0,
      1,
      8,
      33,
      15
    ],
    [
      19,
      943,
      0,
      2,
      1,
      2,
      3,
      2,
      5,
      23
    ],
    [
      62,
      1,
      783,
      46,
      39,
      27,
      22,
      16,
      4,
      0
    ],
    [
      27,
      3,
      48,
      734,
      28,
      111,
      22,
      15,
      9,
      3
    ],
    [
      29,
      1,
      57,
      60,
      761,
      24,
      13,
      48,
      7,
      0
    ],
    [
      11,
      3,
      28,
      150,
      19,
      750,
      5,
      31,
      2,
      1
    ],
    [
      17,
      2,
      56,
      80,
      21,
      17,
      801,
      4,
      1,
      1
    ],
    [
      18,
      3,
      15,
      27,
      13,
      38,
      1,
      881,
      0,
      4
    ],
    [
      64,
      26,
      9,
      10,
      0,
      2,
      1,
      0,
      874,
      14
    ],
    [
      21,
      56,
      3,
      7,
      1,
      3,
      2,
      4,
      13,
      890
    ]
  ],
  "report": "              precision    recall  f1-score   support\n\n           0       0.77      0.90      0.83      1000\n           1       0.90      0.94      0.92      1000\n           2       0.77      0.78      0.78      1000\n           3       0.65      0.73      0.69      1000\n           4       0.86      0.76      0.81      1000\n           5       0.77      0.75      0.76      1000\n           6       0.92      0.80      0.86      1000\n           7       0.87      0.88      0.88      1000\n           8       0.92      0.87      0.90      1000\n           9       0.94      0.89      0.91      1000\n\n    accuracy                           0.83     10000\n   macro avg       0.84      0.83      0.83     10000\nweighted avg       0.84      0.83      0.83     10000\n",
  "seed": 0
}