{
  "weighted_f1": 0.23274427336571243,
  "macro_f1": 0.3010433868989422,
  "weighted_accuracy": 0.2174563591022444,
  "weighted_precision": 0.7819351435958425,
  "weighted_recall": 0.2174563591022444,
  "per_class_auc": [
    0.920944879428634,
    0.9281900503302605,
    0.8534530175706647,
    0.7966700302724521,
    0.8302859184772489,
    0.8968862025282338,
    0.9740681278793801
  ],
  "mean_auc": 0.8857854609266962,
  "confusion_matrix": [
    [
      35,
      14,
      4,
      10,
      3,
      0,
      0
    ],
    [
      16,
      37,
      3,
      37,
      3,
      0,
      7
    ],
    [
      36,
      14,
      76,
      54,
      37,
      0,
      3
    ],
    [
      3,
      1,
      0,
      19,
      0,
      0,
      0
    ],
    [
      15,
      3,
      17,
      43,
      129,
      2,
      14
    ],
    [
      21,
      16,
      54,
      833,
      227,
      114,
      76
    ],
    [
      0,
      0,
      0,
      1,
      2,
      0,
      26
    ]
  ],
  "report": "              precision    recall  f1-score   support\n\n           0       0.28      0.53      0.36        66\n           1       0.44      0.36      0.39       103\n           2       0.49      0.35      0.41       220\n           3       0.02      0.83      0.04        23\n           4       0.32      0.58      0.41       223\n           5       0.98      0.09      0.16      1341\n           6       0.21      0.90      0.34        29\n\n    accuracy                           0.22      2005\n   macro avg       0.39      0.52      0.30      2005\nweighted avg       0.78      0.22      0.23      2005\n",
  "seed": 0
}