{
  "weighted_f1": {
    "mean": 0.49221767475332523,
    "std": NaN,
    "min": 0.49221767475332523,
    "max": 0.49221767475332523,
    "values": [
      0.49221767475332523
    ]
  },
  "macro_f1": {
    "mean": 0.37575679404156886,
    "std": NaN,
    "min": 0.37575679404156886,
    "max": 0.37575679404156886,
    "values": [
      0.37575679404156886
    ]
  },
  "weighted_accuracy": {
    "mean": 0.4054862842892768,
    "std": NaN,
    "min": 0.4054862842892768,
    "max": 0.4054862842892768,
    "values": [
      0.4054862842892768
    ]
  },
  "mean_auc": {
    "mean": 0.8821747251354245,
    "std": NaN,
    "min": 0.8821747251354245,
    "max": 0.8821747251354245,
    "values": [
      0.8821747251354245
    ]
  },
  "best_seed_idx": 0,
  "n_runs": 1
}