{
  "weighted_f1": {
    "mean": 0.36436471096639295,
    "std": NaN,
    "min": 0.36436471096639295,
    "max": 0.36436471096639295,
    "values": [
      0.36436471096639295
    ]
  },
  "macro_f1": {
    "mean": 0.342925579424002,
    "std": NaN,
    "min": 0.342925579424002,
    "max": 0.342925579424002,
    "values": [
      0.342925579424002
    ]
  },
  "weighted_accuracy": {
    "mean": 0.29925187032418954,
    "std": NaN,
    "min": 0.29925187032418954,
    "max": 0.29925187032418954,
    "values": [
      0.29925187032418954
    ]
  },
  "mean_auc": {
    "mean": 0.8916490451253686,
    "std": NaN,
    "min": 0.8916490451253686,
    "max": 0.8916490451253686,
    "values": [
      0.8916490451253686
    ]
  },
  "best_seed_idx": 0,
  "n_runs": 1
}