{
  "weighted_f1": 0.8956026687900678,
  "macro_f1": 0.8672983563233265,
  "weighted_accuracy": 0.8977715877437326,
  "weighted_precision": 0.9023606682559958,
  "weighted_recall": 0.8977715877437326,
  "per_class_auc": [
    0.9950510426789361,
    0.9998870256826418,
    0.9932521207589671,
    0.9967088047604865,
    0.9857011120151884,
    0.9920607082492328,
    0.9933299086894365,
    0.9673594352423214,
    0.9942312814287766
  ],
  "mean_auc": 0.9908423821673319,
  "confusion_matrix": [
    [
      1305,
      28,
      0,
      0,
      4,
      0,
      1,
      0,
      0
    ],
    [
      2,
      844,
      0,
      1,
      0,
      0,
      0,
      0,
      0
    ],
    [
      0,
      1,
      229,
      23,
      0,
      55,
      0,
      29,
      2
    ],
    [
      0,
      0,
      0,
      630,
      0,
      0,
      4,
      0,
      0
    ],
    [
      116,
      14,
      0,
      2,
      898,
      0,
      2,
      0,
      3
    ],
    [
      0,
      0,
      0,
      0,
      5,
      536,
      0,
      50,
      1
    ],
    [
      1,
      0,
      0,
      64,
      1,
      0,
      670,
      0,
      5
    ],
    [
      1,
      4,
      4,
      17,
      14,
      92,
      4,
      234,
      51
    ],
    [
      0,
      0,
      3,
      76,
      3,
      6,
      44,
      1,
      1100
    ]
  ],
  "report": "              precision    recall  f1-score   support\n\n           0       0.92      0.98      0.94      1338\n           1       0.95      1.00      0.97       847\n           2       0.97      0.68      0.80       339\n           3       0.77      0.99      0.87       634\n           4       0.97      0.87      0.92      1035\n           5       0.78      0.91      0.84       592\n           6       0.92      0.90      0.91       741\n           7       0.75      0.56      0.64       421\n           8       0.95      0.89      0.92      1233\n\n    accuracy                           0.90      7180\n   macro avg       0.89      0.86      0.87      7180\nweighted avg       0.90      0.90      0.90      7180\n",
  "seed": 0
}