{
  "weighted_f1": {
    "mean": 0.8974139640765579,
    "std": NaN,
    "min": 0.8974139640765579,
    "max": 0.8974139640765579,
    "values": [
      0.8974139640765579
    ]
  },
  "macro_f1": {
    "mean": 0.897413964076558,
    "std": NaN,
    "min": 0.897413964076558,
    "max": 0.897413964076558,
    "values": [
      0.897413964076558
    ]
  },
  "weighted_accuracy": {
    "mean": 0.8977,
    "std": NaN,
    "min": 0.8977,
    "max": 0.8977,
    "values": [
      0.8977
    ]
  },
  "mean_auc": {
    "mean": 0.9930911111111111,
    "std": NaN,
    "min": 0.9930911111111111,
    "max": 0.9930911111111111,
    "values": [
      0.9930911111111111
    ]
  },
  "best_seed_idx": 0,
  "n_runs": 1
}