{
  "weighted_f1": 0.8860543334285642,
  "macro_f1": 0.8757499415629951,
  "weighted_accuracy": 0.8894230769230769,
  "weighted_precision": 0.896523363443738,
  "weighted_recall": 0.8894230769230769,
  "per_class_auc": [
    0.9656804733727811
  ],
  "mean_auc": 0.9656804733727811,
  "confusion_matrix": [
    [
      174,
      60
    ],
    [
      9,
      381
    ]
  ],
  "report": "              precision    recall  f1-score   support\n\n           0       0.95      0.74      0.83       234\n           1       0.86      0.98      0.92       390\n\n    accuracy                           0.89       624\n   macro avg       0.91      0.86      0.88       624\nweighted avg       0.90      0.89      0.89       624\n",
  "seed": 0
}