{
  "weighted_f1": 0.7920596048209093,
  "macro_f1": 0.7920596048209092,
  "weighted_accuracy": 0.7902,
  "weighted_precision": 0.7970626900277875,
  "weighted_recall": 0.7902,
  "per_class_auc": [
    0.9825715555555555,
    0.9935942222222222,
    0.9580597777777777,
    0.9411642222222222,
    0.9682857777777776,
    0.959427888888889,
    0.9850192222222223,
    0.9846327777777779,
    0.9914964444444445,
    0.9888856666666666
  ],
  "mean_auc": 0.9753137555555556,
  "confusion_matrix": [
    [
      829,
      16,
      43,
      17,
      7,
      2,
      2,
      7,
      50,
      27
    ],
    [
      14,
      911,
      1,
      9,
      1,
      0,
      1,
      4,
      12,
      47
    ],
    [
      56,
      3,
      703,
      75,
      60,
      43,
      31,
      23,
      3,
      3
    ],
    [
      13,
      4,
      52,
      677,
      26,
      166,
      24,
      20,
      11,
      7
    ],
    [
      19,
      1,
      80,
      82,
      686,
      44,
      19,
      61,
      6,
      2
    ],
    [
      9,
      2,
      30,
      175,
      17,
      724,
      7,
      31,
      1,
      4
    ],
    [
      8,
      4,
      59,
      100,
      25,
      22,
      768,
      6,
      6,
      2
    ],
    [
      15,
      2,
      20,
      36,
      25,
      63,
      1,
      833,
      0,
      5
    ],
    [
      46,
      14,
      8,
      10,
      1,
      4,
      2,
      2,
      896,
      17
    ],
    [
      24,
      48,
      9,
      11,
      1,
      3,
      3,
      4,
      22,
      875
    ]
  ],
  "report": "              precision    recall  f1-score   support\n\n           0       0.80      0.83      0.82      1000\n           1       0.91      0.91      0.91      1000\n           2       0.70      0.70      0.70      1000\n           3       0.57      0.68      0.62      1000\n           4       0.81      0.69      0.74      1000\n           5       0.68      0.72      0.70      1000\n           6       0.90      0.77      0.83      1000\n           7       0.84      0.83      0.84      1000\n           8       0.89      0.90      0.89      1000\n           9       0.88      0.88      0.88      1000\n\n    accuracy                           0.79     10000\n   macro avg       0.80      0.79      0.79     10000\nweighted avg       0.80      0.79      0.79     10000\n",
  "seed": 0
}