{
  "weighted_f1": {
    "mean": 0.9928956701605007,
    "std": NaN,
    "min": 0.9928956701605007,
    "max": 0.9928956701605007,
    "values": [
      0.9928956701605007
    ]
  },
  "macro_f1": {
    "mean": 0.992773672354432,
    "std": NaN,
    "min": 0.992773672354432,
    "max": 0.992773672354432,
    "values": [
      0.992773672354432
    ]
  },
  "weighted_accuracy": {
    "mean": 0.9929,
    "std": NaN,
    "min": 0.9929,
    "max": 0.9929,
    "values": [
      0.9929
    ]
  },
  "mean_auc": {
    "mean": 0.999806524405558,
    "std": NaN,
    "min": 0.999806524405558,
    "max": 0.999806524405558,
    "values": [
      0.999806524405558
    ]
  },
  "best_seed_idx": 0,
  "n_runs": 1
}