{
  "weighted_f1": {
    "mean": 0.9316336884830034,
    "std": NaN,
    "min": 0.9316336884830034,
    "max": 0.9316336884830034,
    "values": [
      0.9316336884830034
    ]
  },
  "macro_f1": {
    "mean": 0.9261288685946221,
    "std": NaN,
    "min": 0.9261288685946221,
    "max": 0.9261288685946221,
    "values": [
      0.9261288685946221
    ]
  },
  "weighted_accuracy": {
    "mean": 0.9326923076923077,
    "std": NaN,
    "min": 0.9326923076923077,
    "max": 0.9326923076923077,
    "values": [
      0.9326923076923077
    ]
  },
  "mean_auc": {
    "mean": 0.9746877054569363,
    "std": NaN,
    "min": 0.9746877054569363,
    "max": 0.9746877054569363,
    "values": [
      0.9746877054569363
    ]
  },
  "best_seed_idx": 0,
  "n_runs": 1
}