{
  "weighted_f1": {
    "mean": 0.8788387593916259,
    "std": NaN,
    "min": 0.8788387593916259,
    "max": 0.8788387593916259,
    "values": [
      0.8788387593916259
    ]
  },
  "macro_f1": {
    "mean": 0.8788387593916258,
    "std": NaN,
    "min": 0.8788387593916258,
    "max": 0.8788387593916258,
    "values": [
      0.8788387593916258
    ]
  },
  "weighted_accuracy": {
    "mean": 0.8784,
    "std": NaN,
    "min": 0.8784,
    "max": 0.8784,
    "values": [
      0.8784
    ]
  },
  "mean_auc": {
    "mean": 0.9902234555555556,
    "std": NaN,
    "min": 0.9902234555555556,
    "max": 0.9902234555555556,
    "values": [
      0.9902234555555556
    ]
  },
  "best_seed_idx": 0,
  "n_runs": 1
}