{
  "weighted_f1": {
    "mean": 0.8456374601184,
    "std": NaN,
    "min": 0.8456374601184,
    "max": 0.8456374601184,
    "values": [
      0.8456374601184
    ]
  },
  "macro_f1": {
    "mean": 0.8129944857348358,
    "std": NaN,
    "min": 0.8129944857348358,
    "max": 0.8129944857348358,
    "values": [
      0.8129944857348358
    ]
  },
  "weighted_accuracy": {
    "mean": 0.8397435897435898,
    "std": NaN,
    "min": 0.8397435897435898,
    "max": 0.8397435897435898,
    "values": [
      0.8397435897435898
    ]
  },
  "mean_auc": {
    "mean": 0.8926482873851295,
    "std": NaN,
    "min": 0.8926482873851295,
    "max": 0.8926482873851295,
    "values": [
      0.8926482873851295
    ]
  },
  "best_seed_idx": 0,
  "n_runs": 1
}