{
  "weighted_f1": {
    "mean": 0.5084963425862143,
    "std": NaN,
    "min": 0.5084963425862143,
    "max": 0.5084963425862143,
    "values": [
      0.5084963425862143
    ]
  },
  "macro_f1": {
    "mean": 0.5084963425862143,
    "std": NaN,
    "min": 0.5084963425862143,
    "max": 0.5084963425862143,
    "values": [
      0.5084963425862143
    ]
  },
  "weighted_accuracy": {
    "mean": 0.5204,
    "std": NaN,
    "min": 0.5204,
    "max": 0.5204,
    "values": [
      0.5204
    ]
  },
  "mean_auc": {
    "mean": 0.9678643535353537,
    "std": NaN,
    "min": 0.9678643535353537,
    "max": 0.9678643535353537,
    "values": [
      0.9678643535353537
    ]
  },
  "best_seed_idx": 0,
  "n_runs": 1
}