{
  "weighted_f1": {
    "mean": 0.811507729484742,
    "std": 0.02516804752840862,
    "min": 0.7722488849118565,
    "max": 0.8513329644676506,
    "values": [
      0.7722488849118565,
      0.8513329644676506,
      0.8301678185073925,
      0.8128994098864557,
      0.7938172820470434,
      0.8167154178898042,
      0.81915881436918,
      0.8354318257900061,
      0.7764209737176627,
      0.8068839032603691
    ]
  },
  "macro_f1": {
    "mean": 0.7794140615314736,
    "std": 0.01905675803263913,
    "min": 0.7478214639127267,
    "max": 0.8077765884359284,
    "values": [
      0.7614359143652517,
      0.8077765884359284,
      0.7906737796539854,
      0.7857762842316601,
      0.7621890632163184,
      0.782795445048282,
      0.7924621364027696,
      0.7972167514561025,
      0.7478214639127267,
      0.7659931885917115
    ]
  },
  "weighted_accuracy": {
    "mean": 0.8138300835654597,
    "std": 0.02611527285554702,
    "min": 0.772841225626741,
    "max": 0.8536211699164346,
    "values": [
      0.772841225626741,
      0.8536211699164346,
      0.8341225626740947,
      0.8171309192200558,
      0.7954038997214484,
      0.816991643454039,
      0.8238161559888579,
      0.8366295264623955,
      0.7753481894150418,
      0.8123955431754875
    ]
  },
  "mean_auc": {
    "mean": 0.9749298560244144,
    "std": 0.003517084991846484,
    "min": 0.9676831708963073,
    "max": 0.978962996001377,
    "values": [
      0.9748368482282184,
      0.9772707431482074,
      0.978962996001377,
      0.9776478086176608,
      0.9676831708963073,
      0.9740429760472907,
      0.9783166690305437,
      0.9759645736746368,
      0.9733747567273715,
      0.9711980178725299
    ]
  },
  "best_seed_idx": 2,
  "n_runs": 10
}