{
  "train_loss": [
    5.108177164643131,
    3.6343233277764693,
    2.9319259098597934,
    2.7385232458105095,
    2.6209931064642187,
    2.508767115231058,
    2.489799779850048,
    2.4618291367269096,
    2.422357407074878,
    2.405286092637047,
    2.4161722248012607,
    2.3865332861710193,
    2.3542980369596727,
    2.3428864399444636,
    2.353911066320699,
    2.3314448272652815,
    2.3367847801530788,
    2.3257588831864937,
    2.312776323050086,
    2.3298934853432502,
    2.3072527194475674,
    2.3297755939058455,
    2.2959265501366137,
    2.29125841031048,
    2.3038250888926814,
    2.2986537106659473,
    2.3020929584527674,
    2.2772411711804277,
    2.2775633424601303,
    2.2906660567137047,
    2.262497741723173,
    2.2622492467011366,
    2.258052137348202,
    2.270186845409355,
    2.2627754140652176,
    2.245738387601223,
    2.271037772087325,
    2.2531865331778533,
    2.269177365816829,
    2.250536418393248,
    2.2291414017035582,
    2.245716431315452,
    2.2457994357553175,
    2.2361436251381317,
    2.254594450689713,
    2.232397776672839,
    2.23532132771006,
    2.221468915693665,
    2.2463746494822927,
    2.222010047830119,
    2.234742071857564,
    2.2154213164389276,
    2.220036944564508,
    2.235473970143996,
    2.239796439369956,
    2.217572230899387,
    2.210820854314132,
    2.2200605134336553,
    2.216267579867936,
    2.2242010066423163,
    2.2002565678710413,
    2.201535574903634,
    2.2105839755372823,
    2.1962819483917486,
    2.21554518366942,
    2.215158333141419,
    2.2102499688694137,
    2.216699847825264,
    2.205514002172961,
    2.2104136075819714,
    2.2225107299425777,
    2.1987973482067447,
    2.2053354850114113,
    2.2006850705024976,
    2.196980536128649,
    2.1817783094326915,
    2.1887067235007818,
    2.2043572735544856,
    2.172673227903726,
    2.187501673999894,
    2.205786855989437,
    2.1828833355174795,
    2.1940476710639496,
    2.1864598257081966,
    2.158049245116815,
    2.15619741609676,
    2.184821024079865,
    2.194917921266628,
    2.16185986983788,
    2.1765810306868096,
    2.1875778195758304,
    2.1716581710449585,
    2.1773028364191047,
    2.1736237272754177,
    2.19240833458452,
    2.1753079131239232,
    2.184455048736805,
    2.1980822083952423,
    2.184559237009383,
    2.171412273533286
  ],
  "train_acc": [
    0.0332524618238904,
    0.016697588126159554,
    0.01655487369773084,
    0.01969459112316255,
    0.025260453831882402,
    0.0342514628228914,
    0.05822748679891537,
    0.07192807192807193,
    0.08220351077493934,
    0.09775938347366919,
    0.09847295561581276,
    0.11574140145568718,
    0.12401883830455258,
    0.14842300556586271,
    0.14100185528756956,
    0.15313258170401028,
    0.1494220065648637,
    0.16326530612244897,
    0.15698587127158556,
    0.1674040245468817,
    0.1756814613957471,
    0.18510061367204225,
    0.18681318681318682,
    0.18010560867703726,
    0.17696589125160553,
    0.1949479092336235,
    0.19509062366205224,
    0.1978021978021978,
    0.18196089624661052,
    0.16397887826459254,
    0.18452975595832738,
    0.1848151848151848,
    0.20194091622663052,
    0.1926644783787641,
    0.16811759668902526,
    0.19394890823462252,
    0.1928071928071928,
    0.18410161267304123,
    0.20679320679320679,
    0.2070786356500642,
    0.20308263165406024,
    0.2029399172256315,
    0.19965748537177108,
    0.20208363065505922,
    0.19294990723562153,
    0.21521335807050093,
    0.2137862137862138,
    0.21621235906950192,
    0.2110746396460682,
    0.2289139431996575,
    0.20650777793634936,
    0.2341943770515199,
    0.22035107749393465,
    0.20622234907949194,
    0.20993292421863852,
    0.20679320679320679,
    0.2250606536320822,
    0.2222063650635079,
    0.22648779791636933,
    0.2351933780505209,
    0.2280576566290852,
    0.23233908948194662,
    0.2360496646210932,
    0.23219637505351792,
    0.24361352932781505,
    0.22663051234479806,
    0.2300556586270872,
    0.22349079491936635,
    0.2360496646210932,
    0.22434708148993862,
    0.22434708148993862,
    0.24760953332381905,
    0.24061652633081204,
    0.23405166262309118,
    0.2301983730555159,
    0.24461253032681604,
    0.24803767660910517,
    0.2381903810475239,
    0.24147281290138434,
    0.24760953332381905,
    0.24860853432282004,
    0.24889396317967746,
    0.2413300984729556,
    0.2400456686170972,
    0.2463251034679606,
    0.23676323676323677,
    0.23490794919366348,
    0.24332810047095763,
    0.23990295418866847,
    0.24860853432282004,
    0.24147281290138434,
    0.2441843870415299,
    0.2450406736121022,
    0.2453261024689596,
    0.24917939203653489,
    0.24247181390038533,
    0.24275724275724275,
    0.2450406736121022,
    0.2421863850435279,
    0.23947481090338232
  ],
  "val_loss": [
    2.650024335857403,
    2.6304237904363235,
    2.601847173685091,
    2.556893465644935,
    2.4524613762662515,
    2.4227537595381885,
    2.4209863024718263,
    2.4364018887132852,
    2.3773787922540666,
    2.3776335507066753,
    2.3297789721997644,
    2.4613269910974016,
    2.4395867615849047,
    2.396507174994867,
    2.306246626293909,
    2.366637099181429,
    2.356170999920618,
    2.3575284892279034,
    2.415516852381698,
    2.368858180279033,
    2.290491454741534,
    2.2753173399304347,
    2.32097544365842,
    2.320712783876231,
    2.365463369032916,
    2.2931045439996844,
    2.3266567099962017,
    2.276784990981949,
    2.3209314648199415,
    2.2297761202571635,
    2.302324880987911,
    2.3846821069479702,
    2.2709784933244244,
    2.252997241253154,
    2.230633781533893,
    2.230673256566969,
    2.219467407447153,
    2.264633954106157,
    2.196189271131993,
    2.2408538501735698,
    2.2851646707160165,
    2.272500025310878,
    2.2818908767472,
    2.1951103949713207,
    2.262702434155663,
    2.254518787026524,
    2.243727574676483,
    2.239374591013489,
    2.2645939197521265,
    2.2764104615417815,
    2.2363126731941017,
    2.257653776693677,
    2.2801796869409166,
    2.2042419328052523,
    2.266749009059172,
    2.2580442145719366,
    2.248137531347075,
    2.2245668345172764,
    2.2363690379134202,
    2.204157586349685,
    2.1850521776041503,
    2.2208121167579415,
    2.1994222130399876,
    2.214268162386011,
    2.260833218946295,
    2.240944882570687,
    2.22794935068604,
    2.237629164727117,
    2.2398091917142553,
    2.2484795091634733,
    2.2108141180287566,
    2.2159536550432475,
    2.2006070193122413,
    2.198045881533789,
    2.20715696766512,
    2.215998102874604,
    2.1997602644375527,
    2.208206061470663,
    2.208878822364693,
    2.20661246479449,
    2.215312173335645,
    2.2173809570186993,
    2.2136772698680995,
    2.191188473525575,
    2.193856045826601,
    2.198846000498337,
    2.1961148277237075,
    2.1959386054920413,
    2.1997104447004445,
    2.199947362169549,
    2.2037886831601146,
    2.2023537653393426,
    2.2087140116591755,
    2.2054456837274734,
    2.2060846585932663,
    2.205155214783202,
    2.2048838278826546,
    2.204860320238625,
    2.2057141109573046,
    2.2043082119817154
  ],