{
  "weighted_f1": 0.8797311757138998,
  "macro_f1": 0.8797311757138997,
  "weighted_accuracy": 0.8802,
  "weighted_precision": 0.879946054054715,
  "weighted_recall": 0.8802,
  "per_class_auc": [
    0.9921461111111112,
    0.9974434444444443,
    0.9869129999999999,
    0.97285,
    0.9921084444444445,
    0.9829265555555554,
    0.9944223333333335,
    0.9950857777777778,
    0.9964598888888889,
    0.9961676666666666
  ],
  "mean_auc": 0.9906523222222223,
  "confusion_matrix": [
    [
      879,
      12,
      36,
      13,
      3,
      1,
      2,
      10,
      30,
      14
    ],
    [
      9,
      948,
      0,
      1,
      0,
      1,
      0,
      2,
      4,
      35
    ],
    [
      25,
      0,
      854,
      23,
      41,
      21,
      22,
      11,
      2,
      1
    ],
    [
      14,
      1,
      40,
      728,
      35,
      123,
      30,
      16,
      7,
      6
    ],
    [
      4,
      1,
      24,
      12,
      895,
      13,
      17,
      32,
      1,
      1
    ],
    [
      4,
      1,
      23,
      76,
      23,
      841,
      3,
      28,
      0,
      1
    ],
    [
      4,
      2,
      21,
      26,
      14,
      10,
      917,
      3,
      2,
      1
    ],
    [
      10,
      0,
      11,
      15,
      21,
      18,
      1,
      921,
      2,
      1
    ],
    [
      51,
      17,
      6,
      2,
      1,
      2,
      3,
      2,
      902,
      14
    ],
    [
      12,
      54,
      2,
      6,
      0,
      0,
      1,
      0,
      8,
      917
    ]
  ],
  "report": "              precision    recall  f1-score   support\n\n           0       0.87      0.88      0.87      1000\n           1       0.92      0.95      0.93      1000\n           2       0.84      0.85      0.85      1000\n           3       0.81      0.73      0.77      1000\n           4       0.87      0.90      0.88      1000\n           5       0.82      0.84      0.83      1000\n           6       0.92      0.92      0.92      1000\n           7       0.90      0.92      0.91      1000\n           8       0.94      0.90      0.92      1000\n           9       0.93      0.92      0.92      1000\n\n    accuracy                           0.88     10000\n   macro avg       0.88      0.88      0.88     10000\nweighted avg       0.88      0.88      0.88     10000\n",
  "seed": 0
}