{
  "weighted_f1": 0.36436471096639295,
  "macro_f1": 0.342925579424002,
  "weighted_accuracy": 0.29925187032418954,
  "weighted_precision": 0.770693222958193,
  "weighted_recall": 0.29925187032418954,
  "per_class_auc": [
    0.8972760091893667,
    0.9001306749155208,
    0.867703081232493,
    0.8545825472732856,
    0.843537517678026,
    0.9043500624421624,
    0.9739634231467262
  ],
  "mean_auc": 0.8916490451253686,
  "confusion_matrix": [
    [
      33,
      13,
      5,
      11,
      4,
      0,
      0
    ],
    [
      13,
      31,
      7,
      35,
      3,
      0,
      14
    ],
    [
      16,
      15,
      91,
      57,
      32,
      6,
      3
    ],
    [
      1,
      1,
      0,
      20,
      0,
      0,
      1
    ],
    [
      11,
      3,
      16,
      48,
      121,
      10,
      14
    ],
    [
      5,
      16,
      46,
      740,
      167,
      276,
      91
    ],
    [
      0,
      0,
      0,
      1,
      0,
      0,
      28
    ]
  ],
  "report": "              precision    recall  f1-score   support\n\n           0       0.42      0.50      0.46        66\n           1       0.39      0.30      0.34       103\n           2       0.55      0.41      0.47       220\n           3       0.02      0.87      0.04        23\n           4       0.37      0.54      0.44       223\n           5       0.95      0.21      0.34      1341\n           6       0.19      0.97      0.31        29\n\n    accuracy                           0.30      2005\n   macro avg       0.41      0.54      0.34      2005\nweighted avg       0.77      0.30      0.36      2005\n",
  "seed": 0
}