{
  "weighted_f1": 0.8573630105039274,
  "macro_f1": 0.8259519767159835,
  "weighted_accuracy": 0.8525641025641025,
  "weighted_precision": 0.8710738794087394,
  "weighted_recall": 0.8525641025641025,
  "per_class_auc": [
    0.9166666666666667
  ],
  "mean_auc": 0.9166666666666667,
  "confusion_matrix": [
    [
      36,
      6
    ],
    [
      17,
      97
    ]
  ],
  "report": "              precision    recall  f1-score   support\n\n           0       0.68      0.86      0.76        42\n           1       0.94      0.85      0.89       114\n\n    accuracy                           0.85       156\n   macro avg       0.81      0.85      0.83       156\nweighted avg       0.87      0.85      0.86       156\n",
  "seed": 0
}