{
  "weighted_f1": 0.8868880116457739,
  "macro_f1": 0.8651168025562895,
  "weighted_accuracy": 0.8887186629526462,
  "weighted_precision": 0.891516450373934,
  "weighted_recall": 0.8887186629526462,
  "per_class_auc": [
    0.9945189696384461,
    0.9999996271474674,
    0.9954866092391915,
    0.9983371741454072,
    0.9627020121618062,
    0.9890559104186155,
    0.9932559246444208,
    0.9480836495300187,
    0.9928241505016399
  ],
  "mean_auc": 0.9860293363807793,
  "confusion_matrix": [
    [
      1327,
      2,
      2,
      0,
      2,
      5,
      0,
      0,
      0
    ],
    [
      0,
      847,
      0,
      0,
      0,
      0,
      0,
      0,
      0
    ],
    [
      0,
      0,
      299,
      5,
      0,
      11,
      0,
      24,
      0
    ],
    [
      0,
      0,
      1,
      632,
      0,
      0,
      1,
      0,
      0
    ],
    [
      205,
      8,
      5,
      0,
      806,
      7,
      1,
      0,
      3
    ],
    [
      0,
      0,
      6,
      0,
      5,
      481,
      0,
      100,
      0
    ],
    [
      2,
      0,
      1,
      40,
      1,
      0,
      686,
      0,
      11
    ],
    [
      0,
      1,
      13,
      12,
      32,
      83,
      0,
      240,
      40
    ],
    [
      0,
      0,
      36,
      83,
      14,
      1,
      28,
      8,
      1063
    ]
  ],
  "report": "              precision    recall  f1-score   support\n\n           0       0.87      0.99      0.92      1338\n           1       0.99      1.00      0.99       847\n           2       0.82      0.88      0.85       339\n           3       0.82      1.00      0.90       634\n           4       0.94      0.78      0.85      1035\n           5       0.82      0.81      0.82       592\n           6       0.96      0.93      0.94       741\n           7       0.65      0.57      0.61       421\n           8       0.95      0.86      0.90      1233\n\n    accuracy                           0.89      7180\n   macro avg       0.87      0.87      0.87      7180\nweighted avg       0.89      0.89      0.89      7180\n",
  "seed": 0
}