{
  "train_loss": [
    1.4283594943256577,
    1.3631956819734645,
    1.262177830333119,
    1.0988895634671192,
    1.0241075089642337,
    0.9878083792259507,
    0.964183950068625,
    0.9434938385361729,
    0.9240978596995454,
    0.9129188250539237,
    0.9168849964360972,
    0.8980266967921517,
    0.8749958920601314,
    0.8559618826784896,
    0.8512612291693739,
    0.8616773386016559,
    0.8324028056461018,
    0.8634550859639932,
    0.8406019331777046,
    0.8348896734483473,
    0.8251424294506855,
    0.8173591670813737,
    0.8118272775315483,
    0.8149875540680257,
    0.811421080579495,
    0.7913086653878588,
    0.7888084685086217,
    0.7956262190722698,
    0.7828722151706882,
    0.7750713081762728,
    0.7684813501900539,
    0.7701162234069925,
    0.7612877020111808,
    0.7798466450463386,
    0.7434336527686529,
    0.7559284535933786,
    0.7435885431491922,
    0.7454826052287208,
    0.7428295989340751,
    0.7370740539918396,
    0.7446992151302023,
    0.7344186807879882,
    0.7401729101492979,
    0.7405368549364073,
    0.7387885181662597,
    0.7262392849117131,
    0.730194704907247,
    0.7345033391610487,
    0.7283042979611298,
    0.7333348036509906
  ],
  "train_acc": [
    0.16397887826459254,
    0.21564150135578708,
    0.25160553731982305,
    0.36877408305979736,
    0.4037391180248323,
    0.4299985728557157,
    0.44541173112601684,
    0.46810332524618237,
    0.4673897531040388,
    0.4865134865134865,
    0.48665620094191525,
    0.5040673612102183,
    0.5199086627658056,
    0.5234765234765235,
    0.5267589553303839,
    0.5226202369059512,
    0.5364635364635365,
    0.5280433851862423,
    0.5410303981732553,
    0.5407449693163979,
    0.5487369773084059,
    0.5548736977308406,
    0.5533038390181247,
    0.5514485514485514,
    0.5584415584415584,
    0.5682888540031397,
    0.5680034251462823,
    0.5680034251462823,
    0.5698587127158555,
    0.575139146567718,
    0.5885543028400171,
    0.5839874411302983,
    0.5908377336948766,
    0.5742828599971457,
    0.6016840302554588,
    0.5895533038390182,
    0.6002568859711717,
    0.5999714571143142,
    0.6022548879691737,
    0.601113172541744,
    0.5975453118310261,
    0.6036820322534608,
    0.606108177536749,
    0.6025403168260312,
    0.6015413158270301,
    0.6056800342514628,
    0.6065363208220351,
    0.6008277436848866,
    0.6082488939631797,
    0.6096760382474669
  ],
  "val_loss": [
    1.4405996258689067,
    1.0512862118742876,
    0.9081203597611706,
    0.8427787834958564,
    0.8185931144064944,
    0.8245939638536212,
    0.7955837676437165,
    0.8474497944265158,
    0.6639482481173005,
    0.7334280245206648,
    0.7756843515787857,
    0.7716376174126166,
    0.7850838997071666,
    0.6393519403451937,
    0.790398272833344,
    0.7409128084971921,
    0.6646555130883443,
    0.6577557564851413,
    0.7104431109081356,
    0.7213272672231984,
    0.6787217507809252,
    0.6685451845585527,
    0.7019802814466528,
    0.6308233392678372,
    0.6762248001925848,
    0.6282408181002228,
    0.6314967144522091,
    0.6404290344280117,
    0.6740125868161202,
    0.6674492125021496,
    0.6418250996474612,
    0.6618595911284625,
    0.6583162823084701,
    0.6313709715308838,
    0.6626272268689879,
    0.6615953968386589,
    0.6531331709707722,
    0.6708975130634555,
    0.6529791336116619,
    0.6695941116137138,
    0.6569362566216755,
    0.6860690623194959,
    0.6633072663637125,
    0.6526572462449878,
    0.6455005015713624,
    0.6524557812382669,
    0.6501975078525715,
    0.6591784218966902,
    0.6523806917465339,
    0.6473118782875427
  ],
  "val_acc": [
    0.058823529411764705,
    0.555333998005982,
    0.5742771684945165,
    0.5583250249252243,
    0.5962113659022931,
    0.6011964107676969,
    0.6321036889332003,
    0.576271186440678,
    0.6610169491525424,
    0.6291126620139581,
    0.6051844466600199,
    0.6221335992023929,
    0.6311066799601196,
    0.6530408773678963,
    0.6151545363908275,
    0.6430707876370887,
    0.6699900299102692,
    0.6699900299102692,
    0.6610169491525424,
    0.6550348953140578,
    0.6410767696909272,
    0.6570289132602194,
    0.67098703888335,
    0.6370887337986042,
    0.6640079760717846,
    0.6660019940179461,
    0.6699900299102692,
    0.6769690927218345,
    0.6660019940179461,
    0.6400797607178464,
    0.6430707876370887,
    0.67098703888335,
    0.6390827517447657,
    0.6600199401794616,
    0.6390827517447657,
    0.6590229312063809,
    0.6301096709870389,
    0.654037886340977,
    0.6470588235294118,
    0.6301096709870389,
    0.650049850448654,
    0.6450648055832503,
    0.6550348953140578,
    0.6490528414755733,
    0.6440677966101694,
    0.6520438683948155,
    0.6580259222333001,
    0.6490528414755733,
    0.6450648055832503,
    0.6600199401794616
  ],
  "best_val_loss": 0.6282408181002228,
  "total_time_s": 886.2504508495331,
  "stopped_epoch": 50
}