{
  "train_loss": [
    1.4269728044887164,
    1.37417340499793,
    1.243001566883227,
    1.132413533949658,
    1.0301488219747466,
    0.9956294630773911,
    0.968822280061182,
    0.9465993543026433,
    0.917090479370121,
    0.9078185689318311,
    0.9127046319392773,
    0.892784047444911,
    0.8903704097033805,
    0.8880875646361989,
    0.8639985000047702,
    0.8583291747676538,
    0.8586603937381103,
    0.8308990647402541,
    0.8460816958499427,
    0.8278061858219785,
    0.8177476032018083,
    0.8198078878173921,
    0.8092432944873643,
    0.8023639748690896,
    0.7883565913802363,
    0.8110628967042213,
    0.7746989724468331,
    0.7814084781174042,
    0.785091194341607,
    0.7807320875772417,
    0.7935944306147801,
    0.7680463091578891,
    0.7512027587838905,
    0.755210369208646,
    0.7505617574446378,
    0.7401026998247419,
    0.7459025758384926,
    0.7353702980763939,
    0.7378275189179232,
    0.7377600984173902,
    0.7366141324225652,
    0.7300936963855242,
    0.7421481762460453,
    0.7371384763710846,
    0.722645565474001,
    0.7380977541876023,
    0.7071148713951497,
    0.723895846725582,
    0.7319136183765793,
    0.7329756755605649
  ],
  "train_acc": [
    0.15812758669901528,
    0.2127872127872128,
    0.2703011274439846,
    0.35236192379049525,
    0.4125874125874126,
    0.4280005708577137,
    0.45040673612102183,
    0.4666761809618952,
    0.4906522049379192,
    0.49293563579277866,
    0.4903667760810618,
    0.5062080776366491,
    0.5072070786356501,
    0.5167689453403739,
    0.5173398030540888,
    0.5356072498929642,
    0.5346082488939632,
    0.5430284001712573,
    0.5360353931782503,
    0.5498786927358356,
    0.5550164121592693,
    0.5538746967318396,
    0.5634365634365635,
    0.565149136577708,
    0.5702868560011417,
    0.5632938490081347,
    0.5834165834165834,
    0.57713714856572,
    0.5710004281432853,
    0.5804195804195804,
    0.5714285714285714,
    0.5898387326958755,
    0.588126159554731,
    0.590124161552733,
    0.5976880262594548,
    0.5979734551163123,
    0.5949764521193093,
    0.6056800342514628,
    0.6076780362494648,
    0.5982588839731697,
    0.6043956043956044,
    0.6032538889681747,
    0.5974025974025974,
    0.6059654631083202,
    0.6058227486798915,
    0.6062508919651777,
    0.6236620522334808,
    0.6078207506778935,
    0.6098187526758956,
    0.6012558869701727
  ],
  "val_loss": [
    1.3161482813351175,
    1.0857943468768956,
    1.0949360083487787,
    0.8803262987498153,
    0.8094138725923518,
    0.8873481767721927,
    0.6917444538261931,
    0.7650034739036978,
    0.7700454449487232,
    0.7890429111682287,
    0.6639472350760448,
    0.6814488193330356,
    0.7859025208923895,
    0.703641699532331,
    0.6466990478730511,
    0.6343849862323088,
    0.6900848688061906,
    0.6121925323577607,
    0.693658046149542,
    0.6531583127210052,
    0.6330851278419153,
    0.6391871109797971,
    0.6517528150516636,
    0.6354511265502731,
    0.6384382457699875,
    0.6141224799460452,
    0.6063320440047997,
    0.6446183662590452,
    0.6374908014166272,
    0.6236584748727374,
    0.6075329316458697,
    0.6044391498251903,
    0.607979626978858,
    0.5994289520373968,
    0.6284816317401403,
    0.6061925234371501,
    0.6309145863129871,
    0.6272827937738489,
    0.6280641083940789,
    0.6211048628492346,
    0.625466438613884,
    0.6071853131976941,
    0.6127379773739923,
    0.6101655805574457,
    0.605821226731849,
    0.6071229555671023,
    0.6178081652459689,
    0.6159385518799513,
    0.6169211339736627,
    0.6093626923836835
  ],
  "val_acc": [
    0.6689930209371885,
    0.5403788634097707,
    0.5054835493519442,
    0.5653040877367896,
    0.6181455633100698,
    0.5692921236291126,
    0.6480558325024925,
    0.6121635094715853,
    0.6331006979062812,
    0.638085742771685,
    0.6650049850448654,
    0.6660019940179461,
    0.6191425722831505,
    0.6530408773678963,
    0.6879361914257228,
    0.6909272183449651,
    0.6769690927218345,
    0.7088733798604188,
    0.6530408773678963,
    0.678963110667996,
    0.6869391824526421,
    0.6809571286141576,
    0.6739780658025922,
    0.6699900299102692,
    0.6779661016949152,
    0.674975074775673,
    0.6610169491525424,
    0.6660019940179461,
    0.6729810568295115,
    0.6669990029910269,
    0.7028913260219342,
    0.6919242273180458,
    0.6779661016949152,
    0.7008973080757727,
    0.6640079760717846,
    0.6590229312063809,
    0.6829511465603191,
    0.634097706879362,
    0.6311066799601196,
    0.6580259222333001,
    0.6600199401794616,
    0.6610169491525424,
    0.6590229312063809,
    0.6630109670987039,
    0.6660019940179461,
    0.6590229312063809,
    0.6590229312063809,
    0.6610169491525424,
    0.6590229312063809,
    0.6630109670987039
  ],
  "best_val_loss": 0.5994289520373968,
  "total_time_s": 872.4187676906586,
  "stopped_epoch": 50
}