{
  "train_loss": [
    1.432912861482553,
    1.4019129508501524,
    1.285335355654276,
    1.0950581115714761,
    1.0199932180492859,
    1.0015174812012977,
    0.9599168656878487,
    0.9391729190224705,
    0.9293703296580259,
    0.9182284681845004,
    0.8914051674071403,
    0.8823530926366872,
    0.8723606614238341,
    0.8723364684029519,
    0.8581702722382984,
    0.850733067376205,
    0.8447015817995264,
    0.840226929359945,
    0.8317635528997397,
    0.804232897024548,
    0.8301776782479932,
    0.8152926830128016,
    0.8051577207364011,
    0.7932842218180058,
    0.792643564377223,
    0.7865009989907913,
    0.7902279989566615,
    0.7722360833966819,
    0.7730578291904439,
    0.764949224713833,
    0.757707558090615,
    0.7614889929786939,
    0.7478886781141015,
    0.7543265029981538,
    0.7311033857724492,
    0.7375411002939125,
    0.734948005905263,
    0.7329298786758373,
    0.7343551469066947,
    0.7315955713861285,
    0.7304237642301138,
    0.7140772360205156,
    0.7135255035803528,
    0.7163288042585129,
    0.7083333169782793,
    0.72431870038999,
    0.7268083179849385,
    0.7165482992603279,
    0.7034433491563123,
    0.7176220519780534
  ],
  "train_acc": [
    0.148280291137434,
    0.1989439132296275,
    0.2681604110175539,
    0.3662052233480805,
    0.4044526901669759,
    0.42857142857142855,
    0.45083487940630795,
    0.4732410446696161,
    0.4862280576566291,
    0.4805194805194805,
    0.5066362209219352,
    0.5161980876266591,
    0.5183388040530897,
    0.5229056657628086,
    0.5256172399029542,
    0.5307549593263879,
    0.5300413871842443,
    0.5353218210361067,
    0.546168117596689,
    0.5565862708719852,
    0.5434565434565435,
    0.5535892678749822,
    0.5620094191522763,
    0.5668617097188525,
    0.5645782788639931,
    0.5645782788639931,
    0.5707149992864279,
    0.5775652918510061,
    0.5745682888540031,
    0.5828457257028685,
    0.5874125874125874,
    0.5876980162694448,
    0.5939774511203083,
    0.5879834451263023,
    0.5938347366918796,
    0.5988297416868845,
    0.5965463108320251,
    0.5984015984015985,
    0.5966890252604539,
    0.6005423148280291,
    0.5989724561153132,
    0.609105180533752,
    0.6129584701013272,
    0.6102468959611816,
    0.6126730412444699,
    0.6028257456828885,
    0.6052518909661767,
    0.6053946053946054,
    0.6199514770943343,
    0.6095333238190381
  ],
  "val_loss": [
    1.3808561186728663,
    1.4094403439005494,
    1.4134816001443302,
    1.104482188895122,
    0.7681790934959176,
    1.0049569531903786,
    0.7224930403002,
    0.7051289141594116,
    0.7132237995134394,
    0.64689717525737,
    0.6974252478432204,
    0.6811289531164845,
    0.770558174978106,
    0.6674162995660768,
    0.703594423600232,
    0.7336060921192644,
    0.6185895903992391,
    0.7115910089503257,
    0.6799688184724848,
    0.6750359044949769,
    0.7496173249878888,
    0.6378445051246483,
    0.7116176390338871,
    0.6140631986995518,
    0.6454662841671367,
    0.7160610526889295,
    0.6038067019948455,
    0.6629978288206478,
    0.6244169786825018,
    0.6026077944402799,
    0.6477656045915597,
    0.6255571181372417,
    0.6282311596518618,
    0.6223133244994631,
    0.6263292409249341,
    0.6607063927298648,
    0.636994693654841,
    0.6336220219983892,
    0.6453677195375962,
    0.6263031532258122,
    0.6372347718934832,
    0.622696805035961,
    0.6139197102928923,
    0.6231328737462387,
    0.6191722165314055,
    0.6184568800930963,
    0.6268266239171014,
    0.615404983936017,
    0.6201583721701907,
    0.6193344102780579
  ],
  "val_acc": [
    0.6191425722831505,
    0.1485543369890329,
    0.1365902293120638,
    0.419740777666999,
    0.6101694915254238,
    0.43668993020937186,
    0.6550348953140578,
    0.6440677966101694,
    0.6261216350947159,
    0.6630109670987039,
    0.6610169491525424,
    0.6570289132602194,
    0.6360917248255235,
    0.6640079760717846,
    0.6331006979062812,
    0.5812562313060817,
    0.6590229312063809,
    0.6480558325024925,
    0.6669990029910269,
    0.6679960119641076,
    0.6051844466600199,
    0.6759720837487537,
    0.6291126620139581,
    0.654037886340977,
    0.6480558325024925,
    0.638085742771685,
    0.674975074775673,
    0.67098703888335,
    0.6689930209371885,
    0.6580259222333001,
    0.6490528414755733,
    0.6530408773678963,
    0.6450648055832503,
    0.6669990029910269,
    0.6929212362911267,
    0.650049850448654,
    0.6560319042871385,
    0.6530408773678963,
    0.6610169491525424,
    0.678963110667996,
    0.6600199401794616,
    0.6739780658025922,
    0.6869391824526421,
    0.6719840478564307,
    0.6729810568295115,
    0.6719840478564307,
    0.6769690927218345,
    0.6809571286141576,
    0.6759720837487537,
    0.6839481555333998
  ],
  "best_val_loss": 0.6026077944402799,
  "total_time_s": 871.5110442638397,
  "stopped_epoch": 50
}