{
  "train_loss": [
    1.430037056734546,
    1.398593115078428,
    1.2182459714359268,
    1.0671932195841338,
    1.0246441802880522,
    0.9939701484854659,
    0.9683558730693249,
    0.9597035520883502,
    0.9451521689326647,
    0.9190253991364106,
    0.9128755987906942,
    0.9131790290158537,
    0.8919641251432686,
    0.8861415078011529,
    0.8891148161357321,
    0.8735722338011725,
    0.8659091188204311,
    0.8651340906232472,
    0.8370543931934792,
    0.8389226080467242,
    0.832258658179785,
    0.8363220881544712,
    0.8242288348217808,
    0.8182435278479444,
    0.8205776735364039,
    0.8088233737933987,
    0.8192821999870117,
    0.8050503132941125,
    0.7997714385796464,
    0.7812603390368242,
    0.7818427085706336,
    0.777630971249422,
    0.7785547333827317,
    0.7755026206474119,
    0.7701291810841844,
    0.7694167844218536,
    0.7602594986321907,
    0.7622013503242461,
    0.7474344302486111,
    0.7463090012906127,
    0.7582931880673958,
    0.7461056721879086,
    0.7503730295064089,
    0.7507428400897939,
    0.7455834681031298,
    0.742457652433939,
    0.7458167535458752,
    0.7436109832559109,
    0.7301403782040038,
    0.7389964631455456
  ],
  "train_acc": [
    0.16383616383616384,
    0.21963750535179108,
    0.32253460824889396,
    0.3702012273440845,
    0.3924646781789639,
    0.4177251320108463,
    0.42728699871557013,
    0.4372770087055801,
    0.4595404595404595,
    0.4753817610960468,
    0.4809476238047667,
    0.4846581989439132,
    0.4943627800770658,
    0.49578992436135294,
    0.4973597830740688,
    0.5003567860710718,
    0.517767946339375,
    0.5179106607678037,
    0.5368916797488226,
    0.5398886827458256,
    0.5424575424575424,
    0.5343228200371057,
    0.5380333951762524,
    0.5498786927358356,
    0.5460254031682603,
    0.5480234051662624,
    0.5483088340231197,
    0.562152133580705,
    0.5538746967318396,
    0.5764235764235764,
    0.5715712858570001,
    0.5745682888540031,
    0.5754245754245755,
    0.5725702868560011,
    0.5777080062794349,
    0.5784215784215784,
    0.5764235764235764,
    0.5834165834165834,
    0.5864135864135864,
    0.5946910232624518,
    0.583131154559726,
    0.5892678749821607,
    0.5875553018410161,
    0.5874125874125874,
    0.5935493078350221,
    0.5918367346938775,
    0.5889824461253033,
    0.5939774511203083,
    0.6028257456828885,
    0.5976880262594548
  ],
  "val_loss": [
    1.4342511154243265,
    1.446502865133352,
    1.1106549648796453,
    1.089393526939666,
    0.8623895081779654,
    0.8653469737600591,
    1.0099626830068684,
    0.7269071635315687,
    0.7096851276139081,
    0.7312498953145142,
    0.663571158529873,
    0.7133005667897545,
    0.7692014750906621,
    0.6291692671723522,
    0.685949813511412,
    0.6441978471110373,
    0.732754624020661,
    0.6696021697694735,
    0.6665014856952732,
    0.6842004909353742,
    0.6574608654467201,
    0.643777612615321,
    0.6238842113899923,
    0.59726350542793,
    0.6357951220700653,
    0.6448279363089283,
    0.6514260571594847,
    0.6188770722772402,
    0.6297257321544089,
    0.6387237276536517,
    0.6567219692474586,
    0.6336406849673833,
    0.6362219451075181,
    0.6479496801363032,
    0.647714156096621,
    0.6530852621478788,
    0.6439096128358204,
    0.6803628725045224,
    0.6476946900397212,
    0.6319651483063208,
    0.6294962158825913,
    0.6486752541923333,
    0.629138278283721,
    0.6438917481411965,
    0.6362219063021012,
    0.6496031753800564,
    0.6533011671671958,
    0.6480642720566671,
    0.6428064894699979,
    0.6374906709163282
  ],
  "val_acc": [
    0.10967098703888335,
    0.0518444666001994,
    0.3120638085742772,
    0.4456630109670987,
    0.5653040877367896,
    0.5663010967098704,
    0.5074775672981057,
    0.6410767696909272,
    0.6600199401794616,
    0.6321036889332003,
    0.6729810568295115,
    0.6450648055832503,
    0.6061814556331007,
    0.6739780658025922,
    0.6510468594217348,
    0.6610169491525424,
    0.6430707876370887,
    0.6689930209371885,
    0.650049850448654,
    0.6450648055832503,
    0.6470588235294118,
    0.674975074775673,
    0.6799601196410767,
    0.6969092721834497,
    0.6849451645064806,
    0.6640079760717846,
    0.674975074775673,
    0.6829511465603191,
    0.674975074775673,
    0.6600199401794616,
    0.6640079760717846,
    0.6839481555333998,
    0.6759720837487537,
    0.6889332003988036,
    0.6689930209371885,
    0.6819541375872383,
    0.6889332003988036,
    0.6520438683948155,
    0.674975074775673,
    0.6799601196410767,
    0.67098703888335,
    0.6719840478564307,
    0.6859421734795613,
    0.67098703888335,
    0.6759720837487537,
    0.6739780658025922,
    0.6759720837487537,
    0.674975074775673,
    0.6769690927218345,
    0.6729810568295115
  ],
  "best_val_loss": 0.59726350542793,
  "total_time_s": 897.5435292720795,
  "stopped_epoch": 50
}