{
  "train_loss": [
    1.432735772467687,
    1.4094227636287466,
    1.2708523863304761,
    1.1111819742919204,
    1.0470740693993894,
    1.0090204132118732,
    0.9788264622272499,
    0.9308129452053041,
    0.9243091422837455,
    0.903511459338813,
    0.8834664177091585,
    0.8899471286752858,
    0.8801619754855636,
    0.8691673013747836,
    0.8474619195994457,
    0.8472413458700985,
    0.8368328255713539,
    0.8329049463923348,
    0.8298574189869606,
    0.8086291822179912,
    0.8151064168391221,
    0.8065042268945773,
    0.7932878413859797,
    0.7797621521576165,
    0.785875714274366,
    0.7760104810492329,
    0.7870327594601106,
    0.7615003879202642,
    0.7699635467686496,
    0.7686258505036185,
    0.7449780697487076,
    0.7569112718590183,
    0.7370879213054935,
    0.7394756506083779,
    0.7333370648676444,
    0.7265774568613814,
    0.7326761281352522,
    0.7274327148669147,
    0.726344031087849,
    0.7233317680938686,
    0.7288442248877537,
    0.7387089126882802,
    0.7219492022654665,
    0.7206683280601708,
    0.7161158638026348,
    0.719785919250019,
    0.7058319711508246,
    0.7114285530063383,
    0.6985326438176745,
    0.707652035897003
  ],
  "train_acc": [
    0.14299985728557157,
    0.17496788925360354,
    0.27101469958612817,
    0.34936492079349224,
    0.38675610104181535,
    0.423861852433281,
    0.4531183102611674,
    0.47866419294990725,
    0.48109033823319536,
    0.4985014985014985,
    0.5079206507777936,
    0.5137719423433709,
    0.49992864278578564,
    0.5139146567717996,
    0.5354645354645354,
    0.5333238190381048,
    0.5416012558869702,
    0.5495932638789781,
    0.5413158270301127,
    0.552162123590695,
    0.5555872698729841,
    0.559155130583702,
    0.5588697017268446,
    0.5838447267018696,
    0.5688597117168546,
    0.583131154559726,
    0.5739974311402882,
    0.582132153560725,
    0.5807050092764379,
    0.5769944341372912,
    0.5992578849721707,
    0.602112173540745,
    0.6032538889681747,
    0.6039674611103183,
    0.605109176537748,
    0.6143856143856143,
    0.6112458969601827,
    0.6105323248180391,
    0.6073926073926074,
    0.6132438989581847,
    0.6128157556728985,
    0.608534322820037,
    0.6129584701013272,
    0.6139574711003283,
    0.6175253318110461,
    0.6206650492364778,
    0.6169544740973313,
    0.6172399029541886,
    0.6313686313686314,
    0.6278007706579135
  ],
  "val_loss": [
    1.358539402187762,
    1.3443016831206895,
    0.9535870355955982,
    0.9709794965246739,
    0.8710980141388692,
    0.6975739750999991,
    0.7255008614669411,
    0.6897499772273412,
    0.6475802555397999,
    0.6497033548616579,
    0.7095945793633922,
    0.6988295376716797,
    0.6400472346474143,
    0.6386797633746328,
    0.7232724810288411,
    0.7319588406254739,
    0.6445432529967661,
    0.6679864009379866,
    0.5969661441543405,
    0.637675807578257,
    0.6228946428950263,
    0.641986744353921,
    0.6531297911556506,
    0.6791289870665295,
    0.6479606600487577,
    0.6726243454342706,
    0.6766288774320159,
    0.6891972767272714,
    0.652649070900435,
    0.6338521989725404,
    0.6313272894676756,
    0.6688367219888796,
    0.66975697129222,
    0.6505546060540265,
    0.6404666024690135,
    0.6407519468994939,
    0.6434639518187267,
    0.6190652572145966,
    0.6342640122174028,
    0.6184551880461863,
    0.6329155510824438,
    0.6382540829279131,
    0.632757781450437,
    0.6423171255904679,
    0.6326364222338288,
    0.635361721841312,
    0.6327360643228054,
    0.6288481499713772,
    0.6385618864242006,
    0.6402936944457612
  ],
  "val_acc": [
    0.11764705882352941,
    0.1156530408773679,
    0.5154536390827518,
    0.518444666001994,
    0.559322033898305,
    0.6370887337986042,
    0.6370887337986042,
    0.6510468594217348,
    0.6799601196410767,
    0.6719840478564307,
    0.6570289132602194,
    0.6430707876370887,
    0.6560319042871385,
    0.6620139581256231,
    0.6271186440677966,
    0.6261216350947159,
    0.678963110667996,
    0.654037886340977,
    0.6919242273180458,
    0.6490528414755733,
    0.6699900299102692,
    0.6699900299102692,
    0.6420737786640079,
    0.6291126620139581,
    0.6640079760717846,
    0.6370887337986042,
    0.6301096709870389,
    0.617148554336989,
    0.6360917248255235,
    0.6510468594217348,
    0.650049850448654,
    0.6410767696909272,
    0.646061814556331,
    0.6580259222333001,
    0.6430707876370887,
    0.6470588235294118,
    0.6510468594217348,
    0.6470588235294118,
    0.6610169491525424,
    0.674975074775673,
    0.6350947158524427,
    0.6430707876370887,
    0.6510468594217348,
    0.654037886340977,
    0.650049850448654,
    0.6530408773678963,
    0.6550348953140578,
    0.6570289132602194,
    0.6530408773678963,
    0.654037886340977
  ],
  "best_val_loss": 0.5969661441543405,
  "total_time_s": 879.8718237876892,
  "stopped_epoch": 50
}