{
  "weighted_f1": {
    "mean": 0.8889259859468719,
    "std": NaN,
    "min": 0.8889259859468719,
    "max": 0.8889259859468719,
    "values": [
      0.8889259859468719
    ]
  },
  "macro_f1": {
    "mean": 0.8889259859468719,
    "std": NaN,
    "min": 0.8889259859468719,
    "max": 0.8889259859468719,
    "values": [
      0.8889259859468719
    ]
  },
  "weighted_accuracy": {
    "mean": 0.8886,
    "std": NaN,
    "min": 0.8886,
    "max": 0.8886,
    "values": [
      0.8886
    ]
  },
  "mean_auc": {
    "mean": 0.9894887666666667,
    "std": NaN,
    "min": 0.9894887666666667,
    "max": 0.9894887666666667,
    "values": [
      0.9894887666666667
    ]
  },
  "best_seed_idx": 0,
  "n_runs": 1
}