{
  "weighted_f1": {
    "mean": 0.9000216693823504,
    "std": NaN,
    "min": 0.9000216693823504,
    "max": 0.9000216693823504,
    "values": [
      0.9000216693823504
    ]
  },
  "macro_f1": {
    "mean": 0.8786473728265753,
    "std": NaN,
    "min": 0.8786473728265753,
    "max": 0.8786473728265753,
    "values": [
      0.8786473728265753
    ]
  },
  "weighted_accuracy": {
    "mean": 0.9027855153203342,
    "std": NaN,
    "min": 0.9027855153203342,
    "max": 0.9027855153203342,
    "values": [
      0.9027855153203342
    ]
  },
  "mean_auc": {
    "mean": 0.988466800318998,
    "std": NaN,
    "min": 0.988466800318998,
    "max": 0.988466800318998,
    "values": [
      0.988466800318998
    ]
  },
  "best_seed_idx": 0,
  "n_runs": 1
}