{
  "weighted_f1": {
    "mean": 0.33400514163787465,
    "std": NaN,
    "min": 0.33400514163787465,
    "max": 0.33400514163787465,
    "values": [
      0.33400514163787465
    ]
  },
  "macro_f1": {
    "mean": 0.33400514163787465,
    "std": NaN,
    "min": 0.33400514163787465,
    "max": 0.33400514163787465,
    "values": [
      0.33400514163787465
    ]
  },
  "weighted_accuracy": {
    "mean": 0.3606,
    "std": NaN,
    "min": 0.3606,
    "max": 0.3606,
    "values": [
      0.3606
    ]
  },
  "mean_auc": {
    "mean": 0.9474762323232323,
    "std": NaN,
    "min": 0.9474762323232323,
    "max": 0.9474762323232323,
    "values": [
      0.9474762323232323
    ]
  },
  "best_seed_idx": 0,
  "n_runs": 1
}