{
  "weighted_f1": {
    "mean": 0.46438825062036204,
    "std": NaN,
    "min": 0.46438825062036204,
    "max": 0.46438825062036204,
    "values": [
      0.46438825062036204
    ]
  },
  "macro_f1": {
    "mean": 0.46438825062036204,
    "std": NaN,
    "min": 0.46438825062036204,
    "max": 0.46438825062036204,
    "values": [
      0.46438825062036204
    ]
  },
  "weighted_accuracy": {
    "mean": 0.4822,
    "std": NaN,
    "min": 0.4822,
    "max": 0.4822,
    "values": [
      0.4822
    ]
  },
  "mean_auc": {
    "mean": 0.9665567676767676,
    "std": NaN,
    "min": 0.9665567676767676,
    "max": 0.9665567676767676,
    "values": [
      0.9665567676767676
    ]
  },
  "best_seed_idx": 0,
  "n_runs": 1
}