{
  "weighted_f1": {
    "mean": 0.8908978570000616,
    "std": NaN,
    "min": 0.8908978570000616,
    "max": 0.8908978570000616,
    "values": [
      0.8908978570000616
    ]
  },
  "macro_f1": {
    "mean": 0.8600301147827285,
    "std": NaN,
    "min": 0.8600301147827285,
    "max": 0.8600301147827285,
    "values": [
      0.8600301147827285
    ]
  },
  "weighted_accuracy": {
    "mean": 0.8937325905292479,
    "std": NaN,
    "min": 0.8937325905292479,
    "max": 0.8937325905292479,
    "values": [
      0.8937325905292479
    ]
  },
  "mean_auc": {
    "mean": 0.9859042801592044,
    "std": NaN,
    "min": 0.9859042801592044,
    "max": 0.9859042801592044,
    "values": [
      0.9859042801592044
    ]
  },
  "best_seed_idx": 0,
  "n_runs": 1
}