{
  "weighted_f1": {
    "mean": 0.8464337239288235,
    "std": NaN,
    "min": 0.8464337239288235,
    "max": 0.8464337239288235,
    "values": [
      0.8464337239288235
    ]
  },
  "macro_f1": {
    "mean": 0.8464337239288238,
    "std": NaN,
    "min": 0.8464337239288238,
    "max": 0.8464337239288238,
    "values": [
      0.8464337239288238
    ]
  },
  "weighted_accuracy": {
    "mean": 0.8461,
    "std": NaN,
    "min": 0.8461,
    "max": 0.8461,
    "values": [
      0.8461
    ]
  },
  "mean_auc": {
    "mean": 0.9857905666666668,
    "std": NaN,
    "min": 0.9857905666666668,
    "max": 0.9857905666666668,
    "values": [
      0.9857905666666668
    ]
  },
  "best_seed_idx": 0,
  "n_runs": 1
}