{
  "weighted_f1": 0.8672896196553073,
  "macro_f1": 0.8672896196553074,
  "weighted_accuracy": 0.8667,
  "weighted_precision": 0.8695063393238399,
  "weighted_recall": 0.8667,
  "per_class_auc": [
    0.9899845555555555,
    0.9960048888888889,
    0.9807154444444445,
    0.9678555555555556,
    0.9851074444444443,
    0.9766211111111113,
    0.9841411111111111,
    0.9926705,
    0.9925728888888888,
    0.9920303333333333
  ],
  "mean_auc": 0.9857703833333333,
  "confusion_matrix": [
    [
      903,
      10,
      17,
      8,
      6,
      0,
      1,
      11,
      29,
      15
    ],
    [
      10,
      957,
      0,
      0,
      0,
      0,
      0,
      2,
      6,
      25
    ],
    [
      34,
      1,
      825,
      57,
      35,
      19,
      13,
      9,
      3,
      4
    ],
    [
      16,
      3,
      30,
      780,
      19,
      97,
      20,
      27,
      4,
      4
    ],
    [
      15,
      1,
      44,
      46,
      815,
      25,
      10,
      39,
      5,
      0
    ],
    [
      8,
      3,
      17,
      126,
      10,
      801,
      6,
      23,
      1,
      5
    ],
    [
      12,
      5,
      36,
      51,
      12,
      27,
      848,
      4,
      1,
      4
    ],
    [
      6,
      0,
      14,
      27,
      9,
      23,
      0,
      920,
      0,
      1
    ],
    [
      38,
      16,
      7,
      7,
      1,
      1,
      2,
      1,
      911,
      16
    ],
    [
      13,
      52,
      4,
      6,
      1,
      2,
      1,
      3,
      11,
      907
    ]
  ],
  "report": "              precision    recall  f1-score   support\n\n           0       0.86      0.90      0.88      1000\n           1       0.91      0.96      0.93      1000\n           2       0.83      0.82      0.83      1000\n           3       0.70      0.78      0.74      1000\n           4       0.90      0.81      0.85      1000\n           5       0.81      0.80      0.80      1000\n           6       0.94      0.85      0.89      1000\n           7       0.89      0.92      0.90      1000\n           8       0.94      0.91      0.92      1000\n           9       0.92      0.91      0.92      1000\n\n    accuracy                           0.87     10000\n   macro avg       0.87      0.87      0.87     10000\nweighted avg       0.87      0.87      0.87     10000\n",
  "seed": 0
}