{
  "weighted_f1": {
    "mean": 0.8391677599764944,
    "std": NaN,
    "min": 0.8391677599764944,
    "max": 0.8391677599764944,
    "values": [
      0.8391677599764944
    ]
  },
  "macro_f1": {
    "mean": 0.8391677599764943,
    "std": NaN,
    "min": 0.8391677599764943,
    "max": 0.8391677599764943,
    "values": [
      0.8391677599764943
    ]
  },
  "weighted_accuracy": {
    "mean": 0.8382,
    "std": NaN,
    "min": 0.8382,
    "max": 0.8382,
    "values": [
      0.8382
    ]
  },
  "mean_auc": {
    "mean": 0.9839053666666666,
    "std": NaN,
    "min": 0.9839053666666666,
    "max": 0.9839053666666666,
    "values": [
      0.9839053666666666
    ]
  },
  "best_seed_idx": 0,
  "n_runs": 1
}