{
  "train_loss": [
    2.1960612949371336,
    1.9178244124730428,
    1.7804416811625163,
    1.6878273669772679,
    1.602820671272278,
    1.5439655625661215,
    1.4949840560913086,
    1.4534750130547418,
    1.415353826989068,
    1.3875423300849068,
    1.3611657711664835,
    1.341201487774319,
    1.321797327041626,
    1.303610034137302,
    1.2891413310792712,
    1.2760228701909384,
    1.2637860633850098,
    1.252812968995836,
    1.2368774756113687,
    1.2267057003445097,
    1.2148965858459473,
    1.2074014297061497,
    1.1997148120032417,
    1.1891213656107584,
    1.1823626470565796,
    1.1743921965069242,
    1.1613186795764499,
    1.1532974715126885,
    1.151416955841912,
    1.1445813958485922,
    1.1338958288828531,
    1.12551202100118,
    1.1218982482062445,
    1.114146456972758,
    1.108011107381185,
    1.1062521436479356,
    1.0990997072219848,
    1.096841183980306,
    1.0901624741448297,
    1.0843906158447265,
    1.0794053813934326,
    1.0815121300167507,
    1.0759244664086236,
    1.076079934893714,
    1.067521354590522,
    1.0674951605055067,
    1.072706593237983,
    1.0665251308865018,
    1.0675036172654893,
    1.0631433074421353
  ],
  "train_acc": [
    0.17922222222222223,
    0.2987111111111111,
    0.38035555555555556,
    0.4434,
    0.5001333333333333,
    0.5307777777777778,
    0.5631111111111111,
    0.5836222222222223,
    0.6067555555555556,
    0.6217555555555555,
    0.6343555555555556,
    0.6425555555555555,
    0.6543111111111111,
    0.6633111111111111,
    0.6714222222222223,
    0.6773111111111111,
    0.6824666666666667,
    0.6876,
    0.6967111111111111,
    0.7011777777777778,
    0.7084444444444444,
    0.7126222222222223,
    0.7148888888888889,
    0.7226,
    0.7260666666666666,
    0.7287555555555556,
    0.7344,
    0.7413111111111111,
    0.7421111111111112,
    0.7453111111111111,
    0.7503555555555556,
    0.7522444444444445,
    0.7576,
    0.7611111111111111,
    0.7623111111111112,
    0.7650222222222223,
    0.7679777777777778,
    0.7699111111111111,
    0.7722,
    0.7742222222222223,
    0.7753111111111111,
    0.776,
    0.7780222222222222,
    0.7787555555555555,
    0.7803111111111111,
    0.7824666666666666,
    0.7820666666666667,
    0.7836666666666666,
    0.7842222222222223,
    0.7843333333333333
  ],
  "val_loss": [
    2.009164884567261,
    1.7855184509277344,
    1.6936023029327392,
    1.5735569828033447,
    1.4908001602172851,
    1.4093622497558593,
    1.3786128463745118,
    1.3313036045074462,
    1.2928790369033814,
    1.2855430807113648,
    1.2508276323318481,
    1.2258936945915222,
    1.2013629707336426,
    1.1887435813903808,
    1.1967152488708497,
    1.1502149574279785,
    1.1489331699371337,
    1.127833358478546,
    1.1221446701049804,
    1.1390060797691346,
    1.0944804500579834,
    1.1021080633163451,
    1.0888334246635436,
    1.0681218598365785,
    1.0661688441276551,
    1.0748031843185424,
    1.0500627514839171,
    1.06704150390625,
    1.0663996364593507,
    1.0561197784423828,
    1.0537623111724854,
    1.0506230088233948,
    1.0417476121902465,
    1.029361847305298,
    1.0449142347335816,
    1.0328454599380492,
    1.0210604031562804,
    1.0196276755332947,
    1.0078386808395385,
    1.0079879544258117,
    1.012224518108368,
    0.9973457666397094,
    1.0083600575447083,
    1.013317517375946,
    1.0100787135124207,
    1.007662492275238,
    1.00390947265625,
    1.0032914323806763,
    1.0013786645889282,
    1.005875579738617
  ],
  "val_acc": [
    0.2596,
    0.3496,
    0.4164,
    0.4882,
    0.5342,
    0.574,
    0.5946,
    0.6182,
    0.6286,
    0.6374,
    0.6486,
    0.6692,
    0.6802,
    0.684,
    0.6792,
    0.6978,
    0.7054,
    0.7188,
    0.7228,
    0.7104,
    0.7286,
    0.7322,
    0.733,
    0.7444,
    0.751,
    0.742,
    0.7552,
    0.7456,
    0.7426,
    0.7504,
    0.7558,
    0.7554,
    0.757,
    0.7672,
    0.7596,
    0.7622,
    0.773,
    0.7734,
    0.781,
    0.7768,
    0.7732,
    0.7806,
    0.775,
    0.7744,
    0.7794,
    0.7782,
    0.778,
    0.7776,
    0.7792,
    0.7754
  ],
  "best_val_loss": 0.9973457666397094,
  "total_time_s": 2526.276365995407,
  "stopped_epoch": 50
}