{
  "train_loss": [
    2.1773822788238526,
    1.9242182343800862,
    1.799044921959771,
    1.695200122218662,
    1.6159063622792562,
    1.5625625245836046,
    1.5017168849945068,
    1.4509976481543647,
    1.4182961910883585,
    1.3900663790384928,
    1.365201286209954,
    1.3452744398752847,
    1.3274546785990398,
    1.305935849295722,
    1.2947098484887016,
    1.2793424487431844,
    1.2635559535768297,
    1.2519095361921522,
    1.2409842589060465,
    1.2310454108556113,
    1.2236150628831652,
    1.2095961295657687,
    1.2013798935148452,
    1.1942956493377686,
    1.1816545373280842,
    1.1717011351055568,
    1.165992093870375,
    1.1620412379794651,
    1.1494688344743518,
    1.1423069630728828,
    1.1342812095006307,
    1.1258540290408665,
    1.1207129056400722,
    1.1144207975387572,
    1.1135851874245537,
    1.105574952952067,
    1.099759219487508,
    1.0914375242233276,
    1.090294776111179,
    1.0856736021465725,
    1.0813457085079616,
    1.076604081556532,
    1.0775452435175579,
    1.0722779078589546,
    1.0706868362638686,
    1.0679252571105957,
    1.0647812261369494,
    1.0650361583073933,
    1.069780315483941,
    1.067659452395969
  ],
  "train_acc": [
    0.18051111111111112,
    0.2909777777777778,
    0.3782888888888889,
    0.44333333333333336,
    0.49048888888888886,
    0.5227777777777778,
    0.5544,
    0.5849333333333333,
    0.6011555555555556,
    0.6182666666666666,
    0.6301777777777777,
    0.6422,
    0.6508444444444444,
    0.6607777777777778,
    0.6643555555555556,
    0.6724666666666667,
    0.6820666666666667,
    0.6896444444444444,
    0.6925777777777777,
    0.6997777777777778,
    0.7043333333333334,
    0.7088888888888889,
    0.7150222222222222,
    0.7219555555555556,
    0.7272888888888889,
    0.7309777777777777,
    0.7367777777777778,
    0.7378888888888889,
    0.7447111111111111,
    0.7457111111111111,
    0.7518444444444444,
    0.7548222222222222,
    0.7598444444444444,
    0.7597333333333334,
    0.7627333333333334,
    0.766,
    0.768,
    0.7717111111111111,
    0.7748666666666667,
    0.7760666666666667,
    0.7775555555555556,
    0.7783777777777777,
    0.7778444444444444,
    0.7812222222222223,
    0.7813555555555556,
    0.7840444444444444,
    0.7836,
    0.7844222222222222,
    0.7823555555555556,
    0.7855555555555556
  ],
  "val_loss": [
    1.9801409526824951,
    1.7979390159606934,
    1.6657443826675415,
    1.5619519050598145,
    1.469506123161316,
    1.4761749845504761,
    1.3567484760284423,
    1.36596848487854,
    1.3052634959220886,
    1.289354970932007,
    1.23243126745224,
    1.2615608798980713,
    1.227645039844513,
    1.1915121233940125,
    1.1808877031326295,
    1.1777964471817017,
    1.1749116847991943,
    1.1637228424072266,
    1.1389386448860168,
    1.138209109020233,
    1.1117946699142456,
    1.1016800587654114,
    1.1097133073806762,
    1.0996893817901612,
    1.0754701789855956,
    1.0670099794387817,
    1.0781945291519166,
    1.0488749994277955,
    1.053954547405243,
    1.0885988073349,
    1.0428521194458007,
    1.046096258163452,
    1.034329219341278,
    1.0276475856781007,
    1.0171042699813844,
    1.0227563516616822,
    1.0100151244163513,
    1.0133067489624024,
    1.004206447505951,
    1.0005594928741455,
    1.003310701084137,
    1.0013875244140624,
    0.9962599992752075,
    0.9948525899887085,
    0.9976395388603211,
    0.9968556108474731,
    0.9899452922821045,
    0.9904774884223938,
    0.991652400970459,
    0.9911249319076538
  ],
  "val_acc": [
    0.2282,
    0.3724,
    0.4478,
    0.5054,
    0.551,
    0.5264,
    0.5952,
    0.5954,
    0.6238,
    0.6336,
    0.667,
    0.6484,
    0.6678,
    0.689,
    0.697,
    0.6872,
    0.6998,
    0.7014,
    0.7166,
    0.7154,
    0.7284,
    0.738,
    0.7276,
    0.7366,
    0.7498,
    0.7572,
    0.7434,
    0.7638,
    0.7616,
    0.7444,
    0.7672,
    0.765,
    0.7684,
    0.7716,
    0.78,
    0.7758,
    0.7812,
    0.7822,
    0.7836,
    0.7882,
    0.7846,
    0.7834,
    0.7856,
    0.7874,
    0.7872,
    0.787,
    0.79,
    0.7886,
    0.787,
    0.7868
  ],
  "best_val_loss": 0.9899452922821045,
  "total_time_s": 7332.736892700195,
  "stopped_epoch": 50
}