{
  "train_loss": [
    2.2238329752604167,
    1.8985248214297825,
    1.786246613905165,
    1.677307494629754,
    1.5993714402940538,
    1.5463587830649481,
    1.489496054649353,
    1.4503579610188801,
    1.41520418671502,
    1.3874893970913358,
    1.3650968349032933,
    1.3390102436913385,
    1.3187864072587756,
    1.304008513874478,
    1.2898242913564046,
    1.2750690114339194,
    1.2566616960313586,
    1.245801678466797,
    1.2387051379945544,
    1.2248316437615288,
    1.2128051057603624,
    1.202132218360901,
    1.1954551021787856,
    1.1844268919626872,
    1.1807698971642389,
    1.1706240731133355,
    1.1601874379899766,
    1.1506892734951444,
    1.1423774159113567,
    1.141041980595059,
    1.1373787946489122,
    1.1249183267381455,
    1.1205286352157593,
    1.1128616223017376,
    1.103104964319865,
    1.1009646168814764,
    1.0977733935250176,
    1.089638172255622,
    1.0906657050662572,
    1.086217885631985,
    1.083198381169637,
    1.0812721264945135,
    1.074037492052714,
    1.0764780433019003,
    1.0704076994366116,
    1.0712395540449355,
    1.0670617395824855,
    1.06749177508884,
    1.0654892950693766,
    1.0660647950278388
  ],
  "train_acc": [
    0.15902222222222223,
    0.30973333333333336,
    0.3794888888888889,
    0.45013333333333333,
    0.5009555555555556,
    0.532,
    0.5642666666666667,
    0.5867111111111111,
    0.6048444444444444,
    0.6162,
    0.6279555555555556,
    0.6425555555555555,
    0.6532,
    0.6603777777777777,
    0.6682444444444444,
    0.6742,
    0.6864222222222223,
    0.6923555555555555,
    0.6969333333333333,
    0.7040888888888889,
    0.7117555555555556,
    0.715,
    0.7204666666666667,
    0.7263333333333334,
    0.7281777777777778,
    0.7329111111111111,
    0.7375111111111111,
    0.7436888888888888,
    0.7455555555555555,
    0.7483555555555556,
    0.7494,
    0.7570666666666667,
    0.7589111111111111,
    0.7617111111111111,
    0.7651555555555556,
    0.7679111111111111,
    0.7686222222222222,
    0.7744888888888889,
    0.7716222222222222,
    0.7753555555555556,
    0.7771111111111111,
    0.7764,
    0.7790222222222222,
    0.7803555555555556,
    0.7826888888888889,
    0.7830888888888888,
    0.7844888888888889,
    0.7826,
    0.7829111111111111,
    0.7855111111111112
  ],
  "val_loss": [
    2.019742565536499,
    1.7759629409790039,
    1.6689585788726806,
    1.586598215866089,
    1.4889051412582397,
    1.4216642087936402,
    1.3531191526412965,
    1.3400543113708496,
    1.2851615009307862,
    1.267523748779297,
    1.2650244583129884,
    1.2208844937324523,
    1.2002579599380494,
    1.2095137395858764,
    1.1873425670623778,
    1.1551567550659179,
    1.144366111946106,
    1.1290967421531677,
    1.1169839783668518,
    1.1059571513175965,
    1.1148179105758667,
    1.1152273683547973,
    1.0692572898864745,
    1.0841235862731933,
    1.0640713052749633,
    1.0660208456039428,
    1.0515120087623597,
    1.0627238815307618,
    1.0591792304992675,
    1.02798599319458,
    1.0251766120910644,
    1.03093338098526,
    1.0235718212127685,
    1.0246540767669678,
    1.0148489807128906,
    1.0108323949813842,
    1.0082689685821533,
    1.0234880630493164,
    1.0014312042236329,
    0.9943813726425171,
    0.9916643123626709,
    0.9894924451828003,
    0.9918264154434204,
    0.9884167595863342,
    0.9885648252487182,
    0.9845997666358948,
    0.9877338984489441,
    0.9893537888526917,
    0.9882513568878174,
    0.9914478372573853
  ],
  "val_acc": [
    0.243,
    0.3612,
    0.446,
    0.4832,
    0.5452,
    0.5728,
    0.6116,
    0.6086,
    0.6346,
    0.6468,
    0.6514,
    0.6732,
    0.6792,
    0.6784,
    0.683,
    0.6996,
    0.709,
    0.7132,
    0.7184,
    0.7254,
    0.727,
    0.7256,
    0.746,
    0.7388,
    0.7472,
    0.7496,
    0.763,
    0.7522,
    0.7562,
    0.769,
    0.7712,
    0.7684,
    0.77,
    0.7672,
    0.7798,
    0.7744,
    0.7786,
    0.775,
    0.7824,
    0.7834,
    0.787,
    0.7856,
    0.7852,
    0.7836,
    0.786,
    0.7876,
    0.7866,
    0.7846,
    0.7874,
    0.7854
  ],
  "best_val_loss": 0.9845997666358948,
  "total_time_s": 2121.8148119449615,
  "stopped_epoch": 50
}