{
  "train_loss": [
    2.1724131466759578,
    1.9005799355824788,
    1.782144991154141,
    1.6883573897043864,
    1.6097137777328492,
    1.5460373168097603,
    1.4906082214991252,
    1.4461235449896919,
    1.4159947085698446,
    1.3862880982293022,
    1.3594038942337037,
    1.3406095088322958,
    1.3206269523408678,
    1.3062338222503662,
    1.290232397588094,
    1.2795788084665933,
    1.257735130882263,
    1.252321940061781,
    1.234193053181966,
    1.2255358749813503,
    1.2124705314848159,
    1.2041720895555283,
    1.190441660393609,
    1.1808799289279515,
    1.1744643090354072,
    1.1632539360046388,
    1.1567761331770154,
    1.146296790377299,
    1.1398295338100857,
    1.1313541278415256,
    1.1289268664148118,
    1.1170670223448012,
    1.1154364248063828,
    1.1061674805111354,
    1.100311077202691,
    1.0987266053941516,
    1.0928663113276165,
    1.0847738616307576,
    1.0808319140328302,
    1.0822508569929334,
    1.074626225397322,
    1.0718600067562527,
    1.0717792875501844,
    1.0665849102232192,
    1.0684463981628418,
    1.0671400641123454,
    1.060560663901435,
    1.0644548386043973,
    1.0623967814975315,
    1.0566800624423558
  ],
  "train_acc": [
    0.19922222222222222,
    0.30346666666666666,
    0.3756888888888889,
    0.43837777777777776,
    0.49102222222222225,
    0.5320444444444444,
    0.5621777777777778,
    0.5852666666666667,
    0.6028888888888889,
    0.6162444444444445,
    0.6296888888888889,
    0.6420444444444444,
    0.6516,
    0.6603333333333333,
    0.6692,
    0.6744444444444444,
    0.6845111111111111,
    0.6890888888888889,
    0.6986888888888889,
    0.7041777777777778,
    0.7065555555555556,
    0.7158888888888889,
    0.7201777777777778,
    0.7284888888888889,
    0.7289777777777777,
    0.7357555555555556,
    0.7370666666666666,
    0.7433333333333333,
    0.7477777777777778,
    0.752,
    0.7538444444444444,
    0.7581333333333333,
    0.7576888888888889,
    0.7637111111111111,
    0.7675777777777778,
    0.7659111111111111,
    0.7705333333333333,
    0.7708444444444444,
    0.7759777777777778,
    0.7761333333333333,
    0.7795111111111112,
    0.7794666666666666,
    0.7788,
    0.7818888888888889,
    0.7816222222222222,
    0.7831555555555556,
    0.7831333333333333,
    0.7833555555555556,
    0.7817555555555555,
    0.7866444444444445
  ],
  "val_loss": [
    1.9840995971679687,
    1.7785502672195435,
    1.662680265045166,
    1.5625061088562011,
    1.4848580154418944,
    1.4089933549880982,
    1.3644044610977173,
    1.3207651149749755,
    1.2897312173843383,
    1.3081390027999877,
    1.242517284965515,
    1.2208568726539613,
    1.2041099921226501,
    1.1889735216140747,
    1.1847696462631225,
    1.171289671611786,
    1.1559316745758057,
    1.1220460729599,
    1.1066088981628417,
    1.1216650033950806,
    1.1008857080459595,
    1.1021784921646118,
    1.0719091617584229,
    1.0612668184280396,
    1.0928165512084962,
    1.0596316947937012,
    1.0336584535598754,
    1.0389359965324403,
    1.0250591433525085,
    1.023361489868164,
    1.0183671518325805,
    1.0202597759246825,
    1.0166125327110291,
    1.0054846785545348,
    0.9952980085372924,
    1.0036270374298095,
    0.9903365404129029,
    0.9918128672599793,
    0.9874257301330567,
    0.9909190221786499,
    0.9800610941886901,
    0.9867653186798095,
    0.984276062965393,
    0.9850775208473206,
    0.9844885200500488,
    0.978918343925476,
    0.9811288642883301,
    0.9779791666030884,
    0.979280069732666,
    0.978113807106018
  ],
  "val_acc": [
    0.244,
    0.3546,
    0.4284,
    0.492,
    0.5378,
    0.5818,
    0.6028,
    0.6162,
    0.639,
    0.6292,
    0.6584,
    0.6646,
    0.6842,
    0.6894,
    0.6786,
    0.6926,
    0.707,
    0.716,
    0.728,
    0.7236,
    0.7326,
    0.729,
    0.7494,
    0.7542,
    0.7356,
    0.7524,
    0.7642,
    0.7638,
    0.7678,
    0.77,
    0.7708,
    0.7668,
    0.7742,
    0.7786,
    0.782,
    0.7794,
    0.786,
    0.7846,
    0.789,
    0.785,
    0.7898,
    0.7838,
    0.789,
    0.784,
    0.7872,
    0.789,
    0.7854,
    0.7882,
    0.789,
    0.789
  ],
  "best_val_loss": 0.978918343925476,
  "total_time_s": 2030.9755883216858,
  "stopped_epoch": 50
}