{
  "train_loss": [
    2.2082282989078097,
    1.8942021712409125,
    1.7771879369735717,
    1.6766474202897814,
    1.6072059300104777,
    1.5518994189156425,
    1.5004758235931397,
    1.4604481402079263,
    1.4280962192959257,
    1.4027500468360052,
    1.3763659178415935,
    1.3534392700619167,
    1.3314478288862441,
    1.3081995530022514,
    1.2972030373679266,
    1.2798330047607422,
    1.2650108481089275,
    1.2526527753618029,
    1.240995734002855,
    1.222545589849684,
    1.2175099273469714,
    1.2075829527113173,
    1.198257434739007,
    1.1843562530093723,
    1.1769909029430814,
    1.1709302026112873,
    1.1591624704996746,
    1.14946317270067,
    1.1456611519707574,
    1.1370176253000894,
    1.1274130677964953,
    1.1238841530270047,
    1.1125555816438464,
    1.1101611463334826,
    1.1058153173234728,
    1.1000387458801268,
    1.0931530908372666,
    1.0897418507470025,
    1.0866553482691448,
    1.080513718032837,
    1.0726937942292956,
    1.0750318510691326,
    1.0727747229894002,
    1.068784146870507,
    1.0661430907991198,
    1.0664396950509814,
    1.062102454884847,
    1.0638944750679864,
    1.0587257305145263,
    1.0598923206753201
  ],
  "train_acc": [
    0.17733333333333334,
    0.31277777777777777,
    0.3837777777777778,
    0.4477777777777778,
    0.4915111111111111,
    0.5257777777777778,
    0.5556888888888889,
    0.5796888888888889,
    0.5964666666666667,
    0.6088444444444444,
    0.6243111111111111,
    0.6356888888888889,
    0.6468222222222222,
    0.6591777777777778,
    0.6668444444444445,
    0.6729555555555555,
    0.6812222222222222,
    0.6869555555555555,
    0.6921555555555555,
    0.7031555555555555,
    0.7075111111111111,
    0.7121333333333333,
    0.7164666666666667,
    0.7229333333333333,
    0.7281111111111112,
    0.7299777777777777,
    0.7356888888888888,
    0.7408,
    0.7444,
    0.7496888888888888,
    0.7514666666666666,
    0.7537333333333334,
    0.7627555555555555,
    0.7604888888888889,
    0.7626888888888889,
    0.7650444444444444,
    0.7705777777777778,
    0.7735333333333333,
    0.7720444444444444,
    0.7739555555555555,
    0.7787333333333334,
    0.7777777777777778,
    0.7784222222222222,
    0.7815111111111112,
    0.7811111111111111,
    0.7828888888888889,
    0.7842222222222223,
    0.7827777777777778,
    0.7851333333333333,
    0.7850222222222222
  ],
  "val_loss": [
    1.9647516563415528,
    1.7650097299575807,
    1.6465869773864745,
    1.547410941696167,
    1.4915692934036255,
    1.4244122417449951,
    1.3695028383255006,
    1.3559176916122437,
    1.315595590209961,
    1.2906839981079101,
    1.2741634841918945,
    1.1998449663162232,
    1.2019120487213135,
    1.186520864868164,
    1.1721709812164307,
    1.1779125517845155,
    1.1799687251091004,
    1.1454724185943603,
    1.1427373544692994,
    1.0939008798599243,
    1.0887698340415954,
    1.0815703166007995,
    1.0695950819015503,
    1.0755676831245422,
    1.0755379526138307,
    1.0644973401069642,
    1.0631567944526672,
    1.0265973833084105,
    1.0314598489761353,
    1.0227069276809693,
    1.028261124420166,
    1.0284800936698915,
    1.0214135840415954,
    1.0129018824577332,
    1.0206066821098327,
    1.0043162638664245,
    1.0106830396652222,
    1.0110675165176393,
    1.0013497944831848,
    0.9907637126922607,
    1.0054382020950317,
    0.9896318523406983,
    0.9890613816261291,
    0.9865594182014465,
    0.9830597427368164,
    0.98596591796875,
    0.9874460027694703,
    0.9854900898933411,
    0.9853979252815247,
    0.9867061555862426
  ],
  "val_acc": [
    0.279,
    0.3684,
    0.4458,
    0.5114,
    0.5264,
    0.5716,
    0.597,
    0.6084,
    0.623,
    0.6294,
    0.644,
    0.684,
    0.6784,
    0.692,
    0.6902,
    0.6956,
    0.6942,
    0.6984,
    0.7116,
    0.7366,
    0.7418,
    0.7416,
    0.7586,
    0.743,
    0.7506,
    0.7554,
    0.7568,
    0.7706,
    0.7674,
    0.7748,
    0.7736,
    0.7716,
    0.7734,
    0.781,
    0.7752,
    0.7854,
    0.7788,
    0.7764,
    0.7842,
    0.7896,
    0.7798,
    0.7926,
    0.7912,
    0.7904,
    0.794,
    0.7952,
    0.7906,
    0.7926,
    0.7914,
    0.7898
  ],
  "best_val_loss": 0.9830597427368164,
  "total_time_s": 2037.7664618492126,
  "stopped_epoch": 50
}