{
  "train_loss": [
    2.175076010131836,
    1.923993913099501,
    1.8122527387195164,
    1.721735326215956,
    1.64076278591156,
    1.5801297825283473,
    1.5323468680911594,
    1.4826183840433758,
    1.445516829278734,
    1.4156087952931722,
    1.3861000658035278,
    1.3597079171710544,
    1.3456940847184924,
    1.3218104353586833,
    1.3057371150546604,
    1.291489117219713,
    1.2787511337280273,
    1.2653075622558594,
    1.2562285214530098,
    1.2423420051574707,
    1.2320107076856825,
    1.222342723719279,
    1.209075122578939,
    1.198350925064087,
    1.1915371083577473,
    1.1837259105788336,
    1.1769272155761719,
    1.166246863216824,
    1.156470178519355,
    1.1519972542656793,
    1.1443076908959282,
    1.1355167207929824,
    1.1294544235229491,
    1.1266096809811061,
    1.1168931778589883,
    1.113698931503296,
    1.1107573292414348,
    1.1031629275427923,
    1.0992411044226753,
    1.0974111764695909,
    1.0950014613257515,
    1.091457007291582,
    1.0846851811726888,
    1.0826973216586642,
    1.0811886685265435,
    1.0793505615870158,
    1.0790795672098796,
    1.0760101012547811,
    1.0768960652245416,
    1.0737845952775744
  ],
  "train_acc": [
    0.18944444444444444,
    0.28773333333333334,
    0.35444444444444445,
    0.4159333333333333,
    0.4686,
    0.5087555555555555,
    0.5366222222222222,
    0.5673111111111111,
    0.5863333333333334,
    0.6020444444444445,
    0.6166222222222222,
    0.6343333333333333,
    0.6390222222222223,
    0.6534222222222222,
    0.6647555555555555,
    0.6710222222222222,
    0.6747333333333333,
    0.6829333333333333,
    0.6882,
    0.6947777777777778,
    0.6995777777777777,
    0.7052888888888889,
    0.7092222222222222,
    0.7164888888888888,
    0.7228666666666667,
    0.7248222222222223,
    0.7303777777777778,
    0.7354666666666667,
    0.7376,
    0.7414,
    0.7475333333333334,
    0.748,
    0.7546444444444445,
    0.7552222222222222,
    0.7595333333333333,
    0.7609333333333334,
    0.7622888888888889,
    0.7644888888888889,
    0.7682222222222223,
    0.7685111111111111,
    0.7698666666666667,
    0.7684444444444445,
    0.7737777777777778,
    0.7765111111111112,
    0.7774222222222222,
    0.7784444444444445,
    0.7773333333333333,
    0.7776,
    0.7782444444444444,
    0.7797333333333333
  ],
  "val_loss": [
    1.9610098819732666,
    1.8187206695556641,
    1.7066102737426758,
    1.618540572166443,
    1.5291983867645265,
    1.5341594223022461,
    1.4108261423110962,
    1.365067079925537,
    1.3339910860061646,
    1.3038335018157958,
    1.2681474939346313,
    1.2738598503112792,
    1.25573060464859,
    1.2094749311447144,
    1.2010311233520508,
    1.198518381500244,
    1.1858970504760742,
    1.1894042142868042,
    1.142816969871521,
    1.1244106912612915,
    1.1538087723731996,
    1.128327421760559,
    1.1139137760162354,
    1.139449624633789,
    1.096328359413147,
    1.1026958399772644,
    1.088365156173706,
    1.0733389036178589,
    1.071272858428955,
    1.0565283672332764,
    1.0440528027534486,
    1.055960927963257,
    1.065998148536682,
    1.0391161853790283,
    1.0393550592422485,
    1.0479803844451905,
    1.026173353767395,
    1.0386658241271973,
    1.025535983276367,
    1.0333062665939332,
    1.0218317163467407,
    1.013617597770691,
    1.0124930882453917,
    1.0194870517730712,
    1.0160779006004335,
    1.0177110411643981,
    1.0180266398429871,
    1.0176602071762084,
    1.0191453783988953,
    1.015435885810852
  ],
  "val_acc": [
    0.2622,
    0.3298,
    0.399,
    0.4562,
    0.5094,
    0.5122,
    0.5904,
    0.6082,
    0.6112,
    0.6302,
    0.6496,
    0.6438,
    0.6564,
    0.6734,
    0.6806,
    0.6788,
    0.693,
    0.6896,
    0.7162,
    0.726,
    0.7114,
    0.7194,
    0.7268,
    0.7206,
    0.7376,
    0.7388,
    0.7428,
    0.7494,
    0.7504,
    0.7546,
    0.7616,
    0.7562,
    0.7522,
    0.7664,
    0.7664,
    0.7612,
    0.7666,
    0.7642,
    0.77,
    0.769,
    0.7732,
    0.7748,
    0.7798,
    0.7766,
    0.7776,
    0.7784,
    0.7744,
    0.7742,
    0.7744,
    0.7754
  ],
  "best_val_loss": 1.0124930882453917,
  "total_time_s": 2030.6762201786041,
  "stopped_epoch": 50
}