{
  "train_loss": [
    2.171330605612861,
    1.9106334618462457,
    1.8028386723412408,
    1.7158926072862413,
    1.6283933592054578,
    1.5601933842764961,
    1.5041380258772108,
    1.4618707842932808,
    1.4293841102600098,
    1.397293182733324,
    1.3717037234836154,
    1.3478176979064942,
    1.329656792916192,
    1.313992767461141,
    1.293804896460639,
    1.282330665418837,
    1.2730029631296793,
    1.2519127128601075,
    1.244392083062066,
    1.2314379377153184,
    1.218513311682807,
    1.214105668428209,
    1.2040161729600694,
    1.195706995095147,
    1.18651851656172,
    1.1769474336412218,
    1.171012559106615,
    1.1608522200690374,
    1.154149467637804,
    1.1466630052778457,
    1.1376947360568577,
    1.1347982200834485,
    1.1236796662436592,
    1.118952691608005,
    1.114699037191603,
    1.1105361316680908,
    1.1017918782552083,
    1.0984324626922608,
    1.0974609664493138,
    1.09816447552575,
    1.088790585539076,
    1.0862154456456503,
    1.0820936784744262,
    1.08096529329088,
    1.0751375881195069,
    1.0758901617262098,
    1.0716878565894232,
    1.0737722802268135,
    1.0754817162407768,
    1.0717128860049778
  ],
  "train_acc": [
    0.1888,
    0.2957111111111111,
    0.35964444444444443,
    0.41655555555555557,
    0.4803777777777778,
    0.5226888888888889,
    0.5543111111111111,
    0.5755555555555556,
    0.5926,
    0.6090222222222222,
    0.6237777777777778,
    0.6353111111111112,
    0.6470222222222223,
    0.6532222222222223,
    0.6613111111111111,
    0.6715555555555556,
    0.6789777777777778,
    0.6880222222222222,
    0.6882444444444444,
    0.6954888888888889,
    0.7048222222222222,
    0.7057555555555556,
    0.7114888888888888,
    0.7179333333333333,
    0.7227333333333333,
    0.7274,
    0.7292,
    0.7343555555555555,
    0.7389777777777777,
    0.7446444444444444,
    0.7454888888888889,
    0.7518444444444444,
    0.7540888888888889,
    0.7551111111111111,
    0.7588222222222222,
    0.7598222222222222,
    0.7645777777777778,
    0.7664,
    0.7688888888888888,
    0.7650666666666667,
    0.7737111111111111,
    0.7726666666666666,
    0.7745555555555556,
    0.7748666666666667,
    0.7774888888888889,
    0.7783777777777777,
    0.7796666666666666,
    0.7784666666666666,
    0.7776,
    0.7796888888888889
  ],
  "val_loss": [
    1.969718448638916,
    1.7721443000793458,
    1.6900303268432617,
    1.5832638257980347,
    1.4764132852554321,
    1.4224654399871826,
    1.3889054277420043,
    1.3223058364868163,
    1.2985910868644714,
    1.2592820806503295,
    1.27972971906662,
    1.2366436353683472,
    1.234701180076599,
    1.1889041851997375,
    1.1990369413375854,
    1.1525052411079406,
    1.1703880645751954,
    1.1534400068283082,
    1.144923719406128,
    1.136820761871338,
    1.1160905576705933,
    1.111301685333252,
    1.0912080841064453,
    1.0778308877944947,
    1.0813131273269654,
    1.0899888933181763,
    1.056646516227722,
    1.0506193202018739,
    1.0531210758209228,
    1.0656951773643493,
    1.0506218398094178,
    1.052058172225952,
    1.0194323088645936,
    1.0353788041114806,
    1.0211027508735657,
    1.0244063772201537,
    1.022427597618103,
    1.0092588737487793,
    1.020367474937439,
    1.0127732545852661,
    1.0071308601379394,
    0.9960742362976074,
    1.0033667463302611,
    0.9989161111831665,
    0.9982998213768005,
    1.0008532754898072,
    1.0004979515075683,
    0.996642604637146,
    0.9968895627975464,
    0.9977399480819702
  ],
  "val_acc": [
    0.27,
    0.3664,
    0.4064,
    0.4728,
    0.5434,
    0.568,
    0.5836,
    0.6186,
    0.6264,
    0.6536,
    0.6408,
    0.6604,
    0.6674,
    0.685,
    0.6832,
    0.7032,
    0.6936,
    0.7048,
    0.71,
    0.7218,
    0.7212,
    0.7286,
    0.74,
    0.7426,
    0.7422,
    0.7426,
    0.7576,
    0.7572,
    0.7568,
    0.7514,
    0.763,
    0.7556,
    0.7738,
    0.769,
    0.774,
    0.7736,
    0.7766,
    0.779,
    0.772,
    0.78,
    0.783,
    0.7874,
    0.7862,
    0.7888,
    0.7872,
    0.7852,
    0.784,
    0.7848,
    0.7856,
    0.7856
  ],
  "best_val_loss": 0.9960742362976074,
  "total_time_s": 2028.1433327198029,
  "stopped_epoch": 50
}