{
  "train_loss": [
    2.2063159670935737,
    1.9326985759735107,
    1.7939885613123576,
    1.6891799634509617,
    1.6203062432607016,
    1.5666723105536566,
    1.513292701742384,
    1.4685897585550944,
    1.4327212819841173,
    1.4036216492335,
    1.3758411966747708,
    1.3540769037034777,
    1.337067020840115,
    1.3135756393856473,
    1.3056399679607815,
    1.2899959194607205,
    1.272495042122735,
    1.260352866384718,
    1.2512087449179756,
    1.2376391263749864,
    1.225347689988878,
    1.2203602790196737,
    1.2097890033721923,
    1.197397728729248,
    1.189852659034729,
    1.1782112795299955,
    1.1681011922200522,
    1.1614555620829263,
    1.1553415075090196,
    1.1479017047670153,
    1.140663162443373,
    1.138372535387675,
    1.1319910691155328,
    1.1217259861204358,
    1.119713863796658,
    1.1105547189500597,
    1.1016476794772678,
    1.1039656461609735,
    1.097828440729777,
    1.090542452261183,
    1.0894530158784654,
    1.0855610901938544,
    1.085489480612013,
    1.0786457798428006,
    1.0784381838904487,
    1.0771900975121391,
    1.0709764079623751,
    1.0752826815923056,
    1.0764525419447157,
    1.0734511681874592
  ],
  "train_acc": [
    0.17328888888888888,
    0.2886888888888889,
    0.37524444444444444,
    0.44306666666666666,
    0.4819555555555556,
    0.5169111111111111,
    0.5450666666666667,
    0.5764888888888889,
    0.5896888888888889,
    0.6095777777777778,
    0.6255111111111111,
    0.6341777777777777,
    0.6423777777777778,
    0.6518222222222222,
    0.6583555555555556,
    0.6700666666666667,
    0.6805777777777777,
    0.6880444444444445,
    0.6939111111111111,
    0.6992,
    0.7065555555555556,
    0.7082666666666667,
    0.716,
    0.7219555555555556,
    0.7253555555555555,
    0.7305777777777778,
    0.7325111111111111,
    0.7377333333333334,
    0.7411111111111112,
    0.7474444444444445,
    0.7489333333333333,
    0.7505333333333334,
    0.7553555555555556,
    0.7590222222222223,
    0.7624888888888889,
    0.7641555555555556,
    0.7678222222222222,
    0.7675777777777778,
    0.7708222222222222,
    0.7740666666666667,
    0.7758,
    0.7762444444444444,
    0.7759555555555555,
    0.7811111111111111,
    0.7793777777777777,
    0.7814666666666666,
    0.7843777777777777,
    0.7823333333333333,
    0.7820444444444444,
    0.7838444444444445
  ],
  "val_loss": [
    2.043609917831421,
    1.7820784666061402,
    1.6396507425308227,
    1.5523441177368165,
    1.4986948682785035,
    1.4263995504379272,
    1.3947709579467773,
    1.333925233078003,
    1.3309770601272584,
    1.2630668062210082,
    1.2432858436584473,
    1.2242840795516967,
    1.2214993898391724,
    1.1924108339309691,
    1.192513565158844,
    1.1789722601890564,
    1.137739929676056,
    1.1391617606163025,
    1.1503115305900573,
    1.1156147331237793,
    1.1039631531715393,
    1.0919247572898865,
    1.1088417043685914,
    1.0821247638702391,
    1.075585066986084,
    1.062789507675171,
    1.0680638715744017,
    1.058840820503235,
    1.063942858314514,
    1.0553129077911376,
    1.0742786972999572,
    1.0388262940406798,
    1.0208023200035095,
    1.027104803276062,
    1.0157384201049804,
    1.0172932935714722,
    1.0119168748855591,
    1.0012415266990662,
    1.006330728149414,
    0.9950611312866211,
    1.0018768896102905,
    1.0028723383903504,
    0.9960438022613526,
    1.007204685974121,
    0.9989019230842591,
    0.9967648630142212,
    0.9982157583236695,
    0.9962971032142639,
    0.9965353063583374,
    0.992806057357788
  ],
  "val_acc": [
    0.2228,
    0.366,
    0.451,
    0.5018,
    0.5366,
    0.565,
    0.5782,
    0.6216,
    0.6146,
    0.6534,
    0.6612,
    0.671,
    0.6778,
    0.6884,
    0.6966,
    0.6996,
    0.716,
    0.7188,
    0.7088,
    0.7268,
    0.7318,
    0.7354,
    0.7296,
    0.7444,
    0.747,
    0.7514,
    0.7504,
    0.751,
    0.7568,
    0.7536,
    0.7484,
    0.7666,
    0.7738,
    0.7724,
    0.7748,
    0.7748,
    0.7796,
    0.783,
    0.7812,
    0.7842,
    0.7802,
    0.7848,
    0.787,
    0.7832,
    0.786,
    0.7864,
    0.7864,
    0.786,
    0.7852,
    0.788
  ],
  "best_val_loss": 0.992806057357788,
  "total_time_s": 2028.423632144928,
  "stopped_epoch": 50
}