{
  "train_loss": [
    2.197328380118476,
    1.9272393469492595,
    1.7684562321133084,
    1.6705815928988987,
    1.607298380639818,
    1.5497327605777316,
    1.4881245421939426,
    1.4503724461025662,
    1.4198513746261596,
    1.3907933056725397,
    1.3671979709413316,
    1.347717520459493,
    1.3215799127790664,
    1.30667052476671,
    1.2913261934068467,
    1.2769888052622478,
    1.2653204909006754,
    1.2501927427079942,
    1.238352266629537,
    1.2267616113238864,
    1.212878780916002,
    1.202600022591485,
    1.1973220636579724,
    1.1868968535529243,
    1.1771229112413195,
    1.1670931302600436,
    1.1608695270750258,
    1.153697019259135,
    1.1436613170835708,
    1.1394380392922296,
    1.130178050274319,
    1.1240915418624877,
    1.1116425010257298,
    1.110588787015279,
    1.1046454149034288,
    1.099963029268053,
    1.0948888967725965,
    1.0894736753675673,
    1.087920019170973,
    1.0801140191925898,
    1.080515534485711,
    1.0761993896272448,
    1.0714527612050375,
    1.0683623047086928,
    1.0660113223817613,
    1.065112990167406,
    1.0631801415973239,
    1.06005535958608,
    1.0602421667310926,
    1.0621994052886963
  ],
  "train_acc": [
    0.17537777777777777,
    0.29873333333333335,
    0.39542222222222223,
    0.4560888888888889,
    0.49366666666666664,
    0.5276444444444445,
    0.5625333333333333,
    0.5831555555555555,
    0.6001111111111112,
    0.6178,
    0.6283777777777778,
    0.6388,
    0.6532666666666667,
    0.6589777777777778,
    0.6672444444444444,
    0.6733111111111111,
    0.6824,
    0.6896222222222222,
    0.6950666666666667,
    0.7002222222222222,
    0.7075555555555556,
    0.7124222222222222,
    0.7169111111111112,
    0.7205111111111111,
    0.7283111111111111,
    0.7319555555555556,
    0.7341555555555556,
    0.7408,
    0.7446666666666667,
    0.7466888888888888,
    0.7512666666666666,
    0.7523111111111112,
    0.7590222222222223,
    0.7603111111111112,
    0.7640222222222223,
    0.7664222222222222,
    0.7687111111111111,
    0.7729111111111111,
    0.7711555555555556,
    0.7770222222222222,
    0.7756888888888889,
    0.7780444444444444,
    0.7803333333333333,
    0.7815777777777778,
    0.7832222222222223,
    0.7843333333333333,
    0.7842,
    0.7841777777777778,
    0.7846666666666666,
    0.7846444444444445
  ],
  "val_loss": [
    2.0213145790100095,
    1.7884287343978882,
    1.6584062938690185,
    1.5787390830993653,
    1.4952912899017334,
    1.428482158470154,
    1.3834280498504639,
    1.3259932393074036,
    1.311820969581604,
    1.2689942640304566,
    1.2495336110115052,
    1.2138907907485963,
    1.2160445327758789,
    1.1642606157302857,
    1.184867798423767,
    1.1497921790122987,
    1.1603248218536377,
    1.119080596256256,
    1.1168980123519898,
    1.1021116117477416,
    1.1189945350646973,
    1.0886978756904602,
    1.0909661220550537,
    1.086405647754669,
    1.097032806968689,
    1.0730344701766967,
    1.053675580883026,
    1.0447484140396117,
    1.041828172492981,
    1.0433779653549193,
    1.0309114575386047,
    1.02291630859375,
    1.0145744597434998,
    1.0197507921218871,
    1.0059334620475768,
    1.0143342015266419,
    1.0004328208923339,
    1.0152619743347169,
    0.9935478448867798,
    0.9936050626754761,
    0.9910176881790161,
    0.9898686581611633,
    0.9874788077354432,
    0.9889906217575073,
    0.9880767130851745,
    0.9793576190948486,
    0.9865969002723693,
    0.9834578357696533,
    0.9841963188171386,
    0.9839695616722107
  ],
  "val_acc": [
    0.2422,
    0.351,
    0.4322,
    0.492,
    0.5384,
    0.578,
    0.5928,
    0.622,
    0.6214,
    0.6492,
    0.6516,
    0.6716,
    0.671,
    0.6982,
    0.6826,
    0.7046,
    0.7012,
    0.7184,
    0.7176,
    0.7282,
    0.7226,
    0.7374,
    0.7462,
    0.7352,
    0.7364,
    0.7492,
    0.7574,
    0.7586,
    0.76,
    0.7658,
    0.7696,
    0.7702,
    0.7718,
    0.7714,
    0.7744,
    0.773,
    0.7784,
    0.7716,
    0.783,
    0.7832,
    0.7852,
    0.786,
    0.785,
    0.7844,
    0.7864,
    0.7908,
    0.7862,
    0.789,
    0.7886,
    0.7876
  ],
  "best_val_loss": 0.9793576190948486,
  "total_time_s": 2143.113833427429,
  "stopped_epoch": 50
}