{
  "train_loss": [
    2.1728259067535403,
    1.9019704277674356,
    1.789131202422248,
    1.7003844587961832,
    1.6133569864061144,
    1.5505500129911636,
    1.4988687558492024,
    1.4494002793206109,
    1.412998089090983,
    1.3897515683703952,
    1.3674240144305758,
    1.3442781711154514,
    1.3265493343353272,
    1.3106779610951742,
    1.293934193166097,
    1.2841495379130046,
    1.2656890797509088,
    1.2503214679929946,
    1.239078133837382,
    1.2330743065304226,
    1.2185918879614936,
    1.2087066491444907,
    1.1973097713894314,
    1.1882713969124687,
    1.1811365831798977,
    1.173329011938307,
    1.170862648179796,
    1.1583821313858031,
    1.1506183543099298,
    1.1424493051317004,
    1.135680410024855,
    1.1270071673499213,
    1.1218876789093017,
    1.1118631080415513,
    1.1098547775904337,
    1.1044382522583007,
    1.1046984753714668,
    1.0915144807179769,
    1.0878203052944606,
    1.0885142098532783,
    1.0793619547949898,
    1.0767883469051784,
    1.0732304619471231,
    1.0701475766923692,
    1.0677305208418104,
    1.0649052656915452,
    1.0674205802705552,
    1.0675506210327148,
    1.0647985149171617,
    1.0661276206758288
  ],
  "train_acc": [
    0.1864,
    0.3085333333333333,
    0.38033333333333336,
    0.43893333333333334,
    0.4942888888888889,
    0.5292666666666667,
    0.5597333333333333,
    0.5850444444444445,
    0.6041777777777778,
    0.6151111111111112,
    0.6266666666666667,
    0.6392888888888889,
    0.6492444444444444,
    0.6595333333333333,
    0.6660666666666667,
    0.6732888888888889,
    0.6824,
    0.6882666666666667,
    0.6976444444444444,
    0.6993777777777778,
    0.7047777777777777,
    0.7117777777777777,
    0.7157555555555556,
    0.7224666666666667,
    0.7259555555555556,
    0.7302888888888889,
    0.7313555555555555,
    0.7394,
    0.7436444444444444,
    0.7478,
    0.7502,
    0.7548,
    0.7571555555555556,
    0.764,
    0.7643111111111112,
    0.7660888888888889,
    0.7673333333333333,
    0.7730666666666667,
    0.7735555555555556,
    0.7756222222222222,
    0.7775555555555556,
    0.7791555555555556,
    0.7816444444444445,
    0.7823777777777777,
    0.7853111111111111,
    0.7849333333333334,
    0.7852222222222223,
    0.7836888888888889,
    0.7866888888888889,
    0.7867333333333333
  ],
  "val_loss": [
    1.9538405773162841,
    1.7780499736785889,
    1.6772271606445313,
    1.5890528202056884,
    1.4686335933685302,
    1.4336595237731933,
    1.361072287940979,
    1.3275712425231934,
    1.2846979703903199,
    1.3175963970184326,
    1.249764814376831,
    1.2402272899627687,
    1.2330836616516114,
    1.181851507949829,
    1.2023068336486817,
    1.1550563751220704,
    1.1749758942604065,
    1.1396097625732422,
    1.172633740234375,
    1.1602929609298707,
    1.116167677783966,
    1.1102799591064454,
    1.0923407991409302,
    1.0870945518493653,
    1.0930073276519776,
    1.0741574356079102,
    1.0822133012771606,
    1.0475913435935975,
    1.0476803442001343,
    1.0581426911354066,
    1.0415123834609985,
    1.047003029346466,
    1.0407755702972412,
    1.0367247772216797,
    1.0242924238204956,
    1.0184229587554932,
    1.0126048288345337,
    1.0069282948493958,
    1.0089162362098694,
    1.0196887453079224,
    1.0221870025634765,
    1.0033546087265015,
    1.00281051902771,
    1.0056056491851806,
    1.001133882331848,
    1.003307485961914,
    1.003638965511322,
    1.0027814813613891,
    0.9998400604248047,
    0.9997230389595032
  ],
  "val_acc": [
    0.269,
    0.3614,
    0.4342,
    0.488,
    0.557,
    0.5648,
    0.6058,
    0.6216,
    0.6414,
    0.6222,
    0.6554,
    0.6594,
    0.664,
    0.6946,
    0.6788,
    0.7054,
    0.6968,
    0.7166,
    0.7002,
    0.7006,
    0.7274,
    0.7244,
    0.7412,
    0.7408,
    0.745,
    0.747,
    0.7468,
    0.7602,
    0.762,
    0.761,
    0.7636,
    0.7662,
    0.7678,
    0.7666,
    0.7674,
    0.7718,
    0.7742,
    0.7762,
    0.7772,
    0.7706,
    0.77,
    0.7816,
    0.7808,
    0.7782,
    0.7796,
    0.78,
    0.779,
    0.7776,
    0.7802,
    0.78
  ],
  "best_val_loss": 0.9998400604248047,
  "total_time_s": 2031.6922569274902,
  "stopped_epoch": 50
}