{
  "weighted_f1": {
    "mean": 0.8981383953104963,
    "std": NaN,
    "min": 0.8981383953104963,
    "max": 0.8981383953104963,
    "values": [
      0.8981383953104963
    ]
  },
  "macro_f1": {
    "mean": 0.8892654332295292,
    "std": NaN,
    "min": 0.8892654332295292,
    "max": 0.8892654332295292,
    "values": [
      0.8892654332295292
    ]
  },
  "weighted_accuracy": {
    "mean": 0.9006410256410257,
    "std": NaN,
    "min": 0.9006410256410257,
    "max": 0.9006410256410257,
    "values": [
      0.9006410256410257
    ]
  },
  "mean_auc": {
    "mean": 0.9585798816568047,
    "std": NaN,
    "min": 0.9585798816568047,
    "max": 0.9585798816568047,
    "values": [
      0.9585798816568047
    ]
  },
  "best_seed_idx": 0,
  "n_runs": 1
}