{
  "weighted_f1": {
    "mean": 0.5547530275215933,
    "std": NaN,
    "min": 0.5547530275215933,
    "max": 0.5547530275215933,
    "values": [
      0.5547530275215933
    ]
  },
  "macro_f1": {
    "mean": 0.5547530275215933,
    "std": NaN,
    "min": 0.5547530275215933,
    "max": 0.5547530275215933,
    "values": [
      0.5547530275215933
    ]
  },
  "weighted_accuracy": {
    "mean": 0.5594,
    "std": NaN,
    "min": 0.5594,
    "max": 0.5594,
    "values": [
      0.5594
    ]
  },
  "mean_auc": {
    "mean": 0.9686406868686869,
    "std": NaN,
    "min": 0.9686406868686869,
    "max": 0.9686406868686869,
    "values": [
      0.9686406868686869
    ]
  },
  "best_seed_idx": 0,
  "n_runs": 1
}