{
  "weighted_f1": 0.8345038013825838,
  "macro_f1": 0.8345038013825838,
  "weighted_accuracy": 0.8339,
  "weighted_precision": 0.8401365326585417,
  "weighted_recall": 0.8339,
  "per_class_auc": [
    0.9870487777777778,
    0.9969512222222223,
    0.9763613333333335,
    0.9566905555555555,
    0.9836363333333333,
    0.9713095555555555,
    0.987228888888889,
    0.9908817777777778,
    0.9937003333333332,
    0.9919767777777778
  ],
  "mean_auc": 0.9835785555555555,
  "confusion_matrix": [
    [
      868,
      17,
      33,
      13,
      7,
      0,
      0,
      7,
      25,
      30
    ],
    [
      14,
      928,
      0,
      0,
      0,
      0,
      0,
      1,
      6,
      51
    ],
    [
      47,
      0,
      780,
      48,
      41,
      21,
      43,
      15,
      2,
      3
    ],
    [
      24,
      4,
      47,
      779,
      29,
      49,
      35,
      21,
      7,
      5
    ],
    [
      8,
      1,
      54,
      54,
      808,
      11,
      23,
      39,
      2,
      0
    ],
    [
      13,
      1,
      28,
      220,
      19,
      656,
      12,
      43,
      1,
      7
    ],
    [
      13,
      3,
      30,
      65,
      12,
      4,
      867,
      2,
      0,
      4
    ],
    [
      15,
      1,
      21,
      36,
      22,
      24,
      3,
      872,
      1,
      5
    ],
    [
      63,
      21,
      9,
      8,
      4,
      1,
      1,
      0,
      864,
      29
    ],
    [
      16,
      43,
      3,
      9,
      0,
      2,
      2,
      2,
      6,
      917
    ]
  ],
  "report": "              precision    recall  f1-score   support\n\n           0       0.80      0.87      0.83      1000\n           1       0.91      0.93      0.92      1000\n           2       0.78      0.78      0.78      1000\n           3       0.63      0.78      0.70      1000\n           4       0.86      0.81      0.83      1000\n           5       0.85      0.66      0.74      1000\n           6       0.88      0.87      0.87      1000\n           7       0.87      0.87      0.87      1000\n           8       0.95      0.86      0.90      1000\n           9       0.87      0.92      0.89      1000\n\n    accuracy                           0.83     10000\n   macro avg       0.84      0.83      0.83     10000\nweighted avg       0.84      0.83      0.83     10000\n",
  "seed": 0
}