{
  "weighted_f1": {
    "mean": 0.3267302470143052,
    "std": NaN,
    "min": 0.3267302470143052,
    "max": 0.3267302470143052,
    "values": [
      0.3267302470143052
    ]
  },
  "macro_f1": {
    "mean": 0.3718902661836946,
    "std": NaN,
    "min": 0.3718902661836946,
    "max": 0.3718902661836946,
    "values": [
      0.3718902661836946
    ]
  },
  "weighted_accuracy": {
    "mean": 0.28379052369077307,
    "std": NaN,
    "min": 0.28379052369077307,
    "max": 0.28379052369077307,
    "values": [
      0.28379052369077307
    ]
  },
  "mean_auc": {
    "mean": 0.9084660620328823,
    "std": NaN,
    "min": 0.9084660620328823,
    "max": 0.9084660620328823,
    "values": [
      0.9084660620328823
    ]
  },
  "best_seed_idx": 0,
  "n_runs": 1
}