{
  "train_loss": [
    2.048945961083306,
    1.7749876891665988,
    1.5795288114759658,
    1.4533713701460096,
    1.3678411247677273,
    1.3055975176493326,
    1.2331836590449015,
    1.1870364543279013,
    1.1572202703264025,
    1.1295673309961956,
    1.1055866038428412,
    1.0867955184512668,
    1.068282997809516,
    1.0484182100931803,
    1.0356269765641954,
    1.0216811188591852,
    1.0180069182078044,
    1.0040134949578179,
    0.9944771060307821,
    0.984288726817237,
    0.9809889643563164,
    0.9696778364181519,
    0.9607497247483995,
    0.9584425677829319,
    0.9462987694634332,
    0.9424180762820774,
    0.9346936530960931,
    0.9221783524195353,
    0.9204531853569878,
    0.9214548292689854,
    0.9143451805538602,
    0.910026786380344,
    0.904318575890859,
    0.8968227015177409,
    0.8901568078888787,
    0.8868186739815606,
    0.8843466513103909,
    0.8765208276324802,
    0.8735395307540894,
    0.8658407482571072,
    0.865157974433899,
    0.8596928788926866,
    0.8569284757826063,
    0.8489961084153917,
    0.8464107227325439,
    0.8425703842375013,
    0.8360610329522027,
    0.8286941463046604,
    0.8273442312664456,
    0.8236878526581658,
    0.8187021984948052,
    0.8183956254959106,
    0.8088543234931098,
    0.8060821775330438,
    0.799226634449429,
    0.7976833628548516,
    0.793653178162045,
    0.7872695741441514,
    0.7840023502985637,
    0.7763148849487305,
    0.7721856179343329,
    0.773387869559394,
    0.7655858175489637,
    0.7632168904198541,
    0.7565657557487487,
    0.7540489639812046,
    0.7509372216012743,
    0.7496391477372911,
    0.742382131046719,
    0.7347778236495124,
    0.7344352502399021,
    0.7327985222286648,
    0.7262587399588691,
    0.7208047209209866,
    0.7213156807263692,
    0.7171709694968329,
    0.7130170217090183,
    0.7133429067187839,
    0.7040841752370198,
    0.7057378138754103,
    0.7011529477861193,
    0.7009751451068454,
    0.6948928292910258,
    0.6955105506579081,
    0.692642623202006,
    0.68905540822347,
    0.6901178128666348,
    0.6899472334120008,
    0.6852071380933126,
    0.6843061775843302,
    0.6823066238615247,
    0.6821779487821791,
    0.6785161005867852,
    0.6796727458530002,
    0.6803383870124817,
    0.6785166757159763,
    0.6814975847880046,
    0.6772599260118273,
    0.6787023799684313,
    0.6762667906867134
  ],
  "train_acc": [
    0.24693333333333334,
    0.39697777777777776,
    0.5146,
    0.5882,
    0.6340222222222223,
    0.6695777777777778,
    0.7056666666666667,
    0.7307111111111111,
    0.7442222222222222,
    0.7584666666666666,
    0.7677777777777778,
    0.7775333333333333,
    0.7853777777777777,
    0.7962,
    0.8017333333333333,
    0.8084888888888889,
    0.8098,
    0.8152888888888888,
    0.8198444444444445,
    0.8247111111111111,
    0.8292888888888889,
    0.8318444444444445,
    0.8357111111111111,
    0.8365333333333334,
    0.8423111111111111,
    0.8450444444444445,
    0.8474222222222222,
    0.8541555555555556,
    0.8512222222222222,
    0.8507111111111111,
    0.8565555555555555,
    0.8595111111111111,
    0.8607777777777778,
    0.8650222222222222,
    0.8675555555555555,
    0.8681555555555556,
    0.8705555555555555,
    0.8749555555555556,
    0.8756666666666667,
    0.8774666666666666,
    0.8783777777777778,
    0.8817555555555555,
    0.8824444444444445,
    0.8855777777777778,
    0.8865111111111111,
    0.8886222222222222,
    0.8924,
    0.8961111111111111,
    0.8959111111111111,
    0.8969555555555555,
    0.8996,
    0.8988888888888888,
    0.9027777777777778,
    0.9063555555555556,
    0.9073777777777777,
    0.9097555555555555,
    0.9100222222222222,
    0.9134666666666666,
    0.9144,
    0.9183111111111111,
    0.9199777777777778,
    0.9198222222222222,
    0.9217777777777778,
    0.9235333333333333,
    0.9259333333333334,
    0.9277333333333333,
    0.9289111111111111,
    0.9295555555555556,
    0.9323555555555556,
    0.9354,
    0.9369111111111111,
    0.9364222222222223,
    0.9397777777777778,
    0.9434666666666667,
    0.9423555555555555,
    0.9446888888888889,
    0.9465555555555556,
    0.9462666666666667,
    0.9509111111111112,
    0.9494222222222222,
    0.9512888888888889,
    0.9516666666666667,
    0.9538666666666666,
    0.9540222222222222,
    0.9557555555555556,
    0.9569777777777778,
    0.9567333333333333,
    0.9573777777777778,
    0.9582888888888889,
    0.9588222222222222,
    0.9597111111111111,
    0.9596888888888889,
    0.9605777777777778,
    0.9605777777777778,
    0.9600444444444445,
    0.9618222222222222,
    0.9614888888888888,
    0.9619333333333333,
    0.9617333333333333,
    0.9630444444444445
  ],
  "val_loss": [
    1.8566079032897949,
    1.5975445205688477,
    1.4156140998840332,
    1.294485785484314,
    1.1886750455856323,
    1.1366915197372436,
    1.0851328327178955,
    1.068963175201416,
    1.0640433771133422,
    1.0294235233306885,
    0.9962482841491699,
    0.9995388023376465,
    0.9604292815208435,
    0.9489116526603699,
    0.9179462886810302,
    0.893110582447052,
    0.9167248439788819,
    0.9322132691383361,
    0.9225891708374023,
    0.9180427589416504,
    0.9116453098297119,
    0.8879196744918824,
    0.9030865619659424,
    0.9121945099830627,
    0.8977250177383422,
    0.8761414757728576,
    0.8701739258766175,
    0.8919410882949829,
    0.8729274963378906,
    0.8702053737640381,
    0.8542118473052979,
    0.8571903561592102,
    0.8416355939865112,
    0.8353441552162171,
    0.856805780506134,
    0.8272044327735901,
    0.827705157661438,
    0.8471794639587402,
    0.8486609083175659,
    0.8222029896736145,
    0.8192007797241211,
    0.8122974472045899,
    0.8162249601364135,
    0.8140648342132568,
    0.8295527069091797,
    0.819525284576416,
    0.8267661393165588,
    0.7917443969726562,
    0.8417136797904968,
    0.8055183717727661,
    0.8012167560577392,
    0.807565183544159,
    0.7986541932106018,
    0.7941434694290161,
    0.817711427974701,
    0.7983463740348816,
    0.8083314828872681,
    0.7991187440872193,
    0.80515179271698,
    0.793296284198761,
    0.7966807167053223,
    0.797260634803772,
    0.7722903063774109,
    0.7818704853057862,
    0.7915778059005737,
    0.7766890904426574,
    0.7881696857452393,
    0.7848268879890442,
    0.7880183252334595,
    0.7684670555114747,
    0.7740851011276245,
    0.7873292916297913,
    0.7717625694274902,
    0.7744953060150146,
    0.7804228539466858,
    0.7776760569572448,
    0.7827695712089539,
    0.7720892629623413,
    0.7834250027656555,
    0.7765310163497925,
    0.7783856340408325,
    0.7823466197013855,
    0.7852874824523925,
    0.7827976054191589,
    0.7836852725982666,
    0.7778487573623657,
    0.7815637357711792,
    0.7790765478134155,
    0.7806642754554749,
    0.7778006155014038,
    0.7773853056907654,
    0.7732120588302612,
    0.7769061309814453,
    0.7804111276626587,
    0.7778455861091613,
    0.7765233819961548,
    0.7773459058761597,
    0.7791611325263977,
    0.7797858368873596,
    0.7797577945709229
  ],