{
  "train_loss": [
    2.693288368455384,
    2.6679409177017157,
    2.6165514372037175,
    2.515639667625313,
    2.473905579414656,
    2.4402224574532068,
    2.4139025623726575,
    2.3837100157677167,
    2.3945965519879637,
    2.363009190583205,
    2.343459654283095,
    2.32730764333508,
    2.349585888371142,
    2.326105638902538,
    2.3168381290597755,
    2.310185499056542,
    2.310559666121042,
    2.306572580977209,
    2.281653389332552,
    2.2933328778797843,
    2.282045863844179,
    2.2831753266594355,
    2.269596301762442,
    2.274827384839848,
    2.258348267922579,
    2.2701297886653684,
    2.268581649844378,
    2.258845776009019,
    2.2608041538735573,
    2.245886616552371,
    2.25921300414695,
    2.2395844649397496,
    2.240051422238911,
    2.2558104634982503,
    2.2408695933446916,
    2.237492197400683,
    2.2493341145679446,
    2.2268155268634695,
    2.244561040862508,
    2.2234080357712855,
    2.2300317586531597,
    2.2368425363410265,
    2.24419575096861,
    2.2359981329818415,
    2.225382899087966,
    2.2215783250336982,
    2.2240668021953787,
    2.2074465871418663,
    2.2216344726260897,
    2.219241580048522,
    2.217941732877533,
    2.2084381538501083,
    2.215206059406466,
    2.2485698392970663,
    2.2281043085133927,
    2.2050684876426305,
    2.2045555556400602,
    2.19825555728032,
    2.200342739599823,
    2.2145931314636065,
    2.214197251703832,
    2.196809952790206,
    2.1974026991124327,
    2.2021927151340415,
    2.2139334503076924,
    2.1820374241191005,
    2.2000396511975615,
    2.2134917586408123,
    2.2211524315664324,
    2.1854940236201723,
    2.1830766439369813,
    2.1770256646301807,
    2.178706565817872,
    2.1807655078700936,
    2.1871776844170014,
    2.180588294286879,
    2.1920745454774324,
    2.201833050108439,
    2.180507119242604,
    2.172241058331916,
    2.200313909342681,
    2.175132420462141,
    2.175375125148556,
    2.172174475511845,
    2.19496744410941,
    2.170298365395199,
    2.1715705120837416,
    2.166846792487287,
    2.185134097616904,
    2.170192321067838,
    2.1939653220965414,
    2.16537223693153,
    2.2000878727417352,
    2.185770949436796,
    2.1715300298543534,
    2.159623907281683,
    2.1811305967227224,
    2.1888611392558377,
    2.1861800917106464,
    2.177079163282255
  ],
  "train_acc": [
    0.11117453974596832,
    0.10917653774796632,
    0.07007278435849865,
    0.0413871842443271,
    0.061509918652775795,
    0.08206079634651063,
    0.08619951477094334,
    0.08391608391608392,
    0.0897673754816612,
    0.11873840445269017,
    0.12987012987012986,
    0.14842300556586271,
    0.16169544740973313,
    0.1686884544027401,
    0.1896674753817611,
    0.1776794633937491,
    0.16968745540174113,
    0.18196089624661052,
    0.17482517482517482,
    0.14785214785214784,
    0.18395889824461253,
    0.17710860568003425,
    0.16212359069501928,
    0.16726131011845297,
    0.1998001998001998,
    0.20122734408448695,
    0.18709861567004424,
    0.18039103753389468,
    0.19337805052090767,
    0.18181818181818182,
    0.18438704152989868,
    0.21036106750392464,
    0.2070786356500642,
    0.1755387469673184,
    0.2039389182246325,
    0.1986584843727701,
    0.20279720279720279,
    0.1928071928071928,
    0.19737405451691167,
    0.1846724703867561,
    0.20008562865705723,
    0.19823034108748394,
    0.2106464963607821,
    0.19723134008848295,
    0.1989439132296275,
    0.19608962466105323,
    0.1976594833737691,
    0.19551876694733838,
    0.21050378193235336,
    0.21164549735978308,
    0.2150706436420722,
    0.19851576994434136,
    0.21364349935778507,
    0.2333380904809476,
    0.2049379192236335,
    0.19537605251890966,
    0.21250178393035535,
    0.19851576994434136,
    0.20137005851291565,
    0.20208363065505922,
    0.20565149136577707,
    0.20137005851291565,
    0.21335807050092764,
    0.2160696446410732,
    0.2007992007992008,
    0.21250178393035535,
    0.21078921078921078,
    0.21635507349793065,
    0.22077922077922077,
    0.20536606250891964,
    0.22049379192236335,
    0.2320536606250892,
    0.22263450834879406,
    0.22234907949193664,
    0.22163550734979307,
    0.21920936206650493,
    0.2097902097902098,
    0.2179249322106465,
    0.22520336806051092,
    0.21678321678321677,
    0.21635507349793065,
    0.22077922077922077,
    0.21935207649493363,
    0.22363350934779505,
    0.21578421578421578,
    0.2249179392036535,
    0.22820037105751392,
    0.22648779791636933,
    0.22035107749393465,
    0.22477522477522477,
    0.21435707149992864,
    0.22748679891537035,
    0.21164549735978308,
    0.2199229342086485,
    0.2199229342086485,
    0.22862851434280004,
    0.2209219352076495,
    0.22163550734979307,
    0.22049379192236335,
    0.2209219352076495
  ],
  "val_loss": [
    2.6788042026645282,
    2.6558660129725875,
    2.5382409000681974,
    2.4439340184478913,
    2.430288531131307,
    2.389423771370444,
    2.431357141743866,
    2.351732873964167,
    2.3266013267627383,
    2.278125029855806,
    2.452176477474087,
    2.358301536868125,
    2.3697553465397263,
    2.276450121034297,
    2.3049648188403693,
    2.5261486268352535,
    2.3069298452774762,
    2.4547635020905454,
    2.4503399926429967,
    2.387103097388894,
    2.322483736876833,
    2.275079661090733,
    2.4438056608259022,
    2.4358920998730187,
    2.294222927759081,
    2.347426865654714,
    2.3879758425034647,
    2.3171820139005437,
    2.3237040962797337,
    2.265328645943882,
    2.316197493497063,
    2.270625126326191,
    2.3737371001143757,
    2.3317140760355195,
    2.264439174922133,
    2.343904467665424,
    2.3019271564863972,
    2.3333570707593103,
    2.246814135896601,
    2.3305592087662945,
    2.298370231540942,
    2.234181616622453,
    2.3699608172400524,
    2.2834040911818074,
    2.217346464054416,
    2.3316496792486157,
    2.2381529674929372,
    2.3001108873163836,
    2.31297034209414,
    2.270924584340241,
    2.31632658467811,
    2.2887598457982983,
    2.254926905674806,
    2.284178245816369,
    2.2960049675801697,
    2.2717767669814655,
    2.2202022553441054,
    2.2402021404753176,
    2.2131633749036705,
    2.255136801737731,
    2.2918921453527297,
    2.2277903537807293,
    2.2587127274316425,
    2.239316737782563,
    2.2446472017263486,
    2.250592166381486,
    2.237405261632096,
    2.2277155659372285,
    2.2279322477779977,
    2.272403679721258,
    2.257471152103078,
    2.2657686485012887,
    2.251796411017953,
    2.243499163021951,
    2.255007612622034,
    2.2700376097012613,
    2.2808291767078526,
    2.237179264589654,
    2.264046224734838,
    2.2459914710443254,
    2.277604958352634,
    2.257464279087329,
    2.245121178574719,
    2.25262463746494,
    2.2546308506521604,
    2.244028935522762,
    2.252061240575606,
    2.258258456366131,
    2.2402018369254417,
    2.2451030121724367,
    2.2434443733390284,
    2.24877860586522,
    2.247668977986542,
    2.2471343453598402,
    2.251681055647069,
    2.2474642862470176,
    2.2483731404853127,
    2.2506019253792577,
    2.247717894442892,
    2.2433331328874098
  ],