{
  "weighted_f1": {
    "mean": 0.1333040766898556,
    "std": NaN,
    "min": 0.1333040766898556,
    "max": 0.1333040766898556,
    "values": [
      0.1333040766898556
    ]
  },
  "macro_f1": {
    "mean": 0.27498929597371463,
    "std": NaN,
    "min": 0.27498929597371463,
    "max": 0.27498929597371463,
    "values": [
      0.27498929597371463
    ]
  },
  "weighted_accuracy": {
    "mean": 0.1456359102244389,
    "std": NaN,
    "min": 0.1456359102244389,
    "max": 0.1456359102244389,
    "values": [
      0.1456359102244389
    ]
  },
  "mean_auc": {
    "mean": 0.8768552404535513,
    "std": NaN,
    "min": 0.8768552404535513,
    "max": 0.8768552404535513,
    "values": [
      0.8768552404535513
    ]
  },
  "best_seed_idx": 0,
  "n_runs": 1
}