{
  "weighted_f1": {
    "mean": 0.8550526915519105,
    "std": NaN,
    "min": 0.8550526915519105,
    "max": 0.8550526915519105,
    "values": [
      0.8550526915519105
    ]
  },
  "macro_f1": {
    "mean": 0.8192170101274752,
    "std": NaN,
    "min": 0.8192170101274752,
    "max": 0.8192170101274752,
    "values": [
      0.8192170101274752
    ]
  },
  "weighted_accuracy": {
    "mean": 0.8525641025641025,
    "std": NaN,
    "min": 0.8525641025641025,
    "max": 0.8525641025641025,
    "values": [
      0.8525641025641025
    ]
  },
  "mean_auc": {
    "mean": 0.897451963241437,
    "std": NaN,
    "min": 0.897451963241437,
    "max": 0.897451963241437,
    "values": [
      0.897451963241437
    ]
  },
  "best_seed_idx": 0,
  "n_runs": 1
}