{
  "weighted_f1": 0.5450384820864889,
  "macro_f1": 0.3908277841934397,
  "weighted_accuracy": 0.456359102244389,
  "weighted_precision": 0.7826088955201282,
  "weighted_recall": 0.456359102244389,
  "per_class_auc": [
    0.8763420694828636,
    0.914014884689596,
    0.8619505984211867,
    0.8347738340718642,
    0.8410865002793254,
    0.9075552770365579,
    0.977994555353902
  ],
  "mean_auc": 0.8876739599050423,
  "confusion_matrix": [
    [
      29,
      17,
      5,
      9,
      5,
      1,
      0
    ],
    [
      11,
      50,
      1,
      24,
      2,
      3,
      12
    ],
    [
      20,
      19,
      72,
      64,
      33,
      8,
      4
    ],
    [
      3,
      2,
      1,
      17,
      0,
      0,
      0
    ],
    [
      14,
      6,
      15,
      43,
      120,
      14,
      11
    ],
    [
      8,
      18,
      35,
      458,
      153,
      599,
      70
    ],
    [
      0,
      0,
      0,
      1,
      0,
      0,
      28
    ]
  ],
  "report": "              precision    recall  f1-score   support\n\n           0       0.34      0.44      0.38        66\n           1       0.45      0.49      0.47       103\n           2       0.56      0.33      0.41       220\n           3       0.03      0.74      0.05        23\n           4       0.38      0.54      0.45       223\n           5       0.96      0.45      0.61      1341\n           6       0.22      0.97      0.36        29\n\n    accuracy                           0.46      2005\n   macro avg       0.42      0.56      0.39      2005\nweighted avg       0.78      0.46      0.55      2005\n",
  "seed": 0
}