{
  "weighted_f1": {
    "mean": 0.8997098646034815,
    "std": NaN,
    "min": 0.8997098646034815,
    "max": 0.8997098646034815,
    "values": [
      0.8997098646034815
    ]
  },
  "macro_f1": {
    "mean": 0.8909262841177734,
    "std": NaN,
    "min": 0.8909262841177734,
    "max": 0.8909262841177734,
    "values": [
      0.8909262841177734
    ]
  },
  "weighted_accuracy": {
    "mean": 0.9022435897435898,
    "std": NaN,
    "min": 0.9022435897435898,
    "max": 0.9022435897435898,
    "values": [
      0.9022435897435898
    ]
  },
  "mean_auc": {
    "mean": 0.9742055665132588,
    "std": NaN,
    "min": 0.9742055665132588,
    "max": 0.9742055665132588,
    "values": [
      0.9742055665132588
    ]
  },
  "best_seed_idx": 0,
  "n_runs": 1
}