{
  "weighted_f1": {
    "mean": 0.4629965203964247,
    "std": NaN,
    "min": 0.4629965203964247,
    "max": 0.4629965203964247,
    "values": [
      0.4629965203964247
    ]
  },
  "macro_f1": {
    "mean": 0.46299652039642475,
    "std": NaN,
    "min": 0.46299652039642475,
    "max": 0.46299652039642475,
    "values": [
      0.46299652039642475
    ]
  },
  "weighted_accuracy": {
    "mean": 0.4786,
    "std": NaN,
    "min": 0.4786,
    "max": 0.4786,
    "values": [
      0.4786
    ]
  },
  "mean_auc": {
    "mean": 0.9633397272727273,
    "std": NaN,
    "min": 0.9633397272727273,
    "max": 0.9633397272727273,
    "values": [
      0.9633397272727273
    ]
  },
  "best_seed_idx": 0,
  "n_runs": 1
}