{
  "weighted_f1": {
    "mean": 0.8667671629501653,
    "std": NaN,
    "min": 0.8667671629501653,
    "max": 0.8667671629501653,
    "values": [
      0.8667671629501653
    ]
  },
  "macro_f1": {
    "mean": 0.8375398706013172,
    "std": NaN,
    "min": 0.8375398706013172,
    "max": 0.8375398706013172,
    "values": [
      0.8375398706013172
    ]
  },
  "weighted_accuracy": {
    "mean": 0.8672701949860724,
    "std": NaN,
    "min": 0.8672701949860724,
    "max": 0.8672701949860724,
    "values": [
      0.8672701949860724
    ]
  },
  "mean_auc": {
    "mean": 0.9840444319990969,
    "std": NaN,
    "min": 0.9840444319990969,
    "max": 0.9840444319990969,
    "values": [
      0.9840444319990969
    ]
  },
  "best_seed_idx": 0,
  "n_runs": 1
}