{
  "weighted_f1": 0.822998268349327,
  "macro_f1": 0.8229982683493271,
  "weighted_accuracy": 0.8216,
  "weighted_precision": 0.8285062243862874,
  "weighted_recall": 0.8216,
  "per_class_auc": [
    0.9864148888888888,
    0.9965887777777778,
    0.9701415555555555,
    0.9541968888888889,
    0.9777252222222221,
    0.9704702222222221,
    0.988576,
    0.988420111111111,
    0.9937705555555557,
    0.9923614444444445
  ],
  "mean_auc": 0.9818665666666666,
  "confusion_matrix": [
    [
      889,
      15,
      16,
      17,
      6,
      0,
      2,
      6,
      37,
      12
    ],
    [
      8,
      951,
      2,
      3,
      1,
      2,
      1,
      2,
      7,
      23
    ],
    [
      87,
      0,
      744,
      57,
      34,
      35,
      24,
      14,
      3,
      2
    ],
    [
      22,
      1,
      59,
      713,
      25,
      134,
      20,
      15,
      10,
      1
    ],
    [
      30,
      2,
      64,
      76,
      719,
      41,
      15,
      47,
      5,
      1
    ],
    [
      14,
      1,
      25,
      138,
      18,
      772,
      6,
      22,
      2,
      2
    ],
    [
      11,
      3,
      39,
      80,
      20,
      22,
      820,
      0,
      2,
      3
    ],
    [
      20,
      2,
      25,
      33,
      15,
      48,
      1,
      852,
      0,
      4
    ],
    [
      64,
      14,
      7,
      2,
      2,
      3,
      2,
      3,
      897,
      6
    ],
    [
      29,
      69,
      4,
      18,
      0,
      4,
      1,
      1,
      15,
      859
    ]
  ],
  "report": "              precision    recall  f1-score   support\n\n           0       0.76      0.89      0.82      1000\n           1       0.90      0.95      0.92      1000\n           2       0.76      0.74      0.75      1000\n           3       0.63      0.71      0.67      1000\n           4       0.86      0.72      0.78      1000\n           5       0.73      0.77      0.75      1000\n           6       0.92      0.82      0.87      1000\n           7       0.89      0.85      0.87      1000\n           8       0.92      0.90      0.91      1000\n           9       0.94      0.86      0.90      1000\n\n    accuracy                           0.82     10000\n   macro avg       0.83      0.82      0.82     10000\nweighted avg       0.83      0.82      0.82     10000\n",
  "seed": 0
}