{
  "train_loss": [
    2.1297501403596666,
    1.8611274402194553,
    1.73312675014072,
    1.617626199192471,
    1.5420855358547634,
    1.490399018266466,
    1.4331523733350966,
    1.3891033250172933,
    1.3504346999698216,
    1.3235422339545355,
    1.295579349178738,
    1.2720388417349922,
    1.25495516105228,
    1.2347200550503201,
    1.219243528366089,
    1.2037418431388007,
    1.189302392662896,
    1.1689672540452745,
    1.1670115855958727,
    1.1509963584899903,
    1.1434993512047662,
    1.1329143567827014,
    1.1239733074612088,
    1.114836147181193,
    1.1078091289944119,
    1.1068282565010918,
    1.0958647933536105,
    1.087433688460456,
    1.0782629867447746,
    1.0737775361378987,
    1.0700080566830106,
    1.0639470395406088,
    1.056662677383423,
    1.0516360875023736,
    1.0433229087723626,
    1.039320436053806,
    1.0346477868609958,
    1.0291769063737657,
    1.0256494316313003,
    1.0198267568906147,
    1.0145220179981655,
    1.0153497537400988,
    1.0061511778301664,
    1.000294222471449,
    0.9952036020490859,
    0.9912287844022115,
    0.9928712649451362,
    0.9856019403033787,
    0.9775977388805813,
    0.9765724868138631,
    0.9798293643315633,
    0.9708771060095893,
    0.966528570429484,
    0.9599694941838582,
    0.9565478514035543,
    0.9518614175796509,
    0.9466869776725769,
    0.9411283151626587,
    0.9437081439336141,
    0.9365696668412951,
    0.9336717890633477,
    0.9286375655810039,
    0.9255117687649197,
    0.9241766666624281,
    0.9152865995407105,
    0.9177651936001248,
    0.9163342781066894,
    0.9096042396757338,
    0.9042808156543308,
    0.9038860381444295,
    0.8990803745057848,
    0.8956271631240845,
    0.8974606925328572,
    0.8913674643198649,
    0.8903914927800496,
    0.8869953461964926,
    0.8867209162924025,
    0.8806774255540636,
    0.8834449939197964,
    0.8781567244847616,
    0.8759918837653266,
    0.8758301328870985,
    0.8717231472015381,
    0.8687664458062914,
    0.8664303235371907,
    0.8659661897447374,
    0.8659431152767605,
    0.8637203795115153,
    0.8632390800264147,
    0.8609794537120395,
    0.8618130188200209,
    0.8607105083041721,
    0.8587961780760023,
    0.8602430917316013,
    0.8543353879186842,
    0.8563827522913615,
    0.8548825691435072,
    0.8530858833418952,
    0.859928921869066,
    0.8542224524180094
  ],
  "train_acc": [
    0.20475555555555555,
    0.3352222222222222,
    0.42184444444444447,
    0.4899777777777778,
    0.5375333333333333,
    0.5671111111111111,
    0.5954222222222222,
    0.6213111111111111,
    0.6416444444444445,
    0.6548444444444445,
    0.6704888888888889,
    0.6846222222222222,
    0.6943111111111111,
    0.7009333333333333,
    0.7086222222222223,
    0.7188444444444444,
    0.7263333333333334,
    0.7347111111111111,
    0.7378,
    0.7437111111111111,
    0.7509333333333333,
    0.7535777777777778,
    0.7597333333333334,
    0.7628,
    0.7654888888888889,
    0.7679555555555555,
    0.7754444444444445,
    0.7741333333333333,
    0.7814444444444445,
    0.7819777777777778,
    0.7846888888888889,
    0.7872888888888889,
    0.7907555555555555,
    0.7922666666666667,
    0.7962222222222223,
    0.8006222222222222,
    0.8010444444444444,
    0.8008,
    0.8065777777777777,
    0.8065333333333333,
    0.8095111111111111,
    0.8109111111111111,
    0.8144,
    0.8173333333333334,
    0.8184888888888889,
    0.8203777777777778,
    0.8223777777777778,
    0.8247333333333333,
    0.8253555555555555,
    0.8268222222222222,
    0.8267777777777777,
    0.8306888888888889,
    0.8332888888888889,
    0.8359111111111112,
    0.8370222222222222,
    0.8396666666666667,
    0.8412666666666667,
    0.8455333333333334,
    0.8441777777777778,
    0.8459555555555556,
    0.8478666666666667,
    0.8511555555555556,
    0.8524,
    0.853,
    0.8570666666666666,
    0.8542888888888889,
    0.8574888888888889,
    0.8600444444444444,
    0.8610222222222222,
    0.8627555555555556,
    0.8642444444444445,
    0.8649333333333333,
    0.8645333333333334,
    0.8688,
    0.8678222222222223,
    0.8680666666666667,
    0.8700888888888889,
    0.8724666666666666,
    0.8716888888888888,
    0.8735555555555555,
    0.8738,
    0.8745777777777778,
    0.8756888888888889,
    0.8786666666666667,
    0.8789111111111111,
    0.8801333333333333,
    0.8780888888888889,
    0.8804222222222222,
    0.8810222222222223,
    0.8812,
    0.8812444444444445,
    0.8816888888888889,
    0.8822,
    0.8828,
    0.8858,
    0.8834666666666666,
    0.8841555555555556,
    0.8844888888888889,
    0.8819777777777777,
    0.8845333333333333
  ],
  "val_loss": [
    1.9290166276931762,
    1.7514661291122438,
    1.5912443222045898,
    1.5232830696105957,
    1.4201203357696532,
    1.3760080293655395,
    1.3241423906326293,
    1.2481113708496094,
    1.2285745523452758,
    1.2017840252876282,
    1.1952505142211913,
    1.1595430597305298,
    1.1287410853385926,
    1.1197801747322083,
    1.1102044385910035,
    1.0950056071281433,
    1.1006445177078248,
    1.0634603260040283,
    1.0656974962234498,
    1.0563348031044006,
    1.0670651383399963,
    1.0686177881240844,
    1.0376887683868408,
    1.0292818395614625,
    1.0192069812774658,
    1.0040501279830933,
    1.004612953186035,
    1.0290066957473756,
    1.0236742990493775,
    1.0090745569229127,
    0.9954125509262085,
    0.9580116624832153,
    0.9943417757034302,
    0.9691899654388427,
    0.996562407875061,
    0.9694215925216675,
    0.9902823073387146,
    0.9831487589836121,
    1.0074281675338745,
    0.9459116033554077,
    0.9659963163375854,
    0.9480291742324829,
    0.9520834441184998,
    0.9383193442344665,
    0.9583689109802246,
    0.9666789890289307,
    0.9825643020629883,
    0.9346309041023254,
    0.9376696955680848,
    0.9354325213432312,
    0.9380932955741882,
    0.9211951539993286,
    0.937665769958496,
    0.9510946027755738,
    0.9385023350715638,
    0.9195204923629761,
    0.9324616539001465,
    0.9153140169143676,
    0.9081227863311767,
    0.912309595489502,
    0.91625354013443,
    0.9207869110107422,
    0.9358884226799011,
    0.9272034549713135,
    0.9292465305328369,
    0.9171710027694702,
    0.9119737003326416,
    0.9164750424385071,
    0.9212041748046875,
    0.8993668514251709,
    0.9250755545616149,
    0.8901767154693604,
    0.9058656280517579,
    0.9135926535606385,
    0.9025412809371949,
    0.908989837551117,
    0.8954729066848754,
    0.9092469030380249,
    0.9060905862808227,
    0.8961663209915162,
    0.9016023692131042,
    0.8887225316047669,
    0.895430469417572,
    0.8953821935653686,
    0.8909460256576538,
    0.8910618663787842,
    0.8967594572067261,
    0.8969193759918213,
    0.8919969396591186,
    0.8931459266662598,
    0.8945564451217651,
    0.8953965286254882,
    0.892663307762146,
    0.889809425163269,
    0.8886356359481812,
    0.889130668926239,
    0.8938672916412354,
    0.8903868932724,
    0.8911511303901672,
    0.8868937629699707
  ],