{
  "weighted_f1": {
    "mean": 0.7832878529337078,
    "std": NaN,
    "min": 0.7832878529337078,
    "max": 0.7832878529337078,
    "values": [
      0.7832878529337078
    ]
  },
  "macro_f1": {
    "mean": 0.7832878529337078,
    "std": NaN,
    "min": 0.7832878529337078,
    "max": 0.7832878529337078,
    "values": [
      0.7832878529337078
    ]
  },
  "weighted_accuracy": {
    "mean": 0.7824,
    "std": NaN,
    "min": 0.7824,
    "max": 0.7824,
    "values": [
      0.7824
    ]
  },
  "mean_auc": {
    "mean": 0.9748747555555555,
    "std": NaN,
    "min": 0.9748747555555555,
    "max": 0.9748747555555555,
    "values": [
      0.9748747555555555
    ]
  },
  "best_seed_idx": 0,
  "n_runs": 1
}