{
  "train_loss": [
    1.4343246196533417,
    1.3683029271846188,
    1.1796659150714963,
    1.0487373928311243,
    1.0108659514792895,
    0.9697336454491515,
    0.9663205122461125,
    0.9409777329586296,
    0.9163761038029604,
    0.9025888984683442,
    0.8810486963391729,
    0.8504077149761102,
    0.8423003830803568,
    0.826731508675087,
    0.7968592878770808,
    0.7942032860811314,
    0.7927165376369362,
    0.7778662547109741,
    0.7701112018241273,
    0.7534582217137415,
    0.7638111142658279,
    0.7336177949781542,
    0.7317629503900968,
    0.7099685124618037,
    0.7093368898500334,
    0.7005387120926042,
    0.7115526801937229,
    0.6839723899988164,
    0.6895628813178355,
    0.6674587918498367,
    0.6698748763165256,
    0.6628554629177106,
    0.6669464285625138,
    0.666814435254801,
    0.6374657049454006,
    0.6346952723966816,
    0.6393445634426804,
    0.6465188523102405,
    0.6363169928581752,
    0.6359103500579348,
    0.6289516972273959,
    0.6302458192476349,
    0.6294829924538385,
    0.6252893105763859,
    0.6273291094149674,
    0.6241551758441024,
    0.6282733920060467,
    0.6161499705994471,
    0.6137338734836777,
    0.6024321308740964
  ],
  "train_acc": [
    0.1554160125588697,
    0.2373340944769516,
    0.3482232053660625,
    0.37790780647923505,
    0.40559440559440557,
    0.42657342657342656,
    0.449835878407307,
    0.4723847580990438,
    0.4872270586556301,
    0.49664621093192524,
    0.5059226487797917,
    0.5246182389039532,
    0.5324675324675324,
    0.5457399743114029,
    0.5565862708719852,
    0.5729984301412873,
    0.5717140002854288,
    0.5779934351362923,
    0.5872698729841587,
    0.5932638789781647,
    0.5905523048380191,
    0.6073926073926074,
    0.6089624661053232,
    0.6263736263736264,
    0.6155273298130441,
    0.6236620522334808,
    0.621093192521764,
    0.6429285000713573,
    0.6343656343656343,
    0.6377907806479235,
    0.6517767946339375,
    0.6464963607820751,
    0.6514913657770801,
    0.6529185100613673,
    0.6590552304838019,
    0.6649065220493792,
    0.6583416583416584,
    0.6549165120593692,
    0.6619095190523762,
    0.6646210931925217,
    0.6727558156129585,
    0.6681889539032396,
    0.6710432424718139,
    0.6827458256029685,
    0.6737548166119595,
    0.6748965320393892,
    0.6690452404738119,
    0.677465391751106,
    0.6773226773226774,
    0.6856001141715428
  ],
  "val_loss": [
    1.4342726321662531,
    1.7269494070013167,
    1.6089639812262204,
    1.2412181487706224,
    1.0712843523662563,
    1.3031227879842757,
    1.426229648076644,
    0.8669706872429472,
    0.8421569800567057,
    0.7313243781819063,
    0.612169986767165,
    0.6981299761998452,
    0.7300081136576081,
    0.9558196881951269,
    0.9728987185453489,
    0.8148949714981072,
    0.695733458903114,
    0.7037249816616892,
    0.8547350649581711,
    0.7140277089887221,
    0.8110385562106596,
    0.8211702858343913,
    0.7040173075610358,
    0.7485918839455602,
    0.7650889864234126,
    0.7438901501781087,
    0.7990511548840037,
    0.6656865077028246,
    0.6887595019454614,
    0.6963094309462626,
    0.6747623837124909,
    0.6569310803475195,
    0.6618245718842846,
    0.7019093520976492,
    0.7068098975440203,
    0.6829574635235642,
    0.709177793023118,
    0.6396576339677942,
    0.7109030277160918,
    0.6585617058892788,
    0.6466005206821209,
    0.6605652932036791,
    0.6545353405259304,
    0.6497455613087799,
    0.6567679202093084,
    0.6591510701393439,
    0.6469568978040549,
    0.6580784694028875,
    0.6423704103006799,
    0.6404230242236661
  ],
  "val_acc": [
    0.11465603190428714,
    0.045862412761714856,
    0.34496510468594216,
    0.34995014955134596,
    0.5124626121635095,
    0.3698903290129611,
    0.3469591226321037,
    0.4995014955134596,
    0.5473579262213359,
    0.6450648055832503,
    0.6949152542372882,
    0.6570289132602194,
    0.6161515453639083,
    0.4985044865403789,
    0.5164506480558325,
    0.5613160518444666,
    0.6410767696909272,
    0.646061814556331,
    0.5353938185443669,
    0.6211365902293121,
    0.5613160518444666,
    0.5742771684945165,
    0.6281156530408774,
    0.6141575274177468,
    0.6071784646061814,
    0.613160518444666,
    0.5682951146560319,
    0.6510468594217348,
    0.6370887337986042,
    0.6141575274177468,
    0.6291126620139581,
    0.6530408773678963,
    0.6420737786640079,
    0.6221335992023929,
    0.6251246261216351,
    0.6410767696909272,
    0.6231306081754736,
    0.6689930209371885,
    0.6291126620139581,
    0.6520438683948155,
    0.6520438683948155,
    0.6550348953140578,
    0.6530408773678963,
    0.646061814556331,
    0.6520438683948155,
    0.654037886340977,
    0.6669990029910269,
    0.6520438683948155,
    0.6699900299102692,
    0.6640079760717846
  ],
  "best_val_loss": 0.612169986767165,
  "total_time_s": 870.9627847671509,
  "stopped_epoch": 50
}