{
  "train_loss": [
    1.4390311163741272,
    1.40356865702605,
    1.253872981880605,
    1.1002703549366153,
    1.025373555342379,
    0.9863816934474375,
    0.9437895831051882,
    0.9064928204420887,
    0.8931037706043983,
    0.892546362146699,
    0.8517508791485543,
    0.8521501290248671,
    0.8302765585938279,
    0.8392602536942695,
    0.7932203791443319,
    0.7978453914415178,
    0.7801757281595891,
    0.7768519076297946,
    0.7676964462594535,
    0.7413809728789162,
    0.7307299236538782,
    0.7283092847696568,
    0.7307544262497337,
    0.7218701122438957,
    0.70419425452778,
    0.7017858263870203,
    0.6836939873020983,
    0.6919247466282377,
    0.6878766072482037,
    0.6740968278595261,
    0.6704430552408157,
    0.6615374329274878,
    0.6622792198431038,
    0.6662299260699122,
    0.6591173580459441,
    0.6512556858982801,
    0.6395288782298727,
    0.6654281721095378,
    0.6531328050746921,
    0.6401168605698419,
    0.6419823479427834,
    0.6403428903996595,
    0.6307768941742217,
    0.6486504746177524,
    0.6295295024676927,
    0.6215880702374511,
    0.6348825398297185,
    0.6309946194276228,
    0.6334727542434726,
    0.6276968994459787
  ],
  "train_acc": [
    0.13971742543171115,
    0.17211360068502926,
    0.2794348508634223,
    0.37962037962037964,
    0.42286285143428,
    0.4589696018267447,
    0.46553446553446554,
    0.5046382189239332,
    0.5084915084915085,
    0.5096332239189382,
    0.5259026687598116,
    0.5304695304695305,
    0.5477379763094049,
    0.5463108320251178,
    0.5622948480091338,
    0.5735692878550022,
    0.5757100042814328,
    0.5865563008420152,
    0.5848437277008706,
    0.6065363208220351,
    0.6083916083916084,
    0.6096760382474669,
    0.6153846153846154,
    0.6129584701013272,
    0.6307977736549165,
    0.6320822035107749,
    0.6335093477950621,
    0.6332239189382046,
    0.6346510632224918,
    0.6442129299272157,
    0.6467817896389325,
    0.6542029399172257,
    0.6527757956329385,
    0.6450692164977879,
    0.6494933637790781,
    0.6537747966319395,
    0.6621949479092336,
    0.6494933637790781,
    0.6584843727700871,
    0.6661909519052376,
    0.6621949479092336,
    0.6647638076209504,
    0.6700442414728129,
    0.6522049379192236,
    0.673041244469816,
    0.669473383759098,
    0.6676180961895247,
    0.6800342514628229,
    0.6679035250463822,
    0.6666190951905238
  ],
  "val_loss": [
    1.26750581880153,
    1.1453707631777672,
    1.1400033090549595,
    1.2095089843004556,
    0.9673271944016545,
    0.7814306903218224,
    0.7133135755777597,
    0.6574741286389968,
    0.8595300014330407,
    0.6370301499205121,
    0.7742726639403422,
    0.6860666515106931,
    0.8321417392429302,
    1.0773262036286466,
    0.9654377966911225,
    0.6966788160242326,
    0.757750578024095,
    0.8169729338804722,
    0.6494930538080507,
    0.7184577688857067,
    0.8343264994212424,
    0.7995306215400354,
    1.0596432902164021,
    1.0473417919630543,
    1.0355318409139114,
    0.8704876266828444,
    1.0429553548217652,
    0.9198683064100392,
    0.838217936092217,
    0.8878744986216545,
    0.77845804290781,
    0.9379049943071063,
    0.8598514482720662,
    0.8490489594125795,
    0.7699902108160116,
    0.8087398635663634,
    0.9572099048499453,
    0.7894235641982477,
    0.8215570995957402,
    0.8362298606043442,
    0.8479639590083662,
    0.9320105191836447,
    0.8165008131552075,
    0.8830823230957343,
    0.8488026469321931,
    0.8755694530896865,
    0.8682548811999061,
    0.8376855053906427,
    0.8551136958872452,
    0.8521281892019635
  ],
  "val_acc": [
    0.6689930209371885,
    0.67098703888335,
    0.11964107676969092,
    0.23230309072781655,
    0.5353938185443669,
    0.6400797607178464,
    0.6600199401794616,
    0.6829511465603191,
    0.5383848454636092,
    0.6859421734795613,
    0.613160518444666,
    0.6699900299102692,
    0.5952143569292123,
    0.39581256231306083,
    0.4865403788634098,
    0.6410767696909272,
    0.6071784646061814,
    0.543369890329013,
    0.6610169491525424,
    0.5982053838484547,
    0.5234297108673978,
    0.5483549351944168,
    0.37587238285144564,
    0.41774675972083747,
    0.42572283150548357,
    0.5044865403788634,
    0.4187437686939183,
    0.46360917248255235,
    0.5074775672981057,
    0.4915254237288136,
    0.5463609172482552,
    0.5004985044865404,
    0.5254237288135594,
    0.5254237288135594,
    0.5722831505483549,
    0.5603190428713859,
    0.48953140578265203,
    0.5792622133599202,
    0.5523429710867398,
    0.543369890329013,
    0.5343968095712861,
    0.4985044865403789,
    0.5503489531405783,
    0.5174476570289133,
    0.543369890329013,
    0.522432701894317,
    0.5194416749750748,
    0.5413758723828515,
    0.5214356929212363,
    0.5314057826520439
  ],
  "best_val_loss": 0.6370301499205121,
  "total_time_s": 892.2559576034546,
  "stopped_epoch": 50
}