{
  "train_loss": [
    1.4259260903756288,
    1.3523012915674282,
    1.1631002275243165,
    1.037562961761768,
    0.9891672244813041,
    0.9520696101488767,
    0.9198661233995344,
    0.9097062872125433,
    0.8925494890640376,
    0.8775974586106272,
    0.8487743761598324,
    0.8504242038563483,
    0.8476420501354708,
    0.8212538016528057,
    0.8017705469426133,
    0.7948488252418466,
    0.7886819694782947,
    0.7843058705414959,
    0.7726513142845711,
    0.7543462192908459,
    0.7599811009542738,
    0.7305956974644727,
    0.7264308967211965,
    0.7217984739768109,
    0.7228621014841651,
    0.7038463829791,
    0.7048070419101788,
    0.7044544169442433,
    0.703789606088576,
    0.694545303395493,
    0.6863252105702002,
    0.6666416192047944,
    0.6759837965524977,
    0.6607871673681162,
    0.662688605766996,
    0.6579740356238708,
    0.6579188665786346,
    0.6433559001062028,
    0.6417930407328121,
    0.6481109574294659,
    0.6464816323612154,
    0.6407973512069328,
    0.6401525451654848,
    0.6466412955366869,
    0.6403061690812991,
    0.6293546807515872,
    0.6508385175574569,
    0.6419787939594835,
    0.6373105983140721,
    0.62991577554433
  ],
  "train_acc": [
    0.155273298130441,
    0.27372627372627373,
    0.3432282003710575,
    0.40231197374054517,
    0.42528899671756815,
    0.4603967461110318,
    0.4749536178107607,
    0.4842300556586271,
    0.5009276437847866,
    0.5100613672042243,
    0.5253318110460967,
    0.5286142428999572,
    0.5269016697588126,
    0.5447409733124019,
    0.5587269872984159,
    0.5607249892964179,
    0.5654345654345654,
    0.572142143570715,
    0.5752818609961468,
    0.5909804481233053,
    0.5916940202654488,
    0.6131011845297559,
    0.608534322820037,
    0.6022548879691737,
    0.6075353218210361,
    0.6265163408020551,
    0.6296560582274868,
    0.6255173398030541,
    0.6258027686599115,
    0.6297987726559156,
    0.63707720850578,
    0.6494933637790781,
    0.6386470672184958,
    0.6490652204937919,
    0.6482089339232197,
    0.6579135150563722,
    0.6439275010703582,
    0.6611959469102326,
    0.667475381761096,
    0.6601969459112317,
    0.6556300842015128,
    0.6660482374768089,
    0.6597688026259455,
    0.6593406593406593,
    0.6624803767660911,
    0.6751819608962466,
    0.663479377765092,
    0.6711859569002426,
    0.6691879549022406,
    0.6619095190523762
  ],
  "val_loss": [
    1.4731239019814184,
    1.2281349684638254,
    1.351625347303845,
    1.7741802338945307,
    1.4817619422378236,
    1.1516616661788697,
    1.0264534457611776,
    0.9309779207704074,
    0.9021774724140719,
    0.7621646883599423,
    0.7503416850226945,
    0.6349826187697627,
    0.7049859998114444,
    0.66435622045787,
    0.6589377446997082,
    0.6518304062745388,
    0.5883414716806155,
    0.601964860292874,
    0.7066636125920183,
    0.5794071969933666,
    0.6296299006622786,
    0.6478518146579548,
    0.6134298108629548,
    0.631372165822555,
    0.5816529833545475,
    0.5942684695466328,
    0.5602355815715352,
    0.6192207606221481,
    0.6158829390230113,
    0.6217711993965765,
    0.6074659728100625,
    0.5685538676895149,
    0.5812318137255409,
    0.6132877308611618,
    0.6122385333566105,
    0.577219630999199,
    0.5870140580569997,
    0.602801689122277,
    0.5938785777372473,
    0.56867267204781,
    0.580215833954892,
    0.5697085070586276,
    0.5776617849098958,
    0.569011571400187,
    0.5803285673156693,
    0.5929649642790302,
    0.5883757952797567,
    0.5799367994159192,
    0.5824229245409295,
    0.5843858374199149
  ],
  "val_acc": [
    0.02193419740777667,
    0.3000997008973081,
    0.26021934197407776,
    0.17746759720837488,
    0.29810568295114653,
    0.36889332003988035,
    0.4835493519441675,
    0.514456630109671,
    0.5353938185443669,
    0.5882352941176471,
    0.5962113659022931,
    0.6779661016949152,
    0.5982053838484547,
    0.6490528414755733,
    0.6669990029910269,
    0.654037886340977,
    0.6949152542372882,
    0.6919242273180458,
    0.6301096709870389,
    0.7058823529411765,
    0.638085742771685,
    0.6221335992023929,
    0.6729810568295115,
    0.6530408773678963,
    0.6849451645064806,
    0.6530408773678963,
    0.6849451645064806,
    0.6610169491525424,
    0.6590229312063809,
    0.6480558325024925,
    0.6550348953140578,
    0.6799601196410767,
    0.6689930209371885,
    0.6759720837487537,
    0.6520438683948155,
    0.6739780658025922,
    0.6799601196410767,
    0.6650049850448654,
    0.6779661016949152,
    0.6869391824526421,
    0.6819541375872383,
    0.678963110667996,
    0.674975074775673,
    0.6809571286141576,
    0.6809571286141576,
    0.6660019940179461,
    0.6729810568295115,
    0.6729810568295115,
    0.6759720837487537,
    0.6739780658025922
  ],
  "best_val_loss": 0.5602355815715352,
  "total_time_s": 1311.8256616592407,
  "stopped_epoch": 50
}