{
  "train_loss": [
    1.4343973485144463,
    1.3696142143983379,
    1.215867139668068,
    1.1087796843067221,
    1.0141411716049606,
    0.9873355424436469,
    0.9593145504936234,
    0.9412682754465699,
    0.8979500933229048,
    0.8888901009851572,
    0.8706145681769392,
    0.8540852574286795,
    0.8289662255392922,
    0.8211624257673767,
    0.8003726895243053,
    0.7956265180141895,
    0.7796468431826783,
    0.7759233717148053,
    0.7903936933446954,
    0.7454307937360072,
    0.7542406348983418,
    0.7327476046693399,
    0.716934408392293,
    0.7231432603364054,
    0.7098108165458417,
    0.7115551228698147,
    0.6942339664062216,
    0.7007342123331995,
    0.6853457695580046,
    0.6582805000376357,
    0.6352380860442184,
    0.6513360061301167,
    0.6484533490256098,
    0.6599001536291745,
    0.6436313181133061,
    0.6364852864748743,
    0.6431249971734792,
    0.6376638505706199,
    0.632340513087891,
    0.6494329700511482,
    0.6159855453981998,
    0.6096595093784412,
    0.630399523651411,
    0.6239767130132032,
    0.6190296552806297,
    0.6133613576388178,
    0.6279691176865672,
    0.6169293833064747,
    0.609910333447506,
    0.6131083100621602
  ],
  "train_acc": [
    0.14285714285714285,
    0.2097902097902098,
    0.310546596260882,
    0.36377907806479237,
    0.3981732553161125,
    0.4355644355644356,
    0.45939774511203085,
    0.4682460396746111,
    0.4885114885114885,
    0.4952190666476381,
    0.5067789353503639,
    0.5204795204795205,
    0.541173112601684,
    0.54716711859569,
    0.5612958470101327,
    0.5624375624375625,
    0.5648637077208506,
    0.5789924361352933,
    0.5628657057228486,
    0.593121164549736,
    0.5869844441273012,
    0.6033966033966034,
    0.6190951905237619,
    0.6122448979591837,
    0.615099186527758,
    0.6143856143856143,
    0.6286570572284857,
    0.6235193378050521,
    0.6362209219352076,
    0.6587698016269444,
    0.6587698016269444,
    0.660482374768089,
    0.6571999429142287,
    0.6509205080633652,
    0.660054231482803,
    0.6720422434708149,
    0.6607678036249465,
    0.6619095190523762,
    0.6697588126159555,
    0.6627658056229485,
    0.6807478236049664,
    0.6807478236049664,
    0.670472384758099,
    0.6679035250463822,
    0.6726131011845298,
    0.6818895390323961,
    0.6707578136149565,
    0.6771799628942486,
    0.6746111031825317,
    0.6788925360353931
  ],
  "val_loss": [
    1.3184632131846572,
    1.287904746748752,
    1.5403476682522241,
    1.020898420218813,
    0.9241729968804068,
    1.0993504533739176,
    1.2055239470625447,
    0.8249028241289696,
    1.057699952857682,
    0.8524869651880007,
    0.8405296939795657,
    0.7680303276714275,
    0.6824890203395132,
    0.7951651299344459,
    0.7045548388275763,
    0.7147863951780028,
    0.8132042159824999,
    0.6719452493925275,
    0.6577966212037791,
    0.6613186862271424,
    0.6370510023350967,
    0.7482743256707729,
    0.7632221015001223,
    0.6373146183469359,
    0.7258759612813667,
    0.6695880031775858,
    0.652746396311972,
    0.7382912128896323,
    0.6988190050614795,
    0.6794061141380165,
    0.6764169128561542,
    0.6572836033725072,
    0.6482144800401993,
    0.6918733093222735,
    0.6335653973481472,
    0.661993872192303,
    0.649718942040817,
    0.7267415709533578,
    0.6559150597509572,
    0.7150370456048047,
    0.6876742717394919,
    0.6587801456807975,
    0.6843088317369059,
    0.6724453554196229,
    0.678304947207005,
    0.6814756694724291,
    0.6957772276693898,
    0.6940074366325157,
    0.6961330048227358,
    0.6806048155425196
  ],
  "val_acc": [
    0.654037886340977,
    0.32103688933200397,
    0.1694915254237288,
    0.5772681954137587,
    0.5882352941176471,
    0.514456630109671,
    0.3968095712861416,
    0.5712861415752741,
    0.5084745762711864,
    0.580259222333001,
    0.5902293120638086,
    0.5972083748753739,
    0.6600199401794616,
    0.5712861415752741,
    0.617148554336989,
    0.6530408773678963,
    0.5892323030907278,
    0.634097706879362,
    0.6430707876370887,
    0.6390827517447657,
    0.6470588235294118,
    0.5862412761714856,
    0.5822532402791625,
    0.638085742771685,
    0.6151545363908275,
    0.6291126620139581,
    0.6550348953140578,
    0.5752741774675972,
    0.6370887337986042,
    0.6410767696909272,
    0.6590229312063809,
    0.634097706879362,
    0.6480558325024925,
    0.5962113659022931,
    0.6600199401794616,
    0.6331006979062812,
    0.6350947158524427,
    0.6051844466600199,
    0.6470588235294118,
    0.6111665004985045,
    0.6221335992023929,
    0.638085742771685,
    0.6221335992023929,
    0.6311066799601196,
    0.6261216350947159,
    0.6211365902293121,
    0.6211365902293121,
    0.613160518444666,
    0.6181455633100698,
    0.6291126620139581
  ],
  "best_val_loss": 0.6335653973481472,
  "total_time_s": 962.7658524513245,
  "stopped_epoch": 50
}