{
  "train_loss": [
    1.4387504811870129,
    1.3979920468011222,
    1.249162725465213,
    1.0696489638858266,
    1.0075631623977905,
    0.9717114515016707,
    0.9170059651897725,
    0.8849741583274029,
    0.8612953170451353,
    0.8713997143880436,
    0.8373330818002466,
    0.8381131427917873,
    0.8023330445923852,
    0.7981942872254573,
    0.7880196123145626,
    0.7778310231769818,
    0.7628867238381458,
    0.762966883332239,
    0.7484745864131847,
    0.7287887995859279,
    0.7399144297117716,
    0.7221554934306477,
    0.7223611965114114,
    0.7060102343780432,
    0.6994701469269495,
    0.6969992996487073,
    0.6820956452590041,
    0.6865269017233154,
    0.6729390862342957,
    0.6728849693084386,
    0.6718332948843933,
    0.6563033374549829,
    0.6737422507245104,
    0.6605135850428651,
    0.6513305827539317,
    0.6596950953537887,
    0.6468588234065892,
    0.6334299764654274,
    0.6304733543520531,
    0.6296981043068407,
    0.6323956743412255,
    0.6298722317696163,
    0.6348310121799886,
    0.6406206910358748,
    0.6269793809863798,
    0.6278423509074462,
    0.6141908463455904,
    0.6169744895786298,
    0.6152716998589843,
    0.6185496876408885
  ],
  "train_acc": [
    0.15555872698729842,
    0.2007992007992008,
    0.30398173255316113,
    0.3877551020408163,
    0.41900956186670474,
    0.44170115598687026,
    0.5040673612102183,
    0.5074925074925075,
    0.5267589553303839,
    0.5160553731982304,
    0.5410303981732553,
    0.5394605394605395,
    0.5677179962894249,
    0.5695732838589982,
    0.5754245754245755,
    0.5752818609961468,
    0.5945483088340231,
    0.5948337376908805,
    0.6036820322534608,
    0.611103182531754,
    0.6072498929641786,
    0.6166690452404738,
    0.6093906093906094,
    0.6278007706579135,
    0.6306550592264878,
    0.6320822035107749,
    0.6415013557870701,
    0.6322249179392037,
    0.6353646353646354,
    0.638076209504781,
    0.6419294990723562,
    0.6484943627800771,
    0.6480662194947909,
    0.6580562294848009,
    0.6587698016269444,
    0.6613386613386614,
    0.6519195090623662,
    0.6636220921935208,
    0.673469387755102,
    0.6703296703296703,
    0.6670472384758099,
    0.6636220921935208,
    0.6671899529042387,
    0.660482374768089,
    0.6714713857571001,
    0.6711859569002426,
    0.6757528186099615,
    0.6713286713286714,
    0.6741829598972456,
    0.6699015270443842
  ],
  "val_loss": [
    1.346838464884316,
    1.1919645551194697,
    1.1927921081468804,
    0.9331886415348453,
    1.0905127230574816,
    0.7018445607791037,
    0.6968663098329562,
    0.6585297619595247,
    0.6597573919405609,
    0.6524188380655002,
    0.6605966887469306,
    0.6653189458257537,
    0.6710639590042776,
    0.6883952587932081,
    0.7008541553826299,
    0.6542793920603492,
    0.6870359721949189,
    0.6471332278945748,
    0.6544743893985615,
    0.6592722938044121,
    0.6119936463958839,
    0.6315261395954539,
    0.6403354228671978,
    0.6662344554604467,
    0.5872934934862352,
    0.7050620167110401,
    0.6533355916723059,
    0.6190479663409597,
    0.6523817264784131,
    0.6097474014414391,
    0.6072524075256149,
    0.678321616837415,
    0.6708686637022678,
    0.6918864291187298,
    0.669967095017552,
    0.6473740298869246,
    0.6054713625018879,
    0.6769797138773195,
    0.6397381468879381,
    0.6296206224238052,
    0.652449745480584,
    0.6424683530927299,
    0.6485967502399076,
    0.6470498298838037,
    0.6240017369523243,
    0.6360815853801587,
    0.6347621221128751,
    0.6456229604134412,
    0.6422874476474636,
    0.6406853207324819
  ],
  "val_acc": [
    0.6689930209371885,
    0.4835493519441675,
    0.193419740777667,
    0.5543369890329013,
    0.4107676969092722,
    0.6630109670987039,
    0.6450648055832503,
    0.6819541375872383,
    0.6769690927218345,
    0.6969092721834497,
    0.67098703888335,
    0.6400797607178464,
    0.6570289132602194,
    0.6550348953140578,
    0.6570289132602194,
    0.6729810568295115,
    0.7008973080757727,
    0.6640079760717846,
    0.6510468594217348,
    0.6480558325024925,
    0.6769690927218345,
    0.6669990029910269,
    0.6699900299102692,
    0.6281156530408774,
    0.6839481555333998,
    0.6370887337986042,
    0.6510468594217348,
    0.6729810568295115,
    0.6600199401794616,
    0.6869391824526421,
    0.7048853439680958,
    0.6490528414755733,
    0.6510468594217348,
    0.6350947158524427,
    0.650049850448654,
    0.6570289132602194,
    0.6939182452642074,
    0.6480558325024925,
    0.6640079760717846,
    0.674975074775673,
    0.6650049850448654,
    0.6689930209371885,
    0.6699900299102692,
    0.6669990029910269,
    0.6759720837487537,
    0.674975074775673,
    0.6739780658025922,
    0.6679960119641076,
    0.6689930209371885,
    0.6669990029910269
  ],
  "best_val_loss": 0.5872934934862352,
  "total_time_s": 888.8207399845123,
  "stopped_epoch": 50
}