{
  "weighted_f1": {
    "mean": 0.8919367871029968,
    "std": NaN,
    "min": 0.8919367871029968,
    "max": 0.8919367871029968,
    "values": [
      0.8919367871029968
    ]
  },
  "macro_f1": {
    "mean": 0.8919367871029967,
    "std": NaN,
    "min": 0.8919367871029967,
    "max": 0.8919367871029967,
    "values": [
      0.8919367871029967
    ]
  },
  "weighted_accuracy": {
    "mean": 0.8912,
    "std": NaN,
    "min": 0.8912,
    "max": 0.8912,
    "values": [
      0.8912
    ]
  },
  "mean_auc": {
    "mean": 0.9897495944444443,
    "std": NaN,
    "min": 0.9897495944444443,
    "max": 0.9897495944444443,
    "values": [
      0.9897495944444443
    ]
  },
  "best_seed_idx": 0,
  "n_runs": 1
}