{
  "weighted_f1": 0.8565305372736706,
  "macro_f1": 0.8565305372736708,
  "weighted_accuracy": 0.856,
  "weighted_precision": 0.8602386006676265,
  "weighted_recall": 0.856,
  "per_class_auc": [
    0.993055888888889,
    0.9981066666666667,
    0.9800892222222223,
    0.9694604444444445,
    0.9879297777777778,
    0.9779000000000001,
    0.9908743333333334,
    0.9923500000000001,
    0.9958049999999999,
    0.9962063333333334
  ],
  "mean_auc": 0.9881777666666668,
  "confusion_matrix": [
    [
      917,
      7,
      16,
      12,
      2,
      0,
      2,
      5,
      23,
      16
    ],
    [
      7,
      955,
      2,
      3,
      0,
      1,
      0,
      1,
      3,
      28
    ],
    [
      52,
      0,
      815,
      43,
      26,
      25,
      15,
      19,
      4,
      1
    ],
    [
      21,
      1,
      55,
      751,
      17,
      109,
      19,
      19,
      5,
      3
    ],
    [
      24,
      1,
      61,
      47,
      758,
      26,
      15,
      65,
      2,
      1
    ],
    [
      7,
      1,
      27,
      114,
      10,
      809,
      4,
      27,
      0,
      1
    ],
    [
      12,
      2,
      36,
      67,
      8,
      26,
      843,
      5,
      1,
      0
    ],
    [
      17,
      0,
      15,
      20,
      6,
      32,
      0,
      909,
      0,
      1
    ],
    [
      45,
      21,
      8,
      3,
      2,
      4,
      1,
      1,
      907,
      8
    ],
    [
      14,
      66,
      4,
      7,
      0,
      1,
      1,
      2,
      9,
      896
    ]
  ],
  "report": "              precision    recall  f1-score   support\n\n           0       0.82      0.92      0.87      1000\n           1       0.91      0.95      0.93      1000\n           2       0.78      0.81      0.80      1000\n           3       0.70      0.75      0.73      1000\n           4       0.91      0.76      0.83      1000\n           5       0.78      0.81      0.80      1000\n           6       0.94      0.84      0.89      1000\n           7       0.86      0.91      0.89      1000\n           8       0.95      0.91      0.93      1000\n           9       0.94      0.90      0.92      1000\n\n    accuracy                           0.86     10000\n   macro avg       0.86      0.86      0.86     10000\nweighted avg       0.86      0.86      0.86     10000\n",
  "seed": 0
}