{
  "weighted_f1": 0.840459138912785,
  "macro_f1": 0.8404591389127851,
  "weighted_accuracy": 0.8399,
  "weighted_precision": 0.8426002050714984,
  "weighted_recall": 0.8399,
  "per_class_auc": [
    0.987451,
    0.9952557777777776,
    0.9717577777777778,
    0.9601881111111111,
    0.9834265555555555,
    0.9715454444444444,
    0.9886105555555555,
    0.9898585555555556,
    0.993214111111111,
    0.993241111111111
  ],
  "mean_auc": 0.9834548999999999,
  "confusion_matrix": [
    [
      900,
      12,
      22,
      7,
      5,
      0,
      2,
      7,
      28,
      17
    ],
    [
      12,
      930,
      1,
      7,
      1,
      1,
      3,
      2,
      6,
      37
    ],
    [
      48,
      2,
      773,
      52,
      50,
      17,
      32,
      18,
      7,
      1
    ],
    [
      21,
      1,
      49,
      732,
      43,
      93,
      23,
      26,
      8,
      4
    ],
    [
      15,
      2,
      45,
      40,
      822,
      13,
      20,
      40,
      3,
      0
    ],
    [
      15,
      1,
      24,
      172,
      25,
      723,
      10,
      29,
      1,
      0
    ],
    [
      9,
      4,
      36,
      56,
      21,
      13,
      854,
      3,
      2,
      2
    ],
    [
      15,
      1,
      18,
      33,
      31,
      29,
      3,
      867,
      0,
      3
    ],
    [
      51,
      14,
      6,
      9,
      3,
      1,
      2,
      4,
      903,
      7
    ],
    [
      22,
      46,
      3,
      8,
      0,
      3,
      2,
      5,
      16,
      895
    ]
  ],
  "report": "              precision    recall  f1-score   support\n\n           0       0.81      0.90      0.85      1000\n           1       0.92      0.93      0.92      1000\n           2       0.79      0.77      0.78      1000\n           3       0.66      0.73      0.69      1000\n           4       0.82      0.82      0.82      1000\n           5       0.81      0.72      0.76      1000\n           6       0.90      0.85      0.88      1000\n           7       0.87      0.87      0.87      1000\n           8       0.93      0.90      0.91      1000\n           9       0.93      0.90      0.91      1000\n\n    accuracy                           0.84     10000\n   macro avg       0.84      0.84      0.84     10000\nweighted avg       0.84      0.84      0.84     10000\n",
  "seed": 0
}