{
  "weighted_f1": {
    "mean": 0.43532708493923883,
    "std": NaN,
    "min": 0.43532708493923883,
    "max": 0.43532708493923883,
    "values": [
      0.43532708493923883
    ]
  },
  "macro_f1": {
    "mean": 0.43532708493923883,
    "std": NaN,
    "min": 0.43532708493923883,
    "max": 0.43532708493923883,
    "values": [
      0.43532708493923883
    ]
  },
  "weighted_accuracy": {
    "mean": 0.4639,
    "std": NaN,
    "min": 0.4639,
    "max": 0.4639,
    "values": [
      0.4639
    ]
  },
  "mean_auc": {
    "mean": 0.9681874545454545,
    "std": NaN,
    "min": 0.9681874545454545,
    "max": 0.9681874545454545,
    "values": [
      0.9681874545454545
    ]
  },
  "best_seed_idx": 0,
  "n_runs": 1
}