{
  "weighted_f1": {
    "mean": 0.763614360629286,
    "std": NaN,
    "min": 0.763614360629286,
    "max": 0.763614360629286,
    "values": [
      0.763614360629286
    ]
  },
  "macro_f1": {
    "mean": 0.7273093989511901,
    "std": NaN,
    "min": 0.7273093989511901,
    "max": 0.7273093989511901,
    "values": [
      0.7273093989511901
    ]
  },
  "weighted_accuracy": {
    "mean": 0.75,
    "std": NaN,
    "min": 0.75,
    "max": 0.75,
    "values": [
      0.75
    ]
  },
  "mean_auc": {
    "mean": 0.8899331662489557,
    "std": NaN,
    "min": 0.8899331662489557,
    "max": 0.8899331662489557,
    "values": [
      0.8899331662489557
    ]
  },
  "best_seed_idx": 0,
  "n_runs": 1
}