{
  "weighted_f1": 0.7964743589743589,
  "macro_f1": 0.7291666666666667,
  "weighted_accuracy": 0.8076923076923077,
  "weighted_precision": 0.7974358974358975,
  "weighted_recall": 0.8076923076923077,
  "per_class_auc": [
    0.8036758563074353
  ],
  "mean_auc": 0.8036758563074353,
  "confusion_matrix": [
    [
      21,
      21
    ],
    [
      9,
      105
    ]
  ],
  "report": "              precision    recall  f1-score   support\n\n           0       0.70      0.50      0.58        42\n           1       0.83      0.92      0.88       114\n\n    accuracy                           0.81       156\n   macro avg       0.77      0.71      0.73       156\nweighted avg       0.80      0.81      0.80       156\n",
  "seed": 0
}