{
  "train_loss": [
    3.819476834146968,
    3.6809011850601587,
    3.3676030172969833,
    2.8884254541152563,
    2.3059666060702706,
    1.731195636721321,
    1.338325710087032,
    1.170104178535196,
    1.110074018165742,
    1.0697321127622554,
    1.0359588865832094,
    1.0220068811060308,
    0.9969758576962537,
    0.9764478844164055,
    0.9527578943378323,
    0.92113237568747,
    0.9035353378935175,
    0.8865144169810928,
    0.8606981303229,
    0.8516748156739679,
    0.8309249506765233,
    0.8085954896696321,
    0.8057988820931851,
    0.7916955030881442,
    0.7771125151997521,
    0.7793620582465287,
    0.7654403603120601,
    0.7448799243340125,
    0.7301004186218039,
    0.7260224448018895,
    0.730228181942042,
    0.7124715305510021,
    0.6941977815750318,
    0.697933819267776,
    0.7091601421108176,
    0.6916794220169822,
    0.6722067153497493,
    0.6782988674474724,
    0.6799121372429006,
    0.6718517277703617,
    0.6751777962013915,
    0.6768794227869083,
    0.641344585152336,
    0.6439412131414308,
    0.6602448869100858,
    0.6632570761900681,
    0.6476764128758357,
    0.6432937143486498,
    0.6211024127600394,
    0.6324860931752803,
    0.6361174096554627,
    0.6336056218915807,
    0.6444289620979365,
    0.6127426753113995,
    0.6109529069928459,
    0.6238627881357521,
    0.6019240202921214,
    0.5979101747383565,
    0.6254923950621497,
    0.5988848691894895,
    0.6124411118336213,
    0.6216240999026176,
    0.586834614093487,
    0.6088492586499169,
    0.5982570953858204,
    0.5974316500918769,
    0.6147272309540829,
    0.6140968607458877,
    0.6056251148164491,
    0.600673306337643,
    0.5945594345693623,
    0.6125952762998504,
    0.5873032847603599,
    0.5961980682152969,
    0.6118685277827057,
    0.5909387508591453,
    0.5910794407456785,
    0.5865193873971373,
    0.5984577883730878,
    0.5947346779016348,
    0.5969956458269895,
    0.5970801300618238,
    0.591641773889353,
    0.5970126038942581,
    0.5871647788491441,
    0.6013043549034621,
    0.6002303883706257,
    0.5835701054705805,
    0.5939623021380805,
    0.5948886622439374,
    0.5784579893171569,
    0.5730659904934111,
    0.5884472144829048,
    0.5922985116204063,
    0.580603213318975,
    0.5948228962692149,
    0.6029955633394011,
    0.595861533622602,
    0.5783885517618158,
    0.589946680234902
  ],
  "train_acc": [
    0.7307692307692307,
    0.7307692307692307,
    0.7307692307692307,
    0.7326007326007326,
    0.7087912087912088,
    0.6959706959706959,
    0.6208791208791209,
    0.5989010989010989,
    0.5659340659340659,
    0.5805860805860806,
    0.5934065934065934,
    0.575091575091575,
    0.5659340659340659,
    0.5659340659340659,
    0.5842490842490843,
    0.5512820512820513,
    0.5824175824175825,
    0.6117216117216118,
    0.6190476190476191,
    0.63003663003663,
    0.663003663003663,
    0.6465201465201466,
    0.6538461538461539,
    0.6446886446886447,
    0.6446886446886447,
    0.6538461538461539,
    0.663003663003663,
    0.6886446886446886,
    0.6721611721611722,
    0.6666666666666666,
    0.6978021978021978,
    0.6868131868131868,
    0.7142857142857143,
    0.7142857142857143,
    0.6868131868131868,
    0.6959706959706959,
    0.7197802197802198,
    0.7380952380952381,
    0.7124542124542125,
    0.7216117216117216,
    0.7014652014652014,
    0.7032967032967034,
    0.7435897435897436,
    0.7362637362637363,
    0.7087912087912088,
    0.7142857142857143,
    0.7454212454212454,
    0.7527472527472527,
    0.73992673992674,
    0.76007326007326,
    0.7271062271062271,
    0.7435897435897436,
    0.7362637362637363,
    0.7417582417582418,
    0.7509157509157509,
    0.7637362637362637,
    0.7765567765567766,
    0.7619047619047619,
    0.7362637362637363,
    0.7692307692307693,
    0.7692307692307693,
    0.73992673992674,
    0.782051282051282,
    0.7619047619047619,
    0.7747252747252747,
    0.7619047619047619,
    0.7417582417582418,
    0.7509157509157509,
    0.7490842490842491,
    0.7783882783882784,
    0.7637362637362637,
    0.7472527472527473,
    0.7710622710622711,
    0.7728937728937729,
    0.7765567765567766,
    0.7710622710622711,
    0.7637362637362637,
    0.7728937728937729,
    0.76007326007326,
    0.7655677655677655,
    0.7454212454212454,
    0.7509157509157509,
    0.7985347985347986,
    0.7747252747252747,
    0.7747252747252747,
    0.7472527472527473,
    0.7728937728937729,
    0.7673992673992674,
    0.76007326007326,
    0.76007326007326,
    0.7783882783882784,
    0.8003663003663004,
    0.7765567765567766,
    0.7765567765567766,
    0.7728937728937729,
    0.7655677655677655,
    0.7673992673992674,
    0.7728937728937729,
    0.7857142857142857,
    0.7912087912087912
  ],
  "val_loss": [
    0.7324391603469849,
    0.7312813401222229,
    0.7288286685943604,
    0.7269406318664551,
    0.7236533164978027,
    0.7207813858985901,
    0.7180813550949097,
    0.7142012715339661,
    0.7088589668273926,
    0.7049615383148193,
    0.7008899450302124,
    0.6980835795402527,
    0.6951227188110352,
    0.6905890703201294,
    0.6865919828414917,
    0.6834754943847656,
    0.6798478364944458,
    0.6818468570709229,
    0.6813715696334839,
    0.6797279119491577,
    0.6781947016716003,
    0.6739223599433899,
    0.6682758927345276,
    0.660766065120697,
    0.6424112915992737,
    0.6419432759284973,
    0.6431717872619629,
    0.6362475156784058,
    0.6378772854804993,
    0.6363042593002319,
    0.6270261406898499,
    0.628454327583313,
    0.6245779991149902,
    0.614234209060669,
    0.6050984263420105,
    0.5985912680625916,
    0.6195093989372253,
    0.6119562983512878,
    0.600671112537384,
    0.5855945944786072,
    0.5857089161872864,
    0.5908864140510559,
    0.5758521556854248,
    0.5502162575721741,
    0.5537810921669006,
    0.5515320897102356,
    0.5727227330207825,
    0.5742582678794861,
    0.5517017841339111,
    0.5424312353134155,
    0.5842818021774292,
    0.5672608017921448,
    0.5394409894943237,
    0.5517100691795349,
    0.551763117313385,
    0.5289857387542725,
    0.5317835211753845,
    0.5540469884872437,
    0.5392385721206665,
    0.5200605988502502,
    0.5251270532608032,
    0.5513167977333069,
    0.5681442618370056,
    0.5459237694740295,
    0.5304617881774902,
    0.5256301164627075,
    0.534482479095459,
    0.5327178239822388,
    0.5244126915931702,
    0.5227071642875671,
    0.5218515396118164,
    0.5279050469398499,
    0.5309979319572449,
    0.5280627012252808,
    0.5232798457145691,
    0.5201195478439331,
    0.5230375528335571,
    0.5260999798774719,
    0.5290694832801819,
    0.5319104790687561,
    0.5305612087249756,
    0.5278053283691406,
    0.5261422991752625,
    0.5238212943077087,
    0.5233108401298523,
    0.5244057774543762,
    0.5248395800590515,
    0.525903582572937,
    0.5261631011962891,
    0.5255337357521057,
    0.5248274803161621,
    0.5247048139572144,
    0.5253196358680725,
    0.5234376788139343,
    0.5251384973526001,
    0.5243299603462219,
    0.5244851112365723,
    0.5268939733505249,
    0.5274200439453125,
    0.5231145024299622
  ],