{
  "train_loss": [
    0.7068299868396509,
    0.6533515192536652,
    0.48380573867434856,
    0.4303384291082494,
    0.40652159383059966,
    0.4070720357112998,
    0.4016526637435871,
    0.39377995758311873,
    0.38881300289750403,
    0.3833178497768603,
    0.38258722746078505,
    0.3857247978575471,
    0.387936049684591,
    0.37598023021130006,
    0.3746526497040346,
    0.3709957063096807,
    0.36992645086427817,
    0.3780131085301823,
    0.37383722808265846,
    0.37099806449123635,
    0.3729481224347295,
    0.3669617015270227,
    0.3709550846554814,
    0.36809176733256804,
    0.36707133105374434,
    0.360405452264601,
    0.36738540549954823,
    0.36214296118425127,
    0.36043924964274404,
    0.3614055640938531,
    0.3594220791110166,
    0.36149303464435784,
    0.35992604777685344,
    0.35203049354058963,
    0.36449770592691133,
    0.35350381700083067,
    0.35745070546789504,
    0.35889703116380467,
    0.35678672301840153,
    0.3511531091435237,
    0.3570823726658104,
    0.34638403372533666,
    0.3506578782805975,
    0.35334124350912405,
    0.3512287393857993,
    0.35400918346395305,
    0.35221727682355103,
    0.3430041387461968,
    0.35189624813115483,
    0.3506012404481536,
    0.3467654325542758,
    0.3485868871718417,
    0.34704423016578134,
    0.34568341057383617,
    0.3419433729367025,
    0.34055789092281863,
    0.3427052145654505,
    0.34813670349404685,
    0.3498392669751468,
    0.34246547068188327,
    0.3460455743711483,
    0.34563066438789986,
    0.3419529298350481,
    0.3428627078879558,
    0.339384293191597,
    0.34580654928819954,
    0.3450274257813861,
    0.3405841993090452,
    0.3440850681942605,
    0.34080350312927365,
    0.34324984276507403,
    0.3391424560557003,
    0.3397266371025306,
    0.3431368113424987,
    0.33683890848718867,
    0.3378084669096954,
    0.33912017660416477,
    0.3422397993941781,
    0.33859409491896325,
    0.34027342231170343,
    0.34596701091695053,
    0.3398422400578667,
    0.3425251715195412,
    0.3413985791404873,
    0.3420632368138815,
    0.336153753855113,
    0.3406723837479759,
    0.3370190069345265,
    0.34133867935903417,
    0.3388314957626816,
    0.33822049543628674,
    0.342797568164443,
    0.3346073801171101,
    0.3385190025870843,
    0.33766253253313677,
    0.340115259335825,
    0.33942214966124157,
    0.3383831821363055,
    0.3381072481051277,
    0.34094601411280634
  ],
  "train_acc": [
    0.26869158878504673,
    0.5229396771452847,
    0.7931180968564147,
    0.8576890399320306,
    0.8963466440101954,
    0.9001699235344095,
    0.9029311809685642,
    0.9065420560747663,
    0.9146134239592183,
    0.9124893797790994,
    0.9203483432455395,
    0.9084536958368734,
    0.9107901444350043,
    0.9260832625318607,
    0.923534409515718,
    0.9265080713678845,
    0.927570093457944,
    0.9199235344095157,
    0.9231096006796942,
    0.9250212404418012,
    0.9243840271877655,
    0.929481733220051,
    0.9262956669498725,
    0.9265080713678845,
    0.9309685641461343,
    0.9320305862361937,
    0.9282073067119796,
    0.9343670348343246,
    0.9328802039082413,
    0.9358538657604079,
    0.935429056924384,
    0.9307561597281223,
    0.9379779099405268,
    0.9418011894647409,
    0.9318181818181818,
    0.9428632115548004,
    0.9392523364485982,
    0.9362786745964317,
    0.9384027187765506,
    0.9384027187765506,
    0.9371282922684792,
    0.9430756159728122,
    0.9401019541206457,
    0.9413763806287171,
    0.9445624468988955,
    0.9377655055225149,
    0.9409515717926933,
    0.947536108751062,
    0.9424384027187765,
    0.9458368734069669,
    0.9441376380628717,
    0.9471112999150383,
    0.9420135938827527,
    0.9441376380628717,
    0.9485981308411215,
    0.949660152931181,
    0.9481733220050977,
    0.943500424808836,
    0.9454120645709431,
    0.9490229396771452,
    0.9462616822429907,
    0.9481733220050977,
    0.9458368734069669,
    0.9483857264231096,
    0.9483857264231096,
    0.9430756159728122,
    0.9498725573491928,
    0.9462616822429907,
    0.9498725573491928,
    0.949447748513169,
    0.9458368734069669,
    0.9507221750212405,
    0.9490229396771452,
    0.9530586236193713,
    0.9539082412914188,
    0.9473237043330501,
    0.9505097706032285,
    0.9473237043330501,
    0.9488105352591334,
    0.949447748513169,
    0.9471112999150383,
    0.9492353440951572,
    0.945624468988955,
    0.9513593882752761,
    0.9513593882752761,
    0.9511469838572643,
    0.9500849617672048,
    0.9528462192013594,
    0.9509345794392523,
    0.953695836873407,
    0.9505097706032285,
    0.9500849617672048,
    0.953483432455395,
    0.9524214103653356,
    0.9513593882752761,
    0.9522090059473237,
    0.9485981308411215,
    0.9530586236193713,
    0.9502973661852167,
    0.9502973661852167
  ],
  "val_loss": [
    0.7140364387563167,
    0.5790347525181662,
    0.5017962191851084,
    0.4715907268851768,
    0.4507584701512606,
    0.46617317882202963,
    0.52164054781426,
    0.42611689194468144,
    0.4006888950599059,
    0.4394752039709164,
    0.4637547972548099,
    0.4779333758900184,
    0.4289375093147045,
    0.38570107349002636,
    0.40280086439074453,
    0.40228793457264206,
    0.40674170055462205,
    0.48780800186040746,
    0.4257399919833846,
    0.46405293149802523,
    0.417074168911417,
    0.3832540295961249,
    0.3733057502571863,
    0.4238034718819247,
    0.3603916231912511,
    0.4436943501461553,
    0.3830200265382082,
    0.3837000645753991,
    0.37488904049378313,
    0.3566199673041133,
    0.3977310147904258,
    0.3861658377501801,
    0.3751218186989995,
    0.34482860110188257,
    0.3936269099020776,
    0.3350282923410867,
    0.3597729706582222,
    0.33951604866799506,
    0.38766917882074836,
    0.3372819309926215,
    0.35330059077903514,
    0.4020038465507158,
    0.3882746587272819,
    0.40105825230365494,
    0.34013301543607055,
    0.3621648770707254,
    0.3660683299748952,
    0.36590218589506074,
    0.4168083431156537,
    0.35588584828922765,
    0.37800353674488213,
    0.3441178957924588,
    0.3661068045455991,
    0.3468452371258772,
    0.34015797999978975,
    0.34345296844271306,
    0.34937139776826814,
    0.34903039868551355,
    0.3307394257938589,
    0.35757064796586074,
    0.35535584833785777,
    0.33829326757037914,
    0.3539895196907393,
    0.3544487643787879,
    0.35070653248379247,
    0.34139289314510257,
    0.3425838353524681,
    0.34364936733973844,
    0.35036121661426456,
    0.34084552571973725,
    0.33200965218871603,
    0.34203019578948274,
    0.3339577360462596,
    0.34443371851025645,
    0.3366976366698287,
    0.33577066841926284,
    0.341527565744997,
    0.3447549001861165,
    0.3385175184439157,
    0.33660172733641763,
    0.336057485969922,
    0.34019702832207427,
    0.33340742888341424,
    0.3336764469401527,
    0.3391733547203413,
    0.3365359579333822,
    0.33671396424752154,
    0.3372499273933527,
    0.33691730845065515,
    0.337200112925231,
    0.33540354521219967,
    0.33547093918305315,
    0.3403173798823175,
    0.3377146261338969,
    0.3374669879447413,
    0.3319698576708786,
    0.3376333945580111,
    0.3362505640692383,
    0.3324937137938638,
    0.33537919898979535
  ],