{
  "weighted_f1": {
    "mean": 0.8836934391093633,
    "std": NaN,
    "min": 0.8836934391093633,
    "max": 0.8836934391093633,
    "values": [
      0.8836934391093633
    ]
  },
  "macro_f1": {
    "mean": 0.8836934391093634,
    "std": NaN,
    "min": 0.8836934391093634,
    "max": 0.8836934391093634,
    "values": [
      0.8836934391093634
    ]
  },
  "weighted_accuracy": {
    "mean": 0.883,
    "std": NaN,
    "min": 0.883,
    "max": 0.883,
    "values": [
      0.883
    ]
  },
  "mean_auc": {
    "mean": 0.9908560555555554,
    "std": NaN,
    "min": 0.9908560555555554,
    "max": 0.9908560555555554,
    "values": [
      0.9908560555555554
    ]
  },
  "best_seed_idx": 0,
  "n_runs": 1
}