{
  "weighted_f1": 0.8790759884589175,
  "macro_f1": 0.8679097011787563,
  "weighted_accuracy": 0.8830128205128205,
  "weighted_precision": 0.8912576109472099,
  "weighted_recall": 0.8830128205128205,
  "per_class_auc": [
    0.9576265614727153
  ],
  "mean_auc": 0.9576265614727153,
  "confusion_matrix": [
    [
      170,
      64
    ],
    [
      9,
      381
    ]
  ],
  "report": "              precision    recall  f1-score   support\n\n           0       0.95      0.73      0.82       234\n           1       0.86      0.98      0.91       390\n\n    accuracy                           0.88       624\n   macro avg       0.90      0.85      0.87       624\nweighted avg       0.89      0.88      0.88       624\n",
  "seed": 0
}