{
  "train_loss": [
    2.1682817299313015,
    1.920886302142673,
    1.7874476587931316,
    1.6803571781158446,
    1.5910329629898072,
    1.5291275886747573,
    1.4793109495798746,
    1.4344627497143216,
    1.4025985032823352,
    1.374786883544922,
    1.3492208553314209,
    1.329722607061598,
    1.3021933659023708,
    1.2795879208246868,
    1.2747233281877306,
    1.2533323673672145,
    1.2371583599938287,
    1.2222927382787068,
    1.2122772460513644,
    1.19698196788364,
    1.1893942019780477,
    1.1760926441404556,
    1.1648765898810494,
    1.1549634220547147,
    1.1505715569814046,
    1.1416661262088352,
    1.1377912487453885,
    1.1319374255498251,
    1.1187192095438638,
    1.117893157280816,
    1.106627854983012,
    1.1052343809975518,
    1.0945503261354235,
    1.0909993952857124,
    1.086765316963196,
    1.08013169954088,
    1.0773189768049451,
    1.066819588364495,
    1.0616745373831855,
    1.0621307090759278,
    1.0519141998291015,
    1.0518131249321832,
    1.0478756811989678,
    1.041370326063368,
    1.0367648239135743,
    1.0349990342458089,
    1.0292500024795532,
    1.0258120471106635,
    1.0247255759133234,
    1.022016418647766,
    1.0143989494111803,
    1.0110557878812154,
    1.0068167259428236,
    1.0062291617499457,
    1.0019745115068224,
    0.998332099363539,
    0.9899492253515455,
    0.9938870969348483,
    0.986083051914639,
    0.985590749973721,
    0.978642745229933,
    0.9779543258243137,
    0.9766151618109808,
    0.9700569978925917,
    0.9668256724887424,
    0.9691734205245972,
    0.9605761828316582,
    0.9598376309924656,
    0.957024292119344,
    0.952026800473531,
    0.9508055008146498,
    0.9448166050169203,
    0.9470769914627075,
    0.9459516442828708,
    0.9424898082309299,
    0.9381050851186117,
    0.9362377198325263,
    0.937320581012302,
    0.9338882580015394,
    0.9297774858368768,
    0.9278687783029345,
    0.9262582159466214,
    0.9245206343332927,
    0.9245655499776204,
    0.9241668538835314,
    0.9220095546298557,
    0.9242179587894016,
    0.9200693948427836,
    0.9190542759365505,
    0.918220567173428,
    0.9192375711229113,
    0.9159040037367079,
    0.913937371550666,
    0.9136223810725742,
    0.9120637334823608,
    0.9108868484285143,
    0.9130908677842882,
    0.9136149527867635,
    0.9131620256317986,
    0.9124443790647718
  ],
  "train_acc": [
    0.19093333333333334,
    0.28888888888888886,
    0.37455555555555553,
    0.45066666666666666,
    0.5096444444444445,
    0.5443111111111111,
    0.5701777777777778,
    0.5973777777777778,
    0.6133333333333333,
    0.6272666666666666,
    0.6411333333333333,
    0.6504222222222222,
    0.6655555555555556,
    0.6755333333333333,
    0.6789777777777778,
    0.6900888888888889,
    0.6968,
    0.7045333333333333,
    0.7099333333333333,
    0.7202666666666667,
    0.7256,
    0.7314888888888889,
    0.7356888888888888,
    0.7422222222222222,
    0.7438666666666667,
    0.7477555555555555,
    0.7509111111111111,
    0.7511555555555556,
    0.7588666666666667,
    0.7593777777777778,
    0.766,
    0.7677333333333334,
    0.7714444444444445,
    0.7704222222222222,
    0.7747333333333334,
    0.7760444444444444,
    0.7811777777777777,
    0.7847111111111111,
    0.7874,
    0.7878666666666667,
    0.7916222222222222,
    0.7934222222222223,
    0.7941333333333334,
    0.7985777777777778,
    0.7996444444444445,
    0.7987111111111111,
    0.8020666666666667,
    0.8053777777777777,
    0.8032666666666667,
    0.8066666666666666,
    0.8091555555555555,
    0.8113111111111111,
    0.8131333333333334,
    0.8136222222222222,
    0.8145555555555556,
    0.8179333333333333,
    0.8196,
    0.8195111111111111,
    0.8227777777777778,
    0.8236888888888889,
    0.8255777777777777,
    0.8255111111111111,
    0.8265777777777777,
    0.83,
    0.8306,
    0.8309777777777778,
    0.8341111111111111,
    0.8332666666666667,
    0.8374222222222222,
    0.8393111111111111,
    0.8396444444444444,
    0.8415333333333334,
    0.8426444444444444,
    0.8412222222222222,
    0.8434444444444444,
    0.8447111111111111,
    0.8467777777777777,
    0.8452,
    0.8461111111111111,
    0.8482888888888889,
    0.8508222222222223,
    0.8515555555555555,
    0.8508888888888889,
    0.8524888888888889,
    0.8514,
    0.8518222222222223,
    0.8513555555555555,
    0.8519777777777777,
    0.8525333333333334,
    0.8526222222222222,
    0.8537555555555556,
    0.8530666666666666,
    0.8559777777777777,
    0.8571111111111112,
    0.8567555555555556,
    0.8580222222222222,
    0.8560444444444445,
    0.8559555555555556,
    0.8568888888888889,
    0.8585333333333334
  ],
  "val_loss": [
    1.985279705810547,
    1.7979462850570678,
    1.673424695777893,
    1.521800079536438,
    1.4578946172714233,
    1.385433959197998,
    1.3610839700698854,
    1.2764400741577149,
    1.2733195566177369,
    1.25126683177948,
    1.231150612926483,
    1.1930831773757935,
    1.1763016980171204,
    1.1824051698684692,
    1.1560978204727173,
    1.1336996737480163,
    1.112585632133484,
    1.1260209325790405,
    1.079195733165741,
    1.1252289472579957,
    1.0814954690933227,
    1.092093788909912,
    1.0647030502319337,
    1.051134296798706,
    1.038749405670166,
    1.0420118131637572,
    1.0743172515869142,
    0.9977227197647095,
    1.005148282623291,
    1.0227184423446656,
    1.003210772895813,
    1.0319683891296387,
    1.0268965194702149,
    1.0071330295562744,
    1.028264545059204,
    0.9875307969093323,
    1.0227025698661805,
    0.9758051708221436,
    0.9986939427375794,
    0.9919105863571167,
    0.975264857673645,
    0.9778454528808593,
    0.9784113794326782,
    0.98024319896698,
    0.9759005873680114,
    0.9710138314247131,
    0.9702081655502319,
    0.9716470037460327,
    0.9633518779754638,
    0.968115756225586,
    0.9608332605361939,
    0.95883395652771,
    0.9648513744354248,
    0.942819692325592,
    0.9496963916778565,
    0.9345296843528748,
    0.9431118490219116,
    0.9367828535079956,
    0.9465450414657592,
    0.946319337940216,
    0.960165816783905,
    0.9320836772918701,
    0.9314974811553955,
    0.9528170167922974,
    0.9422979154586792,
    0.9446277679443359,
    0.9269484672546386,
    0.9362691163063049,
    0.9206690528869629,
    0.9272949861526489,
    0.9214888940811157,
    0.9191945622444153,
    0.9148111828804016,
    0.9158911893844605,
    0.9134738571166993,
    0.9257744268417358,
    0.9161594952583313,
    0.9176997278213501,
    0.9234954889297485,
    0.9176657687187195,
    0.9246094174385071,
    0.9137633902549743,
    0.9194631096839905,
    0.9087392894744873,
    0.9192819494247436,
    0.9149967283248901,
    0.9148925189971924,
    0.9149525531768798,
    0.9080712301254272,
    0.9148663053512573,
    0.9113630277633668,
    0.9113110895156861,
    0.9094724131584168,
    0.9069593591690064,
    0.9111619214057922,
    0.9141626649856568,
    0.9095788528442382,
    0.908796127986908,
    0.9053454950332641,
    0.9093807257652283
  ],