{
  "weighted_f1": {
    "mean": 0.8484758835930782,
    "std": NaN,
    "min": 0.8484758835930782,
    "max": 0.8484758835930782,
    "values": [
      0.8484758835930782
    ]
  },
  "macro_f1": {
    "mean": 0.8484758835930784,
    "std": NaN,
    "min": 0.8484758835930784,
    "max": 0.8484758835930784,
    "values": [
      0.8484758835930784
    ]
  },
  "weighted_accuracy": {
    "mean": 0.8482,
    "std": NaN,
    "min": 0.8482,
    "max": 0.8482,
    "values": [
      0.8482
    ]
  },
  "mean_auc": {
    "mean": 0.9857184777777779,
    "std": NaN,
    "min": 0.9857184777777779,
    "max": 0.9857184777777779,
    "values": [
      0.9857184777777779
    ]
  },
  "best_seed_idx": 0,
  "n_runs": 1
}