{
  "weighted_f1": 0.8751962751950342,
  "macro_f1": 0.8507642387500209,
  "weighted_accuracy": 0.8803621169916435,
  "weighted_precision": 0.88443477029538,
  "weighted_recall": 0.8803621169916435,
  "per_class_auc": [
    0.9908774868241877,
    0.999751493787065,
    0.992743302463586,
    0.9986422223314548,
    0.948223566545992,
    0.9890443722410935,
    0.9922258068505034,
    0.9453418139761923,
    0.9930209415394241
  ],
  "mean_auc": 0.9833190007288333,
  "confusion_matrix": [
    [
      1330,
      2,
      1,
      0,
      0,
      5,
      0,
      0,
      0
    ],
    [
      1,
      846,
      0,
      0,
      0,
      0,
      0,
      0,
      0
    ],
    [
      0,
      0,
      274,
      2,
      0,
      54,
      0,
      9,
      0
    ],
    [
      0,
      0,
      0,
      631,
      0,
      0,
      3,
      0,
      0
    ],
    [
      269,
      5,
      4,
      0,
      747,
      3,
      5,
      0,
      2
    ],
    [
      0,
      3,
      7,
      0,
      1,
      536,
      0,
      45,
      0
    ],
    [
      3,
      0,
      1,
      54,
      1,
      0,
      657,
      0,
      25
    ],
    [
      0,
      12,
      20,
      4,
      32,
      121,
      3,
      183,
      46
    ],
    [
      0,
      0,
      14,
      56,
      12,
      2,
      21,
      11,
      1117
    ]
  ],
  "report": "              precision    recall  f1-score   support\n\n           0       0.83      0.99      0.90      1338\n           1       0.97      1.00      0.99       847\n           2       0.85      0.81      0.83       339\n           3       0.84      1.00      0.91       634\n           4       0.94      0.72      0.82      1035\n           5       0.74      0.91      0.82       592\n           6       0.95      0.89      0.92       741\n           7       0.74      0.43      0.55       421\n           8       0.94      0.91      0.92      1233\n\n    accuracy                           0.88      7180\n   macro avg       0.87      0.85      0.85      7180\nweighted avg       0.88      0.88      0.88      7180\n",
  "seed": 0
}