{
  "weighted_f1": {
    "mean": 0.8976638111994516,
    "std": NaN,
    "min": 0.8976638111994516,
    "max": 0.8976638111994516,
    "values": [
      0.8976638111994516
    ]
  },
  "macro_f1": {
    "mean": 0.8976638111994516,
    "std": NaN,
    "min": 0.8976638111994516,
    "max": 0.8976638111994516,
    "values": [
      0.8976638111994516
    ]
  },
  "weighted_accuracy": {
    "mean": 0.8969,
    "std": NaN,
    "min": 0.8969,
    "max": 0.8969,
    "values": [
      0.8969
    ]
  },
  "mean_auc": {
    "mean": 0.99007115,
    "std": NaN,
    "min": 0.99007115,
    "max": 0.99007115,
    "values": [
      0.99007115
    ]
  },
  "best_seed_idx": 0,
  "n_runs": 1
}