{
  "weighted_f1": {
    "mean": 0.8872006359696668,
    "std": NaN,
    "min": 0.8872006359696668,
    "max": 0.8872006359696668,
    "values": [
      0.8872006359696668
    ]
  },
  "macro_f1": {
    "mean": 0.8652436369364631,
    "std": NaN,
    "min": 0.8652436369364631,
    "max": 0.8652436369364631,
    "values": [
      0.8652436369364631
    ]
  },
  "weighted_accuracy": {
    "mean": 0.8881615598885794,
    "std": NaN,
    "min": 0.8881615598885794,
    "max": 0.8881615598885794,
    "values": [
      0.8881615598885794
    ]
  },
  "mean_auc": {
    "mean": 0.9836765335283424,
    "std": NaN,
    "min": 0.9836765335283424,
    "max": 0.9836765335283424,
    "values": [
      0.9836765335283424
    ]
  },
  "best_seed_idx": 0,
  "n_runs": 1
}