{
  "weighted_f1": {
    "mean": 0.6449988247668413,
    "std": 0.016406093103627884,
    "min": 0.6120315472630334,
    "max": 0.6688761590645829,
    "values": [
      0.6554982446886589,
      0.6641267310300335,
      0.6688761590645829,
      0.6334079409616743,
      0.6369077323393298,
      0.6417060966167382,
      0.6120315472630334,
      0.6513099120950411,
      0.6470221593004812,
      0.6391017243088394
    ]
  },
  "macro_f1": {
    "mean": 0.3625039718028986,
    "std": 0.041668523616338764,
    "min": 0.2731726354698518,
    "max": 0.4152435168624966,
    "values": [
      0.368481897802827,
      0.4152435168624966,
      0.4146849372766059,
      0.3784894767560653,
      0.33122732541847216,
      0.36417194420109694,
      0.2731726354698518,
      0.3774007944738759,
      0.33717416878324885,
      0.36499302098444586
    ]
  },
  "weighted_accuracy": {
    "mean": 0.6473815461346634,
    "std": 0.01999164424346791,
    "min": 0.627930174563591,
    "max": 0.6897755610972569,
    "values": [
      0.6897755610972569,
      0.6523690773067332,
      0.6733167082294265,
      0.6304239401496259,
      0.6394014962593516,
      0.6483790523690773,
      0.6428927680798004,
      0.6309226932668329,
      0.6384039900249376,
      0.627930174563591
    ]
  },
  "mean_auc": {
    "mean": 0.8750502111279348,
    "std": 0.0076649703782469625,
    "min": 0.8577395327269063,
    "max": 0.883372464603588,
    "values": [
      0.8782736585813488,
      0.8803661583534891,
      0.8818876748437058,
      0.8701746236371528,
      0.876858603675746,
      0.877867665791004,
      0.8577395327269063,
      0.883372464603588,
      0.8751921076897252,
      0.8687696213766819
    ]
  },
  "best_seed_idx": 2,
  "n_runs": 10
}