{
  "weighted_f1": {
    "mean": 0.6006858452878825,
    "std": NaN,
    "min": 0.6006858452878825,
    "max": 0.6006858452878825,
    "values": [
      0.6006858452878825
    ]
  },
  "macro_f1": {
    "mean": 0.42545143953041636,
    "std": NaN,
    "min": 0.42545143953041636,
    "max": 0.42545143953041636,
    "values": [
      0.42545143953041636
    ]
  },
  "weighted_accuracy": {
    "mean": 0.5201995012468827,
    "std": NaN,
    "min": 0.5201995012468827,
    "max": 0.5201995012468827,
    "values": [
      0.5201995012468827
    ]
  },
  "mean_auc": {
    "mean": 0.8856146409463557,
    "std": NaN,
    "min": 0.8856146409463557,
    "max": 0.8856146409463557,
    "values": [
      0.8856146409463557
    ]
  },
  "best_seed_idx": 0,
  "n_runs": 1
}