{
  "weighted_f1": {
    "mean": 0.4881653006742426,
    "std": NaN,
    "min": 0.4881653006742426,
    "max": 0.4881653006742426,
    "values": [
      0.4881653006742426
    ]
  },
  "macro_f1": {
    "mean": 0.4881653006742424,
    "std": NaN,
    "min": 0.4881653006742424,
    "max": 0.4881653006742424,
    "values": [
      0.4881653006742424
    ]
  },
  "weighted_accuracy": {
    "mean": 0.5006,
    "std": NaN,
    "min": 0.5006,
    "max": 0.5006,
    "values": [
      0.5006
    ]
  },
  "mean_auc": {
    "mean": 0.9661557777777777,
    "std": NaN,
    "min": 0.9661557777777777,
    "max": 0.9661557777777777,
    "values": [
      0.9661557777777777
    ]
  },
  "best_seed_idx": 0,
  "n_runs": 1
}