{
  "train_loss": [
    2.300897757212321
  ],
  "train_acc": [
    0.08333333333333333
  ],
  "val_loss": [
    2.310447804641724
  ],
  "val_acc": [
    0.1
  ],
  "best_val_loss": 2.310447804641724,
  "total_time_s": 25.41045117378235,
  "stopped_epoch": 1
}