{
  "weighted_f1": 0.8464337239288235,
  "macro_f1": 0.8464337239288238,
  "weighted_accuracy": 0.8461,
  "weighted_precision": 0.8494643948616074,
  "weighted_recall": 0.8461,
  "per_class_auc": [
    0.9893977777777778,
    0.9966560000000002,
    0.9769454444444444,
    0.9629008888888889,
    0.9845306666666666,
    0.9752302222222223,
    0.9921066666666667,
    0.9921461111111112,
    0.9949187777777777,
    0.9930731111111112
  ],
  "mean_auc": 0.9857905666666668,
  "confusion_matrix": [
    [
      893,
      11,
      17,
      17,
      2,
      2,
      2,
      8,
      32,
      16
    ],
    [
      7,
      959,
      1,
      3,
      1,
      1,
      1,
      1,
      3,
      23
    ],
    [
      56,
      1,
      781,
      44,
      30,
      38,
      22,
      18,
      10,
      0
    ],
    [
      16,
      1,
      34,
      705,
      24,
      163,
      26,
      19,
      8,
      4
    ],
    [
      16,
      1,
      55,
      49,
      766,
      35,
      7,
      67,
      4,
      0
    ],
    [
      7,
      1,
      23,
      99,
      14,
      813,
      4,
      34,
      4,
      1
    ],
    [
      10,
      3,
      42,
      61,
      11,
      26,
      838,
      4,
      4,
      1
    ],
    [
      16,
      1,
      14,
      22,
      10,
      36,
      0,
      900,
      0,
      1
    ],
    [
      48,
      15,
      6,
      5,
      1,
      1,
      0,
      2,
      917,
      5
    ],
    [
      13,
      71,
      3,
      6,
      0,
      3,
      0,
      2,
      13,
      889
    ]
  ],
  "report": "              precision    recall  f1-score   support\n\n           0       0.83      0.89      0.86      1000\n           1       0.90      0.96      0.93      1000\n           2       0.80      0.78      0.79      1000\n           3       0.70      0.70      0.70      1000\n           4       0.89      0.77      0.82      1000\n           5       0.73      0.81      0.77      1000\n           6       0.93      0.84      0.88      1000\n           7       0.85      0.90      0.88      1000\n           8       0.92      0.92      0.92      1000\n           9       0.95      0.89      0.92      1000\n\n    accuracy                           0.85     10000\n   macro avg       0.85      0.85      0.85     10000\nweighted avg       0.85      0.85      0.85     10000\n",
  "seed": 0
}