{
  "weighted_f1": 0.8997098646034815,
  "macro_f1": 0.8909262841177734,
  "weighted_accuracy": 0.9022435897435898,
  "weighted_precision": 0.9079775588396277,
  "weighted_recall": 0.9022435897435898,
  "per_class_auc": [
    0.9742055665132588
  ],
  "mean_auc": 0.9742055665132588,
  "confusion_matrix": [
    [
      181,
      53
    ],
    [
      8,
      382
    ]
  ],
  "report": "              precision    recall  f1-score   support\n\n           0       0.96      0.77      0.86       234\n           1       0.88      0.98      0.93       390\n\n    accuracy                           0.90       624\n   macro avg       0.92      0.88      0.89       624\nweighted avg       0.91      0.90      0.90       624\n",
  "seed": 0
}