{
  "weighted_f1": {
    "mean": 0.5051786898918729,
    "std": NaN,
    "min": 0.5051786898918729,
    "max": 0.5051786898918729,
    "values": [
      0.5051786898918729
    ]
  },
  "macro_f1": {
    "mean": 0.3788289373006039,
    "std": NaN,
    "min": 0.3788289373006039,
    "max": 0.3788289373006039,
    "values": [
      0.3788289373006039
    ]
  },
  "weighted_accuracy": {
    "mean": 0.41546134663341644,
    "std": NaN,
    "min": 0.41546134663341644,
    "max": 0.41546134663341644,
    "values": [
      0.41546134663341644
    ]
  },
  "mean_auc": {
    "mean": 0.8851469968456698,
    "std": NaN,
    "min": 0.8851469968456698,
    "max": 0.8851469968456698,
    "values": [
      0.8851469968456698
    ]
  },
  "best_seed_idx": 0,
  "n_runs": 1
}