{
  "weighted_f1": 0.8959263363537011,
  "macro_f1": 0.895926336353701,
  "weighted_accuracy": 0.8955,
  "weighted_precision": 0.8971495392172611,
  "weighted_recall": 0.8955,
  "per_class_auc": [
    0.9936561111111111,
    0.9945252222222222,
    0.9835293333333334,
    0.976777888888889,
    0.9862885555555556,
    0.9827030555555556,
    0.9894204444444444,
    0.9925721111111111,
    0.9939925555555555,
    0.994386111111111
  ],
  "mean_auc": 0.9887851388888891,
  "confusion_matrix": [
    [
      934,
      3,
      15,
      8,
      4,
      0,
      0,
      6,
      16,
      14
    ],
    [
      5,
      959,
      2,
      1,
      0,
      0,
      0,
      0,
      6,
      27
    ],
    [
      26,
      0,
      870,
      29,
      24,
      24,
      9,
      8,
      8,
      2
    ],
    [
      10,
      2,
      25,
      813,
      22,
      98,
      11,
      11,
      2,
      6
    ],
    [
      10,
      1,
      21,
      48,
      855,
      24,
      8,
      29,
      2,
      2
    ],
    [
      7,
      1,
      11,
      99,
      14,
      840,
      5,
      20,
      1,
      2
    ],
    [
      7,
      3,
      23,
      38,
      9,
      13,
      897,
      8,
      0,
      2
    ],
    [
      6,
      2,
      9,
      21,
      12,
      16,
      0,
      931,
      0,
      3
    ],
    [
      39,
      11,
      2,
      4,
      0,
      3,
      0,
      2,
      928,
      11
    ],
    [
      13,
      39,
      2,
      5,
      2,
      0,
      2,
      2,
      7,
      928
    ]
  ],
  "report": "              precision    recall  f1-score   support\n\n           0       0.88      0.93      0.91      1000\n           1       0.94      0.96      0.95      1000\n           2       0.89      0.87      0.88      1000\n           3       0.76      0.81      0.79      1000\n           4       0.91      0.85      0.88      1000\n           5       0.83      0.84      0.83      1000\n           6       0.96      0.90      0.93      1000\n           7       0.92      0.93      0.92      1000\n           8       0.96      0.93      0.94      1000\n           9       0.93      0.93      0.93      1000\n\n    accuracy                           0.90     10000\n   macro avg       0.90      0.90      0.90     10000\nweighted avg       0.90      0.90      0.90     10000\n",
  "seed": 0
}