{
  "weighted_f1": 0.8699563325623798,
  "macro_f1": 0.8455681553894085,
  "weighted_accuracy": 0.875766016713092,
  "weighted_precision": 0.8760125572299249,
  "weighted_recall": 0.875766016713092,
  "per_class_auc": [
    0.9941475803533917,
    0.9999636468780778,
    0.9938622715114793,
    0.9991588284222022,
    0.9775351705758186,
    0.991217139270418,
    0.9952541226194377,
    0.9403902037540163,
    0.9820148265613622
  ],
  "mean_auc": 0.9859493099940226,
  "confusion_matrix": [
    [
      1318,
      0,
      0,
      0,
      5,
      15,
      0,
      0,
      0
    ],
    [
      2,
      845,
      0,
      0,
      0,
      0,
      0,
      0,
      0
    ],
    [
      0,
      0,
      283,
      14,
      0,
      28,
      0,
      13,
      1
    ],
    [
      1,
      0,
      0,
      629,
      0,
      0,
      2,
      0,
      2
    ],
    [
      203,
      6,
      1,
      0,
      814,
      4,
      5,
      0,
      2
    ],
    [
      0,
      0,
      6,
      0,
      11,
      532,
      0,
      43,
      0
    ],
    [
      2,
      0,
      1,
      31,
      5,
      0,
      686,
      0,
      16
    ],
    [
      0,
      9,
      23,
      12,
      45,
      103,
      1,
      167,
      61
    ],
    [
      1,
      0,
      25,
      96,
      43,
      4,
      47,
      3,
      1014
    ]
  ],
  "report": "              precision    recall  f1-score   support\n\n           0       0.86      0.99      0.92      1338\n           1       0.98      1.00      0.99       847\n           2       0.83      0.83      0.83       339\n           3       0.80      0.99      0.89       634\n           4       0.88      0.79      0.83      1035\n           5       0.78      0.90      0.83       592\n           6       0.93      0.93      0.93       741\n           7       0.74      0.40      0.52       421\n           8       0.93      0.82      0.87      1233\n\n    accuracy                           0.88      7180\n   macro avg       0.86      0.85      0.85      7180\nweighted avg       0.88      0.88      0.87      7180\n",
  "seed": 0
}