{
  "train_loss": [
    0.7116190009501391,
    0.7110311537435203,
    0.7083553527737712,
    0.7069670319993854,
    0.7030396059755877,
    0.7007977787828271,
    0.6933908763822618,
    0.6798230381239028,
    0.668516925184718,
    0.6601210550947504,
    0.6595667091918079,
    0.6543670167853107,
    0.6427963568177415,
    0.6448420853841872,
    0.6328759488168654,
    0.6237230189553984,
    0.62489905331161,
    0.6307664696986859,
    0.6076164350404845,
    0.5906056353460738,
    0.592652949658069,
    0.5983330539731315,
    0.6043517152905028,
    0.602933338928572,
    0.5936172674427103,
    0.5869393938190335,
    0.5974521176282303,
    0.593308415168371,
    0.5742482654340975,
    0.5675140564694946,
    0.5787705056396596,
    0.6034446972193735,
    0.5680806887892139,
    0.5801158805033226,
    0.5800877222211369,
    0.5741503911140637,
    0.5712984481573978,
    0.5460233729837578,
    0.5682243394764351,
    0.5706972859717987,
    0.578127960800688,
    0.5744728651238885,
    0.5554581413338909,
    0.5579502002878504,
    0.5662117155043633,
    0.5643272236153319,
    0.5396172987235771,
    0.566024892714434,
    0.568276794838818,
    0.5377658601208921,
    0.543167748730698,
    0.5660825290959397,
    0.5695657470287421,
    0.5625393798936418,
    0.547646029528244,
    0.5471112265254988,
    0.5606038587870615,
    0.5398151922575284,
    0.5571484619226211,
    0.5488174695235032,
    0.5552466230078058,
    0.5401825197450407,
    0.538841880721487,
    0.5405141305137466,
    0.5524243651292263,
    0.5396882880738366,
    0.550983556679317,
    0.5375653291359926,
    0.5350725908419152,
    0.5448017897623363,
    0.5442346116125365,
    0.5512677730221451,
    0.5378677692168798,
    0.5416895072538774,
    0.546624868344038,
    0.535266040227352,
    0.5387330987514594,
    0.5231112879274529,
    0.5230405033726395,
    0.550983632003868,
    0.5263897143440806,
    0.5425046418176029,
    0.5359962143740811,
    0.5400474556199797,
    0.5425571703212165,
    0.5465344766994099,
    0.5423480337792701,
    0.562757887901404,
    0.5523850075054518,
    0.5465394961528289,
    0.5472546315891839,
    0.5570281663220444,
    0.5524011005412092,
    0.5486513548718267,
    0.5393510803634867,
    0.5433442452888348,
    0.5467253991099068
  ],
  "train_acc": [
    0.2802197802197802,
    0.2783882783882784,
    0.3058608058608059,
    0.3131868131868132,
    0.36813186813186816,
    0.4175824175824176,
    0.4835164835164835,
    0.5531135531135531,
    0.5805860805860806,
    0.5860805860805861,
    0.5952380952380952,
    0.6062271062271062,
    0.6190476190476191,
    0.6245421245421245,
    0.6373626373626373,
    0.6556776556776557,
    0.663003663003663,
    0.6684981684981685,
    0.673992673992674,
    0.7014652014652014,
    0.7032967032967034,
    0.7106227106227107,
    0.7032967032967034,
    0.7106227106227107,
    0.7326007326007326,
    0.7380952380952381,
    0.7197802197802198,
    0.7362637362637363,
    0.7564102564102564,
    0.7435897435897436,
    0.7197802197802198,
    0.7344322344322345,
    0.7582417582417582,
    0.7619047619047619,
    0.76007326007326,
    0.7637362637362637,
    0.7490842490842491,
    0.7783882783882784,
    0.7673992673992674,
    0.7673992673992674,
    0.7490842490842491,
    0.7527472527472527,
    0.782051282051282,
    0.7509157509157509,
    0.7802197802197802,
    0.7527472527472527,
    0.7783882783882784,
    0.782051282051282,
    0.7765567765567766,
    0.7875457875457875,
    0.793040293040293,
    0.7728937728937729,
    0.7765567765567766,
    0.7692307692307693,
    0.7673992673992674,
    0.7893772893772893,
    0.7893772893772893,
    0.793040293040293,
    0.782051282051282,
    0.782051282051282,
    0.7875457875457875,
    0.8113553113553114,
    0.7875457875457875,
    0.7912087912087912,
    0.7875457875457875,
    0.7912087912087912,
    0.7802197802197802,
    0.7985347985347986,
    0.793040293040293,
    0.7857142857142857,
    0.7857142857142857,
    0.7765567765567766,
    0.7893772893772893,
    0.7967032967032966,
    0.7875457875457875,
    0.793040293040293,
    0.7838827838827839,
    0.7967032967032966,
    0.7893772893772893,
    0.7728937728937729,
    0.7948717948717948,
    0.7783882783882784,
    0.8021978021978022,
    0.7765567765567766,
    0.7948717948717948,
    0.7728937728937729,
    0.7967032967032966,
    0.7765567765567766,
    0.7838827838827839,
    0.7893772893772893,
    0.7893772893772893,
    0.7710622710622711,
    0.7802197802197802,
    0.7912087912087912,
    0.793040293040293,
    0.7857142857142857,
    0.7838827838827839
  ],
  "val_loss": [
    0.7102343440055847,
    0.7102363109588623,
    0.7102384567260742,
    0.710467517375946,
    0.7113605737686157,
    0.7137191295623779,
    0.7185875773429871,
    0.7260966897010803,
    0.733507513999939,
    0.7113046646118164,
    0.6543707251548767,
    0.6262020468711853,
    0.6203367114067078,
    0.6144471168518066,
    0.6088337302207947,
    0.598902702331543,
    0.6099127531051636,
    0.5924913883209229,
    0.6001802682876587,
    0.5985431671142578,
    0.6068208813667297,
    0.5958544611930847,
    0.5841579437255859,
    0.5735791325569153,
    0.5668744444847107,
    0.6097724437713623,
    0.6477997303009033,
    0.5950748324394226,
    0.5670316219329834,
    0.5533300638198853,
    0.5444490313529968,
    0.5549586415290833,
    0.5771759748458862,
    0.5584283471107483,
    0.5599973201751709,
    0.5695774555206299,
    0.5442002415657043,
    0.5362662076950073,
    0.5302652716636658,
    0.5273757576942444,
    0.5507296323776245,
    0.5802567601203918,
    0.5550527572631836,
    0.5321321487426758,
    0.544979989528656,
    0.5387254357337952,
    0.5245713591575623,
    0.5378984212875366,
    0.5786260366439819,
    0.5866568088531494,
    0.5514273643493652,
    0.5384550094604492,
    0.5304633378982544,
    0.5570743083953857,
    0.5465244054794312,
    0.5334170460700989,
    0.5298628807067871,
    0.5649844408035278,
    0.5708103775978088,
    0.5511249303817749,
    0.5527493953704834,
    0.567233145236969,
    0.5666405558586121,
    0.5485600233078003,
    0.5421467423439026,
    0.5451109409332275,
    0.5414322018623352,
    0.5376342535018921,
    0.5304391980171204,
    0.540943443775177,
    0.5672977566719055,
    0.5677293539047241,
    0.5583565831184387,
    0.5628147721290588,
    0.5746591091156006,
    0.5648398995399475,
    0.5611348748207092,
    0.5579184293746948,
    0.5518340468406677,
    0.5518897175788879,
    0.5489472150802612,
    0.5529060959815979,
    0.5512300729751587,
    0.5533761382102966,
    0.5520881414413452,
    0.5501748323440552,
    0.5482888221740723,
    0.5522897243499756,
    0.5512560606002808,
    0.5557944774627686,
    0.5590816140174866,
    0.5619043707847595,
    0.5572648048400879,
    0.558988094329834,
    0.5597758293151855,
    0.5666201114654541,
    0.5654278993606567
  ],