{
  "weighted_f1": {
    "mean": 0.8751962751950342,
    "std": NaN,
    "min": 0.8751962751950342,
    "max": 0.8751962751950342,
    "values": [
      0.8751962751950342
    ]
  },
  "macro_f1": {
    "mean": 0.8507642387500209,
    "std": NaN,
    "min": 0.8507642387500209,
    "max": 0.8507642387500209,
    "values": [
      0.8507642387500209
    ]
  },
  "weighted_accuracy": {
    "mean": 0.8803621169916435,
    "std": NaN,
    "min": 0.8803621169916435,
    "max": 0.8803621169916435,
    "values": [
      0.8803621169916435
    ]
  },
  "mean_auc": {
    "mean": 0.9833190007288333,
    "std": NaN,
    "min": 0.9833190007288333,
    "max": 0.9833190007288333,
    "values": [
      0.9833190007288333
    ]
  },
  "best_seed_idx": 0,
  "n_runs": 1
}