{
  "weighted_f1": {
    "mean": 0.8473711552825929,
    "std": NaN,
    "min": 0.8473711552825929,
    "max": 0.8473711552825929,
    "values": [
      0.8473711552825929
    ]
  },
  "macro_f1": {
    "mean": 0.8473711552825929,
    "std": NaN,
    "min": 0.8473711552825929,
    "max": 0.8473711552825929,
    "values": [
      0.8473711552825929
    ]
  },
  "weighted_accuracy": {
    "mean": 0.8463,
    "std": NaN,
    "min": 0.8463,
    "max": 0.8463,
    "values": [
      0.8463
    ]
  },
  "mean_auc": {
    "mean": 0.9849367777777778,
    "std": NaN,
    "min": 0.9849367777777778,
    "max": 0.9849367777777778,
    "values": [
      0.9849367777777778
    ]
  },
  "best_seed_idx": 0,
  "n_runs": 1
}