{
  "weighted_f1": 0.923152016175982,
  "macro_f1": 0.9167118681612032,
  "weighted_accuracy": 0.9246794871794872,
  "weighted_precision": 0.9290068236664726,
  "weighted_recall": 0.9246794871794872,
  "per_class_auc": [
    0.9659872890642122
  ],
  "mean_auc": 0.9659872890642122,
  "confusion_matrix": [
    [
      192,
      42
    ],
    [
      5,
      385
    ]
  ],
  "report": "              precision    recall  f1-score   support\n\n           0       0.97      0.82      0.89       234\n           1       0.90      0.99      0.94       390\n\n    accuracy                           0.92       624\n   macro avg       0.94      0.90      0.92       624\nweighted avg       0.93      0.92      0.92       624\n",
  "seed": 0
}