{
  "weighted_f1": 0.6006858452878825,
  "macro_f1": 0.42545143953041636,
  "weighted_accuracy": 0.5201995012468827,
  "weighted_precision": 0.7886740367897271,
  "weighted_recall": 0.5201995012468827,
  "per_class_auc": [
    0.8845077906449746,
    0.9356426041060508,
    0.8623453017570664,
    0.7762690299653402,
    0.8544412737237849,
    0.9100215178386927,
    0.9760749685885803
  ],
  "mean_auc": 0.8856146409463557,
  "confusion_matrix": [
    [
      36,
      18,
      1,
      9,
      2,
      0,
      0
    ],
    [
      12,
      51,
      1,
      28,
      3,
      1,
      7
    ],
    [
      21,
      18,
      77,
      62,
      32,
      7,
      3
    ],
    [
      2,
      3,
      0,
      17,
      1,
      0,
      0
    ],
    [
      9,
      8,
      18,
      33,
      127,
      22,
      6
    ],
    [
      13,
      14,
      38,
      349,
      154,
      707,
      66
    ],
    [
      0,
      0,
      0,
      1,
      0,
      0,
      28
    ]
  ],
  "report": "              precision    recall  f1-score   support\n\n           0       0.39      0.55      0.45        66\n           1       0.46      0.50      0.47       103\n           2       0.57      0.35      0.43       220\n           3       0.03      0.74      0.07        23\n           4       0.40      0.57      0.47       223\n           5       0.96      0.53      0.68      1341\n           6       0.25      0.97      0.40        29\n\n    accuracy                           0.52      2005\n   macro avg       0.44      0.60      0.43      2005\nweighted avg       0.79      0.52      0.60      2005\n",
  "seed": 0
}