{
  "weighted_f1": {
    "mean": 0.9249340459017878,
    "std": NaN,
    "min": 0.9249340459017878,
    "max": 0.9249340459017878,
    "values": [
      0.9249340459017878
    ]
  },
  "macro_f1": {
    "mean": 0.9187490800394027,
    "std": NaN,
    "min": 0.9187490800394027,
    "max": 0.9187490800394027,
    "values": [
      0.9187490800394027
    ]
  },
  "weighted_accuracy": {
    "mean": 0.9262820512820513,
    "std": NaN,
    "min": 0.9262820512820513,
    "max": 0.9262820512820513,
    "values": [
      0.9262820512820513
    ]
  },
  "mean_auc": {
    "mean": 0.9729563883410037,
    "std": NaN,
    "min": 0.9729563883410037,
    "max": 0.9729563883410037,
    "values": [
      0.9729563883410037
    ]
  },
  "best_seed_idx": 0,
  "n_runs": 1
}