{
  "train_loss": [
    1.4402445381201843,
    1.400365544246746,
    1.3038160778987216,
    1.1374713877936105,
    1.064596658590365,
    1.02262691627543,
    0.995351993877707,
    0.9619174359595706,
    0.9629629648189427,
    0.9378013175650229,
    0.9159296942417302,
    0.905313272882464,
    0.894890479061902,
    0.8855204588424058,
    0.8796771742468369,
    0.866216167720388,
    0.8587708609053458,
    0.8515248698873153,
    0.8418983715023212,
    0.828252613178687,
    0.81383691389346,
    0.8140467143235711,
    0.8051841536652979
  ],
  "train_acc": [
    0.147281290138433,
    0.19523333809048093,
    0.28428714142999856,
    0.36863136863136864,
    0.4027401170258313,
    0.41929499072356213,
    0.4305694305694306,
    0.45340373911802484,
    0.44555444555444557,
    0.4722420436706151,
    0.478806907378336,
    0.4925074925074925,
    0.5033537890680748,
    0.5060653632082204,
    0.5073497930640788,
    0.5296132438989581,
    0.5277579563293849,
    0.5360353931782503,
    0.5391751106036821,
    0.5483088340231197,
    0.5685742828599971,
    0.5581561295847011,
    0.5645782788639931
  ],
  "val_loss": [
    1.538855797628819,
    1.4733664603200058,
    1.1330114827674265,
    0.8015930592003515,
    0.7567880569640566,
    0.6630729536710684,
    0.6790740573750892,
    0.647890083335808,
    0.6628165591511864,
    0.6733955757568032,
    0.5984154685306644,
    0.6022400808476974,
    0.588651795865056,
    0.5938210162897766,
    0.5917106638639303,
    0.6235172687356517,
    0.6090438748642074,
    0.6346863198018858,
    0.6206508997905765,
    0.6270096083343445,
    0.6054176348275463,
    0.6301334342238673,
    0.6149175371510438
  ],
  "val_acc": [
    0.011964107676969093,
    0.20937188434695914,
    0.44865403788634095,
    0.5962113659022931,
    0.6350947158524427,
    0.6560319042871385,
    0.638085742771685,
    0.6699900299102692,
    0.6520438683948155,
    0.6620139581256231,
    0.6979062811565304,
    0.6959122632103689,
    0.6819541375872383,
    0.7048853439680958,
    0.7148554336989033,
    0.7008973080757727,
    0.6859421734795613,
    0.7018943170488534,
    0.6839481555333998,
    0.7028913260219342,
    0.6719840478564307,
    0.6600199401794616,
    0.6859421734795613
  ],
  "best_val_loss": 0.588651795865056,
  "total_time_s": 274.9594495296478,
  "stopped_epoch": 23
}