{
  "train_loss": [
    1.4287028600371001,
    1.3922868687364436,
    1.236703175679753,
    1.1029275067270747,
    1.05247195857184,
    1.0288937096420872,
    0.992011665787526,
    0.9561459584754698,
    0.9339943865115554,
    0.9413293819038235,
    0.9083848873014302,
    0.8950304910444883,
    0.8737114462631991,
    0.8628336269266513,
    0.8625291973475776,
    0.8605173446064722,
    0.8475994126967191,
    0.8375703499339966,
    0.8128114468840061,
    0.8209596410089609,
    0.8138657960484095,
    0.803349686456642,
    0.7991200066827513,
    0.8002141053060399,
    0.7942709923385979,
    0.7779880952389345,
    0.7726717021013779,
    0.7560686859949111,
    0.7658528955904516,
    0.7615808919763299,
    0.7511621205633541,
    0.7514873411476111,
    0.7437966141429219,
    0.7330770972146957,
    0.7415990006554496,
    0.7257904178731805
  ],
  "train_acc": [
    0.15855572998430142,
    0.22120736406450692,
    0.3188240331097474,
    0.3857571000428143,
    0.4037391180248323,
    0.4171542742971314,
    0.4385614385614386,
    0.4586841729698873,
    0.4746681889539032,
    0.4803767660910518,
    0.48408734123019836,
    0.501213072641644,
    0.5166262309119452,
    0.5288996717568146,
    0.525189096617668,
    0.5296132438989581,
    0.5296132438989581,
    0.540174111602683,
    0.5592978450121308,
    0.5577279862994149,
    0.5610104181532753,
    0.565149136577708,
    0.5668617097188525,
    0.5662908520051377,
    0.5665762808619952,
    0.5788497217068646,
    0.5804195804195804,
    0.5905523048380191,
    0.5915513058370201,
    0.5944055944055944,
    0.5845582988440131,
    0.5944055944055944,
    0.5956900242614528,
    0.6075353218210361,
    0.6106750392464678,
    0.6096760382474669
  ],
  "val_loss": [
    1.3808355610724816,
    1.275547365842764,
    0.8992181570674939,
    0.9239603475345334,
    0.7154793787454203,
    0.7564843729628642,
    0.7466279784679888,
    0.6838394858663602,
    0.6286203898080919,
    0.6393158445924015,
    0.7660787889394066,
    0.6264667121743633,
    0.6146457454380937,
    0.6379697110693333,
    0.6050096394889732,
    0.6435635597969694,
    0.647734582780722,
    0.6209424825632204,
    0.6010695519380769,
    0.6359150535088118,
    0.6322413880233156,
    0.6570101962132325,
    0.631781132485075,
    0.6104877299943926,
    0.6166532760484149,
    0.5962532356396273,
    0.6560445191971921,
    0.6334485202463175,
    0.6215841931217571,
    0.6761945824799009,
    0.6585348257395706,
    0.6240557195063483,
    0.6595631263786156,
    0.662287936847683,
    0.6279943534883402,
    0.6114711699076926
  ],
  "val_acc": [
    0.11266201395812563,
    0.39082751744765704,
    0.5403788634097707,
    0.5164506480558325,
    0.5663010967098704,
    0.5732801595214357,
    0.5742771684945165,
    0.6111665004985045,
    0.6430707876370887,
    0.6759720837487537,
    0.6071784646061814,
    0.6650049850448654,
    0.6440677966101694,
    0.6440677966101694,
    0.638085742771685,
    0.6331006979062812,
    0.609172482552343,
    0.67098703888335,
    0.6480558325024925,
    0.6440677966101694,
    0.6610169491525424,
    0.6321036889332003,
    0.6679960119641076,
    0.6719840478564307,
    0.674975074775673,
    0.6620139581256231,
    0.6141575274177468,
    0.6390827517447657,
    0.6430707876370887,
    0.6271186440677966,
    0.6261216350947159,
    0.6360917248255235,
    0.6211365902293121,
    0.6221335992023929,
    0.6370887337986042,
    0.6370887337986042
  ],
  "best_val_loss": 0.5962532356396273,
  "total_time_s": 419.92281794548035,
  "stopped_epoch": 36
}