{
  "train_loss": [
    1.436286771469285,
    1.3960064076077534,
    1.2460086919687368,
    1.1115912474118745,
    1.0511030054507522,
    1.0091573973431538,
    0.9748107284898677,
    0.9495516544795672,
    0.9358724082810946,
    0.9142006646894398,
    0.9029394588525581,
    0.8989009610575958,
    0.8833891020975321,
    0.8699076668382865,
    0.8681666741310589,
    0.8576561930993832,
    0.8450930864320633,
    0.8451112482148637,
    0.8147295761060762,
    0.8165205066173788,
    0.8148374804352088,
    0.8026352575455784,
    0.8065890866151393
  ],
  "train_acc": [
    0.14870843442272014,
    0.20679320679320679,
    0.33352361923790497,
    0.37576709005280434,
    0.4053089767375482,
    0.424860853432282,
    0.45054945054945056,
    0.46853146853146854,
    0.4722420436706151,
    0.4830883402311974,
    0.4955044955044955,
    0.5004995004995005,
    0.5133437990580848,
    0.5161980876266591,
    0.5146282289139432,
    0.5288996717568146,
    0.5357499643213929,
    0.5414585414585414,
    0.5554445554445554,
    0.5540174111602683,
    0.5577279862994149,
    0.5664335664335665,
    0.5652918510061368
  ],
  "val_loss": [
    1.4417967251980175,
    1.3927176351680357,
    0.8218499220617984,
    0.8322930280732015,
    0.8058679985738585,
    0.7602747457690634,
    0.866612392788751,
    0.6862008997117535,
    0.6681962929599188,
    0.6857922776033015,
    0.6369465093313162,
    0.677187450088984,
    0.6279746342751227,
    0.6506347401310891,
    0.7407999889681846,
    0.6692849735201059,
    0.6539831786070127,
    0.6401639565870032,
    0.6402349601595375,
    0.6477481277133984,
    0.6967863158238374,
    0.6415194488118439,
    0.6843981486731251
  ],
  "val_acc": [
    0.053838484546360914,
    0.22033898305084745,
    0.6620139581256231,
    0.5663010967098704,
    0.5523429710867398,
    0.5942173479561316,
    0.559322033898305,
    0.5722831505483549,
    0.6241276171485544,
    0.6390827517447657,
    0.6699900299102692,
    0.674975074775673,
    0.6689930209371885,
    0.617148554336989,
    0.6510468594217348,
    0.6779661016949152,
    0.6769690927218345,
    0.6809571286141576,
    0.6291126620139581,
    0.6679960119641076,
    0.6410767696909272,
    0.646061814556331,
    0.654037886340977
  ],
  "best_val_loss": 0.6279746342751227,
  "total_time_s": 290.1753213405609,
  "stopped_epoch": 23
}