{
  "train_loss": [
    1.4358035881134485,
    1.4168246370316642,
    1.3124128549980576,
    1.1543220760513682,
    1.082657019728275,
    1.0365781529459783,
    0.9891762935827747,
    0.9606610631507219,
    0.942932745878547,
    0.9206183768125137,
    0.908784813950333,
    0.9065229424791293,
    0.8849030078537746,
    0.8645940597308793,
    0.8594634667245199,
    0.8401732300153656,
    0.8382760759714719,
    0.8378843876167832,
    0.841911570226583
  ],
  "train_acc": [
    0.1371485657199943,
    0.1756814613957471,
    0.27972027972027974,
    0.36863136863136864,
    0.39688882546025406,
    0.4154417011559869,
    0.4449835878407307,
    0.46182389039531896,
    0.4702440416726131,
    0.49835878407306977,
    0.5010703582132153,
    0.501783930355359,
    0.5110603682032253,
    0.533751962323391,
    0.531183102611674,
    0.5387469673183959,
    0.5367489653203938,
    0.5416012558869702,
    0.5416012558869702
  ],
  "val_loss": [
    1.4614102078577575,
    1.4036130083878993,
    1.1415064790075347,
    0.9263292845795423,
    0.8233852707376984,
    0.7450358680452212,
    0.7074191476388325,
    0.7838083463437774,
    0.6649964497548158,
    0.681447322026326,
    0.7219570408076612,
    0.6743356167735274,
    0.7157207641858284,
    0.7614071451179527,
    0.6925972701901809,
    0.6702169045612796,
    0.7546454084478132,
    0.8137350787194157,
    0.76671500677839
  ],
  "val_acc": [
    0.013958125623130608,
    0.18444666001994017,
    0.37387836490528414,
    0.4915254237288136,
    0.5603190428713859,
    0.5413758723828515,
    0.5852442671984048,
    0.6061814556331007,
    0.6291126620139581,
    0.6729810568295115,
    0.6450648055832503,
    0.6819541375872383,
    0.650049850448654,
    0.6291126620139581,
    0.6630109670987039,
    0.6590229312063809,
    0.6370887337986042,
    0.638085742771685,
    0.6370887337986042
  ],
  "best_val_loss": 0.6649964497548158,
  "total_time_s": 224.77203130722046,
  "stopped_epoch": 19
}