{
  "train_loss": [
    1.4373190700710117,
    1.4018510443449395,
    1.3150960193885552,
    1.18713404670564,
    1.0861969178900563,
    1.0244537870265014,
    0.9793752928305509,
    0.9402312128625856,
    0.9408427168609447,
    0.9154621097285142,
    0.8922296981082011,
    0.8799880634484523,
    0.876810901172154,
    0.862988893564169,
    0.8419334597708037,
    0.8420752343308726,
    0.8397518751436487,
    0.8312978516789362,
    0.8113205548324275,
    0.810260869772097,
    0.8021329631644818,
    0.7958163480386425,
    0.7868948662367802,
    0.7843172509625684,
    0.7819589233711475,
    0.7664242521474922,
    0.7716675243534885,
    0.760932340080258,
    0.7501485759204441,
    0.7457749084907778,
    0.7461558752313768,
    0.7446441151828012,
    0.7325480265421382,
    0.7473404699442338,
    0.7054664679238472,
    0.7283193030370291,
    0.7266537025581502,
    0.723671178828297,
    0.7152096669378236,
    0.7177663569921976,
    0.7204904031086635,
    0.702652124198643
  ],
  "train_acc": [
    0.14342800057085772,
    0.18709861567004424,
    0.24033109747395462,
    0.33138290281147426,
    0.39845868417296987,
    0.4351362922791494,
    0.46353646353646355,
    0.4865134865134865,
    0.4862280576566291,
    0.5000713572142144,
    0.510774939346368,
    0.5130583702012274,
    0.5122020836306551,
    0.52718709861567,
    0.5480234051662624,
    0.5364635364635365,
    0.5423148280291138,
    0.5530184101612673,
    0.5692878550021407,
    0.5575852718709862,
    0.5694305694305695,
    0.570144141572713,
    0.5784215784215784,
    0.5809904381332953,
    0.5737120022834309,
    0.5848437277008706,
    0.57713714856572,
    0.5905523048380191,
    0.5994005994005994,
    0.6038247466818896,
    0.5994005994005994,
    0.5989724561153132,
    0.6149564720993292,
    0.6009704581133153,
    0.6223776223776224,
    0.6133866133866134,
    0.6116740402454688,
    0.6159554730983302,
    0.6176680462394748,
    0.6176680462394748,
    0.6162409019551877,
    0.6236620522334808
  ],
  "val_loss": [
    1.2723522747264189,
    1.0183948222566341,
    1.0060993807384762,
    1.096093396840994,
    1.152612987686606,
    0.7707879594411118,
    0.8013954846595125,
    0.8205614744250106,
    0.8103790487035559,
    0.762696932403302,
    0.6954306147153213,
    0.721704537704483,
    0.8357101317535963,
    0.74517901635479,
    0.6658890953330195,
    0.6712184871063156,
    0.6813650510365798,
    0.7543788259906522,
    0.6640902481906317,
    0.6901198329027011,
    0.6817305860585967,
    0.6618936473089582,
    0.6966846330334634,
    0.7069767435431361,
    0.6893972401485843,
    0.6772528031055378,
    0.6363805884853793,
    0.6524471197266165,
    0.6577861081448533,
    0.6613747708699995,
    0.636789540944998,
    0.624556494793174,
    0.650138906859686,
    0.6424055827460284,
    0.6424367344034753,
    0.6423866498624815,
    0.6282040453622728,
    0.6534383313011671,
    0.6367993149776402,
    0.6391258459029383,
    0.6474431237337716,
    0.6334131002307295
  ],
  "val_acc": [
    0.6660019940179461,
    0.6211365902293121,
    0.5722831505483549,
    0.44466600199401796,
    0.5194416749750748,
    0.6251246261216351,
    0.6480558325024925,
    0.6650049850448654,
    0.6729810568295115,
    0.654037886340977,
    0.6679960119641076,
    0.6879361914257228,
    0.6490528414755733,
    0.6231306081754736,
    0.6640079760717846,
    0.6759720837487537,
    0.6510468594217348,
    0.6071784646061814,
    0.6590229312063809,
    0.6620139581256231,
    0.6331006979062812,
    0.67098703888335,
    0.6590229312063809,
    0.6630109670987039,
    0.634097706879362,
    0.6620139581256231,
    0.6809571286141576,
    0.6839481555333998,
    0.6640079760717846,
    0.6301096709870389,
    0.6590229312063809,
    0.6600199401794616,
    0.6400797607178464,
    0.6331006979062812,
    0.6669990029910269,
    0.646061814556331,
    0.6650049850448654,
    0.6590229312063809,
    0.6470588235294118,
    0.6570289132602194,
    0.6520438683948155,
    0.6530408773678963
  ],
  "best_val_loss": 0.624556494793174,
  "total_time_s": 741.1250772476196,
  "stopped_epoch": 42
}