{
  "train_loss": [
    1.4349899664744512,
    1.399328298519048,
    1.2706524380369093,
    1.1382040944983416,
    1.0450733063716733,
    1.0214899234634265,
    0.9880840752831501,
    0.944160614431168,
    0.9319046537733561,
    0.9160596856431918,
    0.9133353260558019,
    0.8953809009582353,
    0.8881696074397176,
    0.8751157699986193,
    0.8694903041762837,
    0.8567681089522104,
    0.8459469397261631,
    0.8375444013194213,
    0.8292519913363494,
    0.8162307157927511,
    0.8130974810678404,
    0.7990374910145832,
    0.7992654016103999,
    0.7981440238713096,
    0.7772077225117842,
    0.789665264742715,
    0.768537284891701,
    0.7799346961545692,
    0.7865032847400261,
    0.7762660173728766,
    0.7756385293176346,
    0.7534932469579894,
    0.7410233139532413,
    0.7412756326043081,
    0.7370676553009478,
    0.7364288962004748,
    0.7441177979692236,
    0.7195516771471958,
    0.7281817909533752,
    0.7288552835866526,
    0.734545191225455
  ],
  "train_acc": [
    0.156272299129442,
    0.21150278293135436,
    0.3084058798344513,
    0.3629227914942201,
    0.4217211360068503,
    0.42115027829313545,
    0.447837876409305,
    0.4672470386756101,
    0.4766661909519052,
    0.4855144855144855,
    0.4913657770800628,
    0.5029256457827886,
    0.5073497930640788,
    0.5140573712002283,
    0.5209076637648066,
    0.5323248180391038,
    0.5454545454545454,
    0.5445982588839732,
    0.5523048380191238,
    0.5604395604395604,
    0.5527329813044098,
    0.5647209932924219,
    0.5625802768659911,
    0.5682888540031397,
    0.5817040102754388,
    0.570144141572713,
    0.5925503068360212,
    0.5742828599971457,
    0.5724275724275725,
    0.5769944341372912,
    0.5807050092764379,
    0.5914085914085914,
    0.5998287426858856,
    0.6015413158270301,
    0.6046810332524618,
    0.5994005994005994,
    0.5988297416868845,
    0.6142428999571856,
    0.6088197516768945,
    0.6075353218210361,
    0.6036820322534608
  ],
  "val_loss": [
    1.3098848665937233,
    1.1091354926110264,
    0.9779398213117453,
    0.7696140746057687,
    0.7016756819228708,
    0.8561957473769145,
    0.703601541868592,
    0.6882297889898686,
    0.6780655418531013,
    0.722623911657457,
    0.6767717787061827,
    0.6937263240129617,
    0.6584754160132745,
    0.666296790271314,
    0.6800994764296626,
    0.6228497287449785,
    0.6930073247711775,
    0.6625986137870302,
    0.6773277040968388,
    0.6164916506555239,
    0.628646327871625,
    0.6546676155339447,
    0.6577199315977239,
    0.6516825231692845,
    0.6008158042685222,
    0.65843120868042,
    0.6202051814864663,
    0.606051744813339,
    0.6032629382693518,
    0.5982555656109826,
    0.5800917812382592,
    0.6001428460195319,
    0.6413452603286903,
    0.6018415103524418,
    0.6145854144248506,
    0.5978409940913573,
    0.604518373549757,
    0.6131717574560749,
    0.6206811903599847,
    0.6017501977005841,
    0.6117780685781363
  ],
  "val_acc": [
    0.6689930209371885,
    0.6061814556331007,
    0.4695912263210369,
    0.6251246261216351,
    0.6480558325024925,
    0.5902293120638086,
    0.6420737786640079,
    0.6819541375872383,
    0.6390827517447657,
    0.6530408773678963,
    0.6570289132602194,
    0.646061814556331,
    0.6809571286141576,
    0.6660019940179461,
    0.6400797607178464,
    0.6620139581256231,
    0.6350947158524427,
    0.6679960119641076,
    0.6301096709870389,
    0.6879361914257228,
    0.6819541375872383,
    0.6520438683948155,
    0.6331006979062812,
    0.6630109670987039,
    0.7058823529411765,
    0.6440677966101694,
    0.6660019940179461,
    0.6580259222333001,
    0.6650049850448654,
    0.6590229312063809,
    0.7028913260219342,
    0.6779661016949152,
    0.6640079760717846,
    0.674975074775673,
    0.67098703888335,
    0.6620139581256231,
    0.6809571286141576,
    0.6630109670987039,
    0.6600199401794616,
    0.6779661016949152,
    0.674975074775673
  ],
  "best_val_loss": 0.5800917812382592,
  "total_time_s": 866.019035577774,
  "stopped_epoch": 41
}