{
  "train_loss": [
    1.4279045705127023,
    1.3943739546609364,
    1.2799567758943446,
    1.1722087544518394,
    1.1059575913822461,
    1.045234637966812,
    1.0081695675662772,
    0.9723835752526516,
    0.9425105585833495,
    0.9247678447351555,
    0.912194716704118,
    0.8957223799576752,
    0.8910160277358335,
    0.8788390643538465,
    0.8524951614121559,
    0.853876684997159,
    0.8490068441504365,
    0.8314485657193001,
    0.8261498428792914,
    0.8195231442991125,
    0.7979234142787994,
    0.8048469987374256,
    0.7858252069129061
  ],
  "train_acc": [
    0.15270443841872414,
    0.20650777793634936,
    0.2772941344369916,
    0.3429427715142001,
    0.3874696731839589,
    0.426858855430284,
    0.4359925788497217,
    0.45054945054945056,
    0.46553446553446554,
    0.4755244755244755,
    0.4865134865134865,
    0.5009276437847866,
    0.5026402169259312,
    0.5194805194805194,
    0.5306122448979592,
    0.5263308120450978,
    0.5367489653203938,
    0.5451691165976881,
    0.5540174111602683,
    0.546168117596689,
    0.5680034251462823,
    0.5685742828599971,
    0.578136149564721
  ],
  "val_loss": [
    1.3801589604032598,
    1.09223348359881,
    0.920688620117583,
    0.7284448004791054,
    0.8096117426010809,
    0.7191427021416448,
    0.6820227745047595,
    0.6233676493108451,
    0.6140538074321309,
    0.677368758029025,
    0.6205528453958118,
    0.7552606874662763,
    0.6075476790116292,
    0.660379016506351,
    0.6457770013381334,
    0.6385378598691459,
    0.6220278173595934,
    0.6440758371162985,
    0.6325091792127546,
    0.6468589635694015,
    0.6770307747340749,
    0.6790507363298479,
    0.6253120391699276
  ],
  "val_acc": [
    0.42771684945164506,
    0.5343968095712861,
    0.5304087736789631,
    0.6570289132602194,
    0.613160518444666,
    0.613160518444666,
    0.6321036889332003,
    0.678963110667996,
    0.6550348953140578,
    0.6311066799601196,
    0.6839481555333998,
    0.5982053838484547,
    0.6819541375872383,
    0.6261216350947159,
    0.6311066799601196,
    0.6679960119641076,
    0.6849451645064806,
    0.6650049850448654,
    0.6610169491525424,
    0.638085742771685,
    0.6450648055832503,
    0.6181455633100698,
    0.6550348953140578
  ],
  "best_val_loss": 0.6075476790116292,
  "total_time_s": 246.61507534980774,
  "stopped_epoch": 23
}