{
  "train_loss": [
    1.428410798723796,
    1.3848989103598177,
    1.2603716783249992,
    1.1095430513617144,
    1.0453154738932375,
    1.0191135858186253,
    0.9837384569980082,
    0.9587723669183055,
    0.9377527507698551,
    0.9383014535298272,
    0.9217848130770956,
    0.9034504800954116,
    0.8890464849949767,
    0.8703048287146404,
    0.8598377160718408,
    0.8646313814850121,
    0.8408729912245582,
    0.8553554898868772,
    0.8337536985598227
  ],
  "train_acc": [
    0.15284715284715283,
    0.22249179392036536,
    0.3196803196803197,
    0.38204652490366775,
    0.41144569715998286,
    0.4033109747395462,
    0.4277151420008563,
    0.4551163122591694,
    0.46895961181675466,
    0.4775224775224775,
    0.4742400456686171,
    0.4930783502212074,
    0.5143428000570858,
    0.5100613672042243,
    0.5298986727558156,
    0.5353218210361067,
    0.5397459683173969,
    0.5384615384615384,
    0.5448836877408306
  ],
  "val_loss": [
    1.4145338458054562,
    1.1739559237764459,
    1.0212262503409077,
    0.8018737129295098,
    0.7678517226207767,
    0.6717944892786317,
    0.7159370385400082,
    0.7058557983290995,
    0.6061869999941658,
    0.6840831570230714,
    0.6485299644536773,
    0.638166836703406,
    0.6366809167985545,
    0.6805040941518896,
    0.6741232560020858,
    0.6427136561568689,
    0.6738960824958824,
    0.6891433909193706,
    0.6449704606416575
  ],
  "val_acc": [
    0.058823529411764705,
    0.42273180458624127,
    0.5004985044865404,
    0.5443668993020937,
    0.5324027916251246,
    0.650049850448654,
    0.6231306081754736,
    0.6400797607178464,
    0.6979062811565304,
    0.6550348953140578,
    0.6301096709870389,
    0.6739780658025922,
    0.6909272183449651,
    0.638085742771685,
    0.6151545363908275,
    0.654037886340977,
    0.6560319042871385,
    0.6141575274177468,
    0.6480558325024925
  ],
  "best_val_loss": 0.6061869999941658,
  "total_time_s": 311.4934718608856,
  "stopped_epoch": 19
}