{
  "train_loss": [
    1.4251888772467156,
    1.3664745675763816,
    1.2471190775718433,
    1.1291627593501175,
    1.0553667771419852,
    0.9806151929214029,
    0.9597899000961464,
    0.9418502450669834,
    0.9211421874921333,
    0.8957820228729367,
    0.9005621646922887,
    0.8871340019923739,
    0.8814851291614847,
    0.8630351109734034,
    0.8496638079487139,
    0.8339844745934324,
    0.8381935295610196,
    0.8072827579428334,
    0.8161491361480305,
    0.8099099937478162,
    0.819838750255215,
    0.7897114040032592,
    0.785414799280168,
    0.7939226961057605,
    0.7765716525020384
  ],
  "train_acc": [
    0.16968745540174113,
    0.23761952333380904,
    0.3036963036963037,
    0.37962037962037964,
    0.41358641358641357,
    0.44041672613101185,
    0.4589696018267447,
    0.4725274725274725,
    0.4825174825174825,
    0.505209076637648,
    0.49793064078778365,
    0.5204795204795205,
    0.5223348080490937,
    0.5286142428999572,
    0.5350363921792494,
    0.5465962608819752,
    0.54716711859569,
    0.5595832738689882,
    0.5554445554445554,
    0.5654345654345654,
    0.5632938490081347,
    0.5722848579991437,
    0.5782788639931498,
    0.5787070072784358,
    0.5818467247038676
  ],
  "val_loss": [
    1.4097076121973968,
    1.1323342205639018,
    0.9468134586975082,
    0.7480233992085025,
    0.6916093992093506,
    0.662714261179075,
    0.681139293066407,
    0.6768982034262013,
    0.6854446732986009,
    0.6809428211817832,
    0.6457482793276474,
    0.7195165720085798,
    0.6532615542649509,
    0.627023560694184,
    0.6223752375019869,
    0.6315702307497635,
    0.8100703073403652,
    0.6720769758951866,
    0.6380294344479873,
    0.6489991273504431,
    0.6295807332483864,
    0.6274134674195873,
    0.6743084183956309,
    0.6498505541477222,
    0.6567568479482816
  ],
  "val_acc": [
    0.3120638085742772,
    0.5264207377866401,
    0.5692921236291126,
    0.6241276171485544,
    0.613160518444666,
    0.6620139581256231,
    0.6520438683948155,
    0.6450648055832503,
    0.646061814556331,
    0.6699900299102692,
    0.6799601196410767,
    0.6360917248255235,
    0.6799601196410767,
    0.678963110667996,
    0.6669990029910269,
    0.6769690927218345,
    0.6051844466600199,
    0.6829511465603191,
    0.6769690927218345,
    0.6580259222333001,
    0.6570289132602194,
    0.67098703888335,
    0.6510468594217348,
    0.6550348953140578,
    0.6719840478564307
  ],
  "best_val_loss": 0.6223752375019869,
  "total_time_s": 334.6680099964142,
  "stopped_epoch": 25
}