{
  "train_loss": [
    1.438551500739496,
    1.4048355874447709,
    1.3096345901251076,
    1.1563588060120704,
    1.0664411895843686,
    1.030371459273549,
    0.9992215538290303,
    0.967922823276332,
    0.9528246865014607,
    0.9337299207537256,
    0.9093055639267649,
    0.8892389800624431,
    0.8929030533369077,
    0.8880582959995267,
    0.8467498486998487,
    0.8486758501838988,
    0.8354899920783676,
    0.8288339600509289,
    0.8225431133391804,
    0.7908482479865394,
    0.803526368183026,
    0.803593139284702,
    0.7982829638379472
  ],
  "train_acc": [
    0.15670044241472814,
    0.19951477094334238,
    0.27929213643499357,
    0.36235193378050523,
    0.40516626230911945,
    0.4225774225774226,
    0.4275724275724276,
    0.4539745968317397,
    0.4582560296846011,
    0.47695161980876266,
    0.4842300556586271,
    0.5046382189239332,
    0.5076352219209362,
    0.5056372199229342,
    0.5317539603253889,
    0.53717710860568,
    0.5513058370201227,
    0.5543028400171257,
    0.5510204081632653,
    0.5674325674325674,
    0.5592978450121308,
    0.5644355644355644,
    0.5719994291422863
  ],
  "val_loss": [
    1.3063081815497113,
    1.2561781500296245,
    0.904333649223609,
    0.9605491576142468,
    0.7065149917084341,
    0.7043326263532325,
    0.6896867453754839,
    0.8399751368809792,
    0.6713994288016649,
    0.7281515970306168,
    0.6440391075813164,
    0.6814565503466522,
    0.60446165773947,
    0.6858396048203541,
    0.6301931043564977,
    0.6382956194021885,
    0.6355989602722175,
    0.6826460696051152,
    0.6949972800338494,
    0.6214692983052073,
    0.6696459033553408,
    0.6901989550676089,
    0.7427000830679805
  ],
  "val_acc": [
    0.6689930209371885,
    0.5064805583250249,
    0.5114656031904287,
    0.4745762711864407,
    0.6011964107676969,
    0.654037886340977,
    0.6410767696909272,
    0.609172482552343,
    0.6510468594217348,
    0.6420737786640079,
    0.6620139581256231,
    0.6430707876370887,
    0.6430707876370887,
    0.6410767696909272,
    0.6221335992023929,
    0.6640079760717846,
    0.6520438683948155,
    0.6101694915254238,
    0.6669990029910269,
    0.6241276171485544,
    0.6101694915254238,
    0.6211365902293121,
    0.5862412761714856
  ],
  "best_val_loss": 0.60446165773947,
  "total_time_s": 589.9516253471375,
  "stopped_epoch": 23
}