{
  "weighted_f1": 0.8645530347854051,
  "macro_f1": 0.8645530347854052,
  "weighted_accuracy": 0.8636,
  "weighted_precision": 0.8696224045938152,
  "weighted_recall": 0.8636,
  "per_class_auc": [
    0.9938611111111111,
    0.9981664444444445,
    0.9833152222222222,
    0.9709835555555557,
    0.9875926666666667,
    0.9809984444444444,
    0.989775,
    0.994032111111111,
    0.9952583333333332,
    0.9964627777777777
  ],
  "mean_auc": 0.9890445666666666,
  "confusion_matrix": [
    [
      919,
      11,
      14,
      14,
      0,
      3,
      0,
      6,
      18,
      15
    ],
    [
      4,
      963,
      0,
      0,
      1,
      1,
      0,
      1,
      1,
      29
    ],
    [
      43,
      2,
      810,
      55,
      23,
      34,
      14,
      12,
      5,
      2
    ],
    [
      12,
      1,
      24,
      770,
      21,
      140,
      16,
      10,
      5,
      1
    ],
    [
      20,
      1,
      46,
      64,
      762,
      45,
      9,
      47,
      6,
      0
    ],
    [
      8,
      0,
      13,
      102,
      9,
      843,
      4,
      19,
      0,
      2
    ],
    [
      10,
      4,
      34,
      88,
      10,
      25,
      819,
      6,
      1,
      3
    ],
    [
      7,
      0,
      10,
      18,
      4,
      32,
      0,
      926,
      1,
      2
    ],
    [
      52,
      17,
      6,
      6,
      1,
      2,
      2,
      1,
      900,
      13
    ],
    [
      9,
      50,
      2,
      7,
      0,
      2,
      0,
      2,
      4,
      924
    ]
  ],
  "report": "              precision    recall  f1-score   support\n\n           0       0.85      0.92      0.88      1000\n           1       0.92      0.96      0.94      1000\n           2       0.84      0.81      0.83      1000\n           3       0.69      0.77      0.73      1000\n           4       0.92      0.76      0.83      1000\n           5       0.75      0.84      0.79      1000\n           6       0.95      0.82      0.88      1000\n           7       0.90      0.93      0.91      1000\n           8       0.96      0.90      0.93      1000\n           9       0.93      0.92      0.93      1000\n\n    accuracy                           0.86     10000\n   macro avg       0.87      0.86      0.86     10000\nweighted avg       0.87      0.86      0.86     10000\n",
  "seed": 0
}