{
  "weighted_f1": 0.7953469281143305,
  "macro_f1": 0.7502789231142373,
  "weighted_accuracy": 0.7884615384615384,
  "weighted_precision": 0.8102005157326645,
  "weighted_recall": 0.7884615384615384,
  "per_class_auc": [
    0.8172514619883041
  ],
  "mean_auc": 0.8172514619883041,
  "confusion_matrix": [
    [
      31,
      11
    ],
    [
      22,
      92
    ]
  ],
  "report": "              precision    recall  f1-score   support\n\n           0       0.58      0.74      0.65        42\n           1       0.89      0.81      0.85       114\n\n    accuracy                           0.79       156\n   macro avg       0.74      0.77      0.75       156\nweighted avg       0.81      0.79      0.80       156\n",
  "seed": 8
}