{
  "weighted_f1": 0.8250532076619033,
  "macro_f1": 0.784189723320158,
  "weighted_accuracy": 0.8205128205128205,
  "weighted_precision": 0.8341364296081277,
  "weighted_recall": 0.8205128205128205,
  "per_class_auc": [
    0.829156223893066
  ],
  "mean_auc": 0.829156223893066,
  "confusion_matrix": [
    [
      32,
      10
    ],
    [
      18,
      96
    ]
  ],
  "report": "              precision    recall  f1-score   support\n\n           0       0.64      0.76      0.70        42\n           1       0.91      0.84      0.87       114\n\n    accuracy                           0.82       156\n   macro avg       0.77      0.80      0.78       156\nweighted avg       0.83      0.82      0.83       156\n",
  "seed": 2
}