{
  "weighted_f1": 0.8198247322297955,
  "macro_f1": 0.7630379746835443,
  "weighted_accuracy": 0.8269230769230769,
  "weighted_precision": 0.8196315879242708,
  "weighted_recall": 0.8269230769230769,
  "per_class_auc": [
    0.8360484544695072
  ],
  "mean_auc": 0.8360484544695072,
  "confusion_matrix": [
    [
      24,
      18
    ],
    [
      9,
      105
    ]
  ],
  "report": "              precision    recall  f1-score   support\n\n           0       0.73      0.57      0.64        42\n           1       0.85      0.92      0.89       114\n\n    accuracy                           0.83       156\n   macro avg       0.79      0.75      0.76       156\nweighted avg       0.82      0.83      0.82       156\n",
  "seed": 5
}