{
  "weighted_f1": 0.7988924655591322,
  "macro_f1": 0.7415424082090749,
  "weighted_accuracy": 0.8012820512820513,
  "weighted_precision": 0.797172912557528,
  "weighted_recall": 0.8012820512820513,
  "per_class_auc": [
    0.808688387635756
  ],
  "mean_auc": 0.808688387635756,
  "confusion_matrix": [
    [
      25,
      17
    ],
    [
      14,
      100
    ]
  ],
  "report": "              precision    recall  f1-score   support\n\n           0       0.64      0.60      0.62        42\n           1       0.85      0.88      0.87       114\n\n    accuracy                           0.80       156\n   macro avg       0.75      0.74      0.74       156\nweighted avg       0.80      0.80      0.80       156\n",
  "seed": 6
}