{
  "weighted_f1": 0.7896189458689459,
  "macro_f1": 0.744212962962963,
  "weighted_accuracy": 0.782051282051282,
  "weighted_precision": 0.8065191888721301,
  "weighted_recall": 0.782051282051282,
  "per_class_auc": [
    0.8157894736842105
  ],
  "mean_auc": 0.8157894736842105,
  "confusion_matrix": [
    [
      31,
      11
    ],
    [
      23,
      91
    ]
  ],
  "report": "              precision    recall  f1-score   support\n\n           0       0.57      0.74      0.65        42\n           1       0.89      0.80      0.84       114\n\n    accuracy                           0.78       156\n   macro avg       0.73      0.77      0.74       156\nweighted avg       0.81      0.78      0.79       156\n",
  "seed": 4
}