{
  "weighted_f1": 0.8159105851413543,
  "macro_f1": 0.7606837606837606,
  "weighted_accuracy": 0.8205128205128205,
  "weighted_precision": 0.8142094017094016,
  "weighted_recall": 0.8205128205128205,
  "per_class_auc": [
    0.8270676691729323
  ],
  "mean_auc": 0.8270676691729323,
  "confusion_matrix": [
    [
      25,
      17
    ],
    [
      11,
      103
    ]
  ],
  "report": "              precision    recall  f1-score   support\n\n           0       0.69      0.60      0.64        42\n           1       0.86      0.90      0.88       114\n\n    accuracy                           0.82       156\n   macro avg       0.78      0.75      0.76       156\nweighted avg       0.81      0.82      0.82       156\n",
  "seed": 7
}