{
  "weighted_f1": 0.8308388444135051,
  "macro_f1": 0.790562378797673,
  "weighted_accuracy": 0.8269230769230769,
  "weighted_precision": 0.8382972168018897,
  "weighted_recall": 0.8269230769230769,
  "per_class_auc": [
    0.8362573099415205
  ],
  "mean_auc": 0.8362573099415205,
  "confusion_matrix": [
    [
      32,
      10
    ],
    [
      17,
      97
    ]
  ],
  "report": "              precision    recall  f1-score   support\n\n           0       0.65      0.76      0.70        42\n           1       0.91      0.85      0.88       114\n\n    accuracy                           0.83       156\n   macro avg       0.78      0.81      0.79       156\nweighted avg       0.84      0.83      0.83       156\n",
  "seed": 3
}