{
  "weighted_f1": 0.8175729442970822,
  "macro_f1": 0.7646551724137931,
  "weighted_accuracy": 0.8205128205128205,
  "weighted_precision": 0.8158924037603787,
  "weighted_recall": 0.8205128205128205,
  "per_class_auc": [
    0.8178780284043442
  ],
  "mean_auc": 0.8178780284043442,
  "confusion_matrix": [
    [
      26,
      16
    ],
    [
      12,
      102
    ]
  ],
  "report": "              precision    recall  f1-score   support\n\n           0       0.68      0.62      0.65        42\n           1       0.86      0.89      0.88       114\n\n    accuracy                           0.82       156\n   macro avg       0.77      0.76      0.76       156\nweighted avg       0.82      0.82      0.82       156\n",
  "seed": 1
}