{
  "weighted_f1": {
    "mean": 0.9180818326874857,
    "std": NaN,
    "min": 0.9180818326874857,
    "max": 0.9180818326874857,
    "values": [
      0.9180818326874857
    ]
  },
  "macro_f1": {
    "mean": 0.9111009801686802,
    "std": NaN,
    "min": 0.9111009801686802,
    "max": 0.9111009801686802,
    "values": [
      0.9111009801686802
    ]
  },
  "weighted_accuracy": {
    "mean": 0.9198717948717948,
    "std": NaN,
    "min": 0.9198717948717948,
    "max": 0.9198717948717948,
    "values": [
      0.9198717948717948
    ]
  },
  "mean_auc": {
    "mean": 0.9699868507560816,
    "std": NaN,
    "min": 0.9699868507560816,
    "max": 0.9699868507560816,
    "values": [
      0.9699868507560816
    ]
  },
  "best_seed_idx": 0,
  "n_runs": 1
}