{
  "weighted_f1": {
    "mean": 0.785704493160541,
    "std": 0.00349554195301998,
    "min": 0.7792976333308107,
    "max": 0.7904366073408071,
    "values": [
      0.7832878529337078,
      0.7888478467906435,
      0.7904366073408071,
      0.7866246778413621,
      0.7896198528016446,
      0.7864559142019906,
      0.7792976333308107,
      0.7825226424894103,
      0.7837758249615283,
      0.7861760789135053
    ]
  },
  "macro_f1": {
    "mean": 0.785704493160541,
    "std": 0.0034955419530199945,
    "min": 0.7792976333308106,
    "max": 0.790436607340807,
    "values": [
      0.7832878529337078,
      0.7888478467906436,
      0.790436607340807,
      0.7866246778413621,
      0.7896198528016446,
      0.7864559142019905,
      0.7792976333308106,
      0.7825226424894103,
      0.7837758249615283,
      0.7861760789135053
    ]
  },
  "weighted_accuracy": {
    "mean": 0.7842500000000001,
    "std": 0.0037161060862742307,
    "min": 0.7769,
    "max": 0.7896,
    "values": [
      0.7824,
      0.7874,
      0.7896,
      0.7854,
      0.788,
      0.7848,
      0.7769,
      0.7819,
      0.7816,
      0.7845
    ]
  },
  "mean_auc": {
    "mean": 0.9745320599999999,
    "std": 0.0008418467870210056,
    "min": 0.9732762888888888,
    "max": 0.9756617666666667,
    "values": [
      0.9748747555555555,
      0.9756617666666667,
      0.9755038666666668,
      0.9744323333333333,
      0.9742764000000002,
      0.9753715555555555,
      0.9733432666666667,
      0.9732762888888888,
      0.9745667777777778,
      0.9740135888888888
    ]
  },
  "best_seed_idx": 5,
  "n_runs": 10
}