{
  "weighted_f1": 0.9942985393382158,
  "macro_f1": 0.9941920987503732,
  "weighted_accuracy": 0.9943,
  "weighted_precision": 0.9943009919618325,
  "weighted_recall": 0.9943,
  "per_class_auc": [
    0.9999886872709173,
    0.999884910962529,
    0.9998302534766164,
    0.9999930615975947,
    0.9999678172507667,
    0.998308169430708,
    0.9998282198730212,
    0.9994819594380094,
    0.9999984075208694,
    0.9999669309216715
  ],
  "mean_auc": 0.9997248417742703,
  "confusion_matrix": [
    [
      978,
      0,
      0,
      0,
      0,
      1,
      1,
      0,
      0,
      0
    ],
    [
      0,
      1133,
      1,
      0,
      0,
      0,
      1,
      0,
      0,
      0
    ],
    [
      0,
      0,
      1025,
      0,
      0,
      2,
      2,
      2,
      1,
      0
    ],
    [
      0,
      1,
      0,
      1006,
      0,
      3,
      0,
      0,
      0,
      0
    ],
    [
      0,
      0,
      0,
      0,
      974,
      0,
      2,
      2,
      0,
      4
    ],
    [
      0,
      0,
      2,
      3,
      0,
      883,
      2,
      2,
      0,
      0
    ],
    [
      5,
      2,
      1,
      0,
      0,
      5,
      945,
      0,
      0,
      0
    ],
    [
      0,
      2,
      1,
      0,
      0,
      0,
      0,
      1025,
      0,
      0
    ],
    [
      0,
      0,
      2,
      1,
      0,
      0,
      0,
      0,
      971,
      0
    ],
    [
      0,
      0,
      1,
      0,
      4,
      0,
      0,
      0,
      1,
      1003
    ]
  ],
  "report": "              precision    recall  f1-score   support\n\n           0       0.99      1.00      1.00       980\n           1       1.00      1.00      1.00      1135\n           2       0.99      0.99      0.99      1032\n           3       1.00      1.00      1.00      1010\n           4       1.00      0.99      0.99       982\n           5       0.99      0.99      0.99       892\n           6       0.99      0.99      0.99       958\n           7       0.99      1.00      1.00      1028\n           8       1.00      1.00      1.00       974\n           9       1.00      0.99      1.00      1009\n\n    accuracy                           0.99     10000\n   macro avg       0.99      0.99      0.99     10000\nweighted avg       0.99      0.99      0.99     10000\n",
  "seed": 0
}