{
  "train_loss": [
    3.138194236840142,
    2.1958022128423056,
    1.9445005820592245,
    1.836042688539293,
    1.7490998105155098,
    1.6821562373055352,
    1.6259254196166992,
    1.5808896935356989,
    1.5537196923785739,
    1.5255750107447306,
    1.5015959146499633,
    1.4820547117021348,
    1.4655238372166952,
    1.4440142762713961,
    1.4311986160914103,
    1.4150533460617065,
    1.4038220691892835,
    1.3973027075237698,
    1.3801758104536268,
    1.3738734503851997,
    1.3651886397255792,
    1.356969264433119,
    1.3466071525149874,
    1.3415904164208305,
    1.3307739446851943,
    1.3251401271184287,
    1.316899610540602,
    1.3083486118952434,
    1.300877337773641,
    1.2913223946253458,
    1.2868413091023763,
    1.2827679355197483,
    1.2751286260816785,
    1.2692471397823757,
    1.2644223884158665,
    1.2577093905978733,
    1.250332284312778,
    1.2459985857857598,
    1.2437101682662963,
    1.239574285062154,
    1.2348186422348022,
    1.2287533082750108,
    1.2229522532992894,
    1.2172019184748333,
    1.2170040636486477,
    1.2093658378389147,
    1.2080535259670682,
    1.2030960065841674,
    1.2018005534278022,
    1.1988815529505412,
    1.1922651293436686,
    1.1919232316335042,
    1.1925654657151965,
    1.1845227859708998,
    1.184417714267307,
    1.1798292849010892,
    1.1780157405217488,
    1.1773531675550672,
    1.1689332448535494,
    1.1725517452663845,
    1.1665037849214341,
    1.159500245475769,
    1.1609428464465672,
    1.156729939142863,
    1.1567961876763238,
    1.1532611528396606,
    1.1521866586473253,
    1.1486975325478448,
    1.1448949510786268,
    1.1385252949820623,
    1.1404647626452975,
    1.1384275149027507,
    1.138794550259908,
    1.135350991376241,
    1.1333258792241414,
    1.1353213498857286,
    1.1309732226901583,
    1.1298997719870674,
    1.1294044119728937,
    1.125688212691413,
    1.1300000267452663,
    1.122916618792216,
    1.1226938507292006,
    1.1237274987750583,
    1.1207360592312283,
    1.123605078315735,
    1.116163747215271,
    1.1192843876944647,
    1.1195245200898911,
    1.1164089455074735,
    1.1174484412299261,
    1.1157927679273818,
    1.1142325998942058,
    1.1131576970206367,
    1.114060812971327,
    1.1148230632464091,
    1.1145852634853788,
    1.116339595190684,
    1.1167172237608167,
    1.1167982129838732
  ],
  "train_acc": [
    0.1479111111111111,
    0.2554666666666667,
    0.3292,
    0.3798666666666667,
    0.4275333333333333,
    0.47157777777777776,
    0.5023333333333333,
    0.5251555555555556,
    0.5447555555555555,
    0.5568888888888889,
    0.5689333333333333,
    0.5792888888888889,
    0.5873333333333334,
    0.6021111111111112,
    0.6051333333333333,
    0.6138888888888889,
    0.6196444444444444,
    0.6233555555555556,
    0.6306444444444445,
    0.6376222222222222,
    0.6369555555555556,
    0.6436,
    0.6498444444444444,
    0.6525111111111112,
    0.6574,
    0.6599777777777778,
    0.6630666666666667,
    0.6709777777777778,
    0.6729777777777778,
    0.6794444444444444,
    0.6816888888888889,
    0.6831333333333334,
    0.6883555555555556,
    0.6911777777777778,
    0.6929777777777778,
    0.6972,
    0.7000444444444445,
    0.7048888888888889,
    0.705,
    0.7058666666666666,
    0.7088,
    0.7074222222222222,
    0.7137111111111111,
    0.7178666666666667,
    0.7169333333333333,
    0.7200666666666666,
    0.7204666666666667,
    0.7239333333333333,
    0.7258,
    0.7259333333333333,
    0.7279333333333333,
    0.7277777777777777,
    0.7277555555555556,
    0.7330666666666666,
    0.7350444444444444,
    0.7345111111111111,
    0.7361555555555556,
    0.7356222222222222,
    0.7413111111111111,
    0.7389333333333333,
    0.7430444444444444,
    0.7451333333333333,
    0.7447555555555555,
    0.7431333333333333,
    0.7447333333333334,
    0.7479333333333333,
    0.7477111111111111,
    0.7503555555555556,
    0.7527111111111111,
    0.7532,
    0.7531555555555556,
    0.7562666666666666,
    0.7551111111111111,
    0.7569777777777777,
    0.7556444444444445,
    0.7565777777777778,
    0.7605777777777778,
    0.7602222222222222,
    0.7574666666666666,
    0.762,
    0.7604444444444445,
    0.7625333333333333,
    0.7627333333333334,
    0.7616,
    0.7638666666666667,
    0.7618,
    0.7651333333333333,
    0.7638444444444444,
    0.7634666666666666,
    0.7653777777777778,
    0.7645555555555555,
    0.7652,
    0.7659111111111111,
    0.7650666666666667,
    0.7665333333333333,
    0.7658,
    0.7658444444444444,
    0.7659333333333334,
    0.7648666666666667,
    0.7656
  ],
  "val_loss": [
    2.2038279289245604,
    1.9105709409713745,
    1.744259586906433,
    1.6694773387908937,
    1.56685562210083,
    1.509842903137207,
    1.442030233192444,
    1.4201972900390625,
    1.4029141136169434,
    1.3668166864395142,
    1.3546606313705445,
    1.3241761594772339,
    1.3028226585388183,
    1.2769096984863282,
    1.269796999359131,
    1.2659098163604736,
    1.2524884283065796,
    1.2597528882980347,
    1.246380232810974,
    1.2178373163223266,
    1.2078754556655884,
    1.2273430599212647,
    1.2071794422149658,
    1.199382924079895,
    1.1777018908500672,
    1.1743353093147277,
    1.1604178661346436,
    1.1619715748786927,
    1.1524699169158936,
    1.1187111513137817,
    1.1223495452880858,
    1.153284527206421,
    1.136376379966736,
    1.1133454551696778,
    1.1104147852897643,
    1.1111837476730346,
    1.1089327235221862,
    1.0981169212341308,
    1.0805496261596679,
    1.1014673037528993,
    1.0703117237091064,
    1.0905360467910767,
    1.067038576889038,
    1.0935770376205445,
    1.0615632467269898,
    1.0792033393859863,
    1.0557754414558411,
    1.0521559176445008,
    1.0490395377159119,
    1.0603800896644593,
    1.047999753189087,
    1.0473215174674988,
    1.0507568365097046,
    1.0251268057823182,
    1.052923658466339,
    1.0325466911315917,
    1.0419666548728943,
    1.0267976203918456,
    1.0258423327445985,
    1.0270169951438903,
    1.0273511185646058,
    1.031207051563263,
    1.0201844416618346,
    1.033269217300415,
    1.0175195004463196,
    1.0212673510551453,
    1.0182850644111634,
    1.0168278824806214,
    1.0208034916877746,
    1.0138084167480468,
    1.0124351658821107,
    1.0075884240150452,
    1.0090207244873046,
    1.0012541578292846,
    0.9976450853347778,
    0.9993089839935303,
    1.0053092662811278,
    1.0002520330429077,
    0.9934227392196655,
    0.9987751499176025,
    0.9953378400802613,
    0.9938128695487977,
    0.9978088063240051,
    1.0037500064849854,
    0.994193320274353,
    0.9954624751091004,
    0.9913546711921691,
    0.9887791114807128,
    0.9915757719039917,
    0.9957982076644898,
    0.9938434407234192,
    0.9918742841720581,
    0.9938566398620605,
    0.9952835658073426,
    0.9963470015525818,
    0.9914021611213684,
    0.9951523000717163,
    0.9926738106727601,
    0.9917300983428955,
    0.9936243181228638
  ],