{
  "train_loss": [
    1.4294802844992238,
    1.3684396836324513,
    1.1454737705324896,
    1.0583256159833176,
    1.0063331825205446,
    0.9839749754419405,
    0.9579027629500877,
    0.9487374660562853,
    0.9285988953308524,
    0.924262892830741,
    0.9195565805891807,
    0.8960997898312902,
    0.884761548882734,
    0.8753833170792542,
    0.875089179998256,
    0.8711977389751291,
    0.8460166755783519,
    0.8491816908499645,
    0.8304354440082203,
    0.8423699281160205,
    0.8116300894595833,
    0.8193981076113691,
    0.8071376947324287,
    0.788314661073569,
    0.7944749225320703,
    0.787614545485969,
    0.7764433290949218,
    0.7597310205609716,
    0.7727013874261512,
    0.760374745561135,
    0.7508552135763825,
    0.7341714629487949,
    0.7356604908814831,
    0.7251388633048736,
    0.7334412492868035,
    0.7195773146386253,
    0.7304972664034279,
    0.7228183025842184,
    0.718011969138233,
    0.7263087305155668,
    0.7151309844684343,
    0.6969010554657048,
    0.7113710385902098,
    0.7031788656965751,
    0.702526438486326,
    0.7012372788270972,
    0.7135486217186151,
    0.7043700619194397,
    0.7067366491987784,
    0.7109609267349946
  ],
  "train_acc": [
    0.15955473098330242,
    0.25074925074925075,
    0.34551163122591694,
    0.3764806621949479,
    0.4177251320108463,
    0.43713429427715145,
    0.4459825888397317,
    0.4642500356786071,
    0.4662480376766091,
    0.4835164835164835,
    0.4825174825174825,
    0.5056372199229342,
    0.5069216497787926,
    0.5126302269159412,
    0.5197659483373769,
    0.5203368060510918,
    0.5364635364635365,
    0.5253318110460967,
    0.5494505494505495,
    0.5249036677608107,
    0.563151134579706,
    0.5494505494505495,
    0.5578707007278436,
    0.5748537177108606,
    0.5654345654345654,
    0.5719994291422863,
    0.5714285714285714,
    0.593121164549736,
    0.579135150563722,
    0.5925503068360212,
    0.5916940202654488,
    0.6019694591123163,
    0.6039674611103183,
    0.6178107606679035,
    0.6078207506778935,
    0.605109176537748,
    0.6002568859711717,
    0.6045383188240331,
    0.6118167546738975,
    0.6038247466818896,
    0.6192379049521907,
    0.6213786213786214,
    0.6212359069501927,
    0.6268017696589125,
    0.6186670472384758,
    0.6219494790923362,
    0.6222349079491937,
    0.6239474810903383,
    0.6160981875267589,
    0.6169544740973313
  ],
  "val_loss": [
    1.3981739105517463,
    1.2125021390401474,
    0.8354566398551195,
    0.7836278841597727,
    0.8209025462864641,
    0.7323812692614639,
    0.9217634569493272,
    0.7790629104864324,
    0.7058072496625267,
    0.7368850479216305,
    0.6635494008140336,
    0.7614041603693101,
    0.7251138077419277,
    0.7538696368218419,
    0.727000364337343,
    0.7008595032207037,
    0.6273960560887072,
    0.6316083196034341,
    0.6633252636385581,
    0.6768841858162125,
    0.6238724203670726,
    0.6771880562379139,
    0.6247714359168398,
    0.6135104507178157,
    0.6208370858626969,
    0.6348227692743835,
    0.65938422413671,
    0.6325208358726615,
    0.6519077066647805,
    0.6519020550391253,
    0.6012470661583593,
    0.6286524493815535,
    0.6331733873453834,
    0.6243449252837914,
    0.6496242537336835,
    0.6028643582064513,
    0.6074614285353055,
    0.6312181888406322,
    0.5886693927844762,
    0.6002461089569693,
    0.5904575811544895,
    0.5834292827669906,
    0.6017713197920164,
    0.5948671253466773,
    0.59382487092156,
    0.5953077253767644,
    0.5997645984499428,
    0.597457292667058,
    0.6015131641123611,
    0.592303688243284
  ],
  "val_acc": [
    0.13559322033898305,
    0.20837487537387836,
    0.6221335992023929,
    0.6271186440677966,
    0.5922233300099701,
    0.6600199401794616,
    0.5044865403788634,
    0.5782652043868395,
    0.6251246261216351,
    0.5862412761714856,
    0.6600199401794616,
    0.6051844466600199,
    0.6061814556331007,
    0.5972083748753739,
    0.6041874376869392,
    0.6311066799601196,
    0.6590229312063809,
    0.646061814556331,
    0.6570289132602194,
    0.6560319042871385,
    0.6689930209371885,
    0.6360917248255235,
    0.6550348953140578,
    0.6969092721834497,
    0.6669990029910269,
    0.6620139581256231,
    0.6759720837487537,
    0.6809571286141576,
    0.6590229312063809,
    0.6301096709870389,
    0.6610169491525424,
    0.6719840478564307,
    0.6480558325024925,
    0.650049850448654,
    0.6590229312063809,
    0.6679960119641076,
    0.6769690927218345,
    0.646061814556331,
    0.6909272183449651,
    0.6769690927218345,
    0.6819541375872383,
    0.6839481555333998,
    0.6779661016949152,
    0.6829511465603191,
    0.6899302093718843,
    0.6849451645064806,
    0.6819541375872383,
    0.6849451645064806,
    0.6839481555333998,
    0.6889332003988036
  ],
  "best_val_loss": 0.5834292827669906,
  "total_time_s": 754.6487240791321,
  "stopped_epoch": 50
}