{
  "train_loss": [
    1.4396244691887137,
    1.4142447806330165,
    1.2949978126954875,
    1.1312717392421814,
    1.0470154092334656,
    1.0019924257355204,
    0.9796763878074849,
    0.9463548955877208,
    0.9388440971250658,
    0.9290638424299814,
    0.9035461722520001,
    0.8876153923091559,
    0.8924825812723322,
    0.8789888969310871,
    0.8629422670800999,
    0.8644517840392515,
    0.8637293900268912,
    0.8516841301636296,
    0.838487746696151,
    0.8261483283922134,
    0.840222543786796,
    0.8234766786884816,
    0.8214665936627503,
    0.8126310729956651,
    0.8059639797599267,
    0.8010957205161161,
    0.8112895972840674,
    0.7808015748116265,
    0.7850040024606583,
    0.7795194989692064,
    0.7673334635425196,
    0.7717790452478207,
    0.7656429781031809,
    0.7767655697021332,
    0.7437004232876172,
    0.7506087972907889,
    0.7494453239563411,
    0.7491964258054736,
    0.7344428371035697,
    0.7445145840309342,
    0.743457817854377,
    0.7261941773040465,
    0.7389743414775135,
    0.731563540060986,
    0.7157695667795062,
    0.7326500725181327,
    0.7420963341811763,
    0.7296985734950056,
    0.7096080266920667,
    0.7291108006602163
  ],
  "train_acc": [
    0.14071642643071214,
    0.16426430712145,
    0.252604538318824,
    0.3510774939346368,
    0.3881832453261025,
    0.41529898672755816,
    0.43841872413300986,
    0.4699586128157557,
    0.4671043242471814,
    0.47481090338233195,
    0.4973597830740688,
    0.5026402169259312,
    0.5046382189239332,
    0.5076352219209362,
    0.5219066647638076,
    0.5179106607678037,
    0.5246182389039532,
    0.5376052518909662,
    0.5403168260311118,
    0.5440274011702583,
    0.5391751106036821,
    0.5451691165976881,
    0.5574425574425574,
    0.5480234051662624,
    0.5617239902954189,
    0.5527329813044098,
    0.548166119594691,
    0.561153132581704,
    0.5798487227058655,
    0.5778507207078636,
    0.5876980162694448,
    0.5765662908520052,
    0.5817040102754388,
    0.5710004281432853,
    0.585129156557728,
    0.5935493078350221,
    0.5812758669901527,
    0.5914085914085914,
    0.6001141715427429,
    0.5936920222634509,
    0.5939774511203083,
    0.6053946053946054,
    0.5902668759811617,
    0.5976880262594548,
    0.612102183530755,
    0.5972598829741687,
    0.5975453118310261,
    0.6018267446838875,
    0.6193806193806194,
    0.605109176537748
  ],
  "val_loss": [
    1.291040085010966,
    1.219059582246265,
    1.2459821483549307,
    0.9368948311891299,
    0.8228904781408111,
    0.815167418089607,
    0.705059328618815,
    0.850750382911648,
    0.6607142994672446,
    0.662380900007421,
    0.6649826164854131,
    0.6943418590996344,
    0.6387152984990911,
    0.6455534931907387,
    0.7477490607786511,
    0.5938458509245518,
    0.6325810245003325,
    0.6925788670332577,
    0.65077152132156,
    0.6746956493894932,
    0.6947045185392423,
    0.6857976235397316,
    0.6517233131295543,
    0.6429516294542125,
    0.635913328004858,
    0.6581545041898194,
    0.6034885275280725,
    0.6206245050354232,
    0.6302915863239634,
    0.6480006298063284,
    0.6352568265804621,
    0.6404227176430456,
    0.6498752939380178,
    0.6227362961141562,
    0.6331957997020672,
    0.6582213284249082,
    0.6291197276899846,
    0.6515763981392234,
    0.6245108452418509,
    0.6269633001011842,
    0.6375674197110436,
    0.6214925907069403,
    0.6061686797667358,
    0.6242984113759795,
    0.6236758176255915,
    0.6184380524536429,
    0.631604899556663,
    0.6154950260521764,
    0.6280535052447828,
    0.6206707801086715
  ],
  "val_acc": [
    0.6689930209371885,
    0.6101694915254238,
    0.16051844466600199,
    0.4835493519441675,
    0.5493519441674976,
    0.5663010967098704,
    0.6390827517447657,
    0.5892323030907278,
    0.6620139581256231,
    0.6640079760717846,
    0.6580259222333001,
    0.6600199401794616,
    0.6839481555333998,
    0.6879361914257228,
    0.6729810568295115,
    0.7008973080757727,
    0.7048853439680958,
    0.6630109670987039,
    0.6869391824526421,
    0.674975074775673,
    0.650049850448654,
    0.6470588235294118,
    0.6630109670987039,
    0.6899302093718843,
    0.6679960119641076,
    0.6679960119641076,
    0.6669990029910269,
    0.6719840478564307,
    0.6440677966101694,
    0.6450648055832503,
    0.6550348953140578,
    0.6450648055832503,
    0.6560319042871385,
    0.6440677966101694,
    0.6620139581256231,
    0.6560319042871385,
    0.6450648055832503,
    0.6480558325024925,
    0.6360917248255235,
    0.6410767696909272,
    0.6450648055832503,
    0.6450648055832503,
    0.654037886340977,
    0.6490528414755733,
    0.6520438683948155,
    0.6520438683948155,
    0.6470588235294118,
    0.6480558325024925,
    0.6450648055832503,
    0.6510468594217348
  ],
  "best_val_loss": 0.5938458509245518,
  "total_time_s": 868.556453704834,
  "stopped_epoch": 50
}