{
  "train_loss": [
    1.4293223417858365,
    1.3700392137023611,
    1.171796468315816,
    1.0481958895585703,
    1.0034652566950621,
    0.9850222462251521,
    0.9592618186548363,
    0.9267495029473145,
    0.9213981378243485,
    0.9190167123144799,
    0.9111970274071048,
    0.8936374951688305,
    0.8771214457862776,
    0.8616990671104077,
    0.857367737905367,
    0.8642868106062714,
    0.8319163145004334,
    0.8496545859099081,
    0.8341890490308577,
    0.8241059265736252,
    0.8061751803164988,
    0.810342157679855,
    0.8083915263946035,
    0.7978087950232571,
    0.7978295036520481,
    0.7790895513908421,
    0.7801624954180624,
    0.781511722310933,
    0.7684981827050622,
    0.7692193370990309,
    0.7505975829835317,
    0.76521156209162,
    0.7463180486155897,
    0.7552234419609963,
    0.7288525926755467,
    0.7457553384408506,
    0.7314995985764724,
    0.7285396079372641,
    0.7297278006372496,
    0.7288433874880041,
    0.7302845002360566,
    0.7153370435693489,
    0.719908740562329,
    0.7248658995851566,
    0.72372020230886,
    0.7173455497737752,
    0.7113926489870032,
    0.7182876103629021,
    0.7162356953810094,
    0.7157286349505896
  ],
  "train_acc": [
    0.15170543741972314,
    0.2410446696160982,
    0.3419437705151991,
    0.38333095475952617,
    0.41344369915798485,
    0.42229199372056514,
    0.43827600970458114,
    0.4633937491080348,
    0.4775224775224775,
    0.47580990438133297,
    0.4896532039389182,
    0.49992864278578564,
    0.5170543741972313,
    0.521193092621664,
    0.5227629513343799,
    0.5219066647638076,
    0.5421721136006851,
    0.533181104609676,
    0.5410303981732553,
    0.5417439703153989,
    0.5520194091622663,
    0.5617239902954189,
    0.5533038390181247,
    0.5635792778649922,
    0.5637219922934209,
    0.5702868560011417,
    0.5717140002854288,
    0.5734265734265734,
    0.5847010132724418,
    0.5795632938490082,
    0.5969744541173113,
    0.5838447267018696,
    0.5968317396888826,
    0.5898387326958755,
    0.6112458969601827,
    0.6019694591123163,
    0.608534322820037,
    0.6113886113886113,
    0.6079634651063223,
    0.6078207506778935,
    0.6095333238190381,
    0.6136720422434708,
    0.6139574711003283,
    0.6049664621093193,
    0.6125303268160411,
    0.6083916083916084,
    0.6193806193806194,
    0.6048237476808905,
    0.602112173540745,
    0.618096189524761
  ],
  "val_loss": [
    1.4288176281502096,
    1.289927575666669,
    1.0810167057326403,
    0.8865433461288156,
    0.763850989869442,
    0.918769453838839,
    0.8331766062576773,
    0.6901180052448246,
    0.6451734936130368,
    0.761026361468782,
    0.6055958890843606,
    0.6178098337600381,
    0.7563022148098094,
    0.6481029552928472,
    0.7322276169257768,
    0.6498282400228209,
    0.628671674048556,
    0.6163603451292393,
    0.5862229223384458,
    0.6085730660948178,
    0.6180385109315722,
    0.6336240330460302,
    0.6220194634388119,
    0.5837141730017581,
    0.650686163607528,
    0.5969256308238029,
    0.5987303557685936,
    0.6037606409753664,
    0.6360381036432291,
    0.6018280991885147,
    0.6209536945950592,
    0.6298042348588808,
    0.6018805506222269,
    0.6007883858347938,
    0.6238331890415219,
    0.5889882081646031,
    0.6131326994178065,
    0.6024579206112018,
    0.604100426909693,
    0.6010088931884271,
    0.5960958493076792,
    0.6035913842268741,
    0.6021573071108977,
    0.5902268920439191,
    0.5842897431443957,
    0.5955096020299202,
    0.5881438565515688,
    0.5908575429992448,
    0.5882128773039859,
    0.5804535499954985
  ],
  "val_acc": [
    0.05284147557328016,
    0.2761714855433699,
    0.4267198404785643,
    0.5324027916251246,
    0.6271186440677966,
    0.5413758723828515,
    0.6031904287138584,
    0.6600199401794616,
    0.6889332003988036,
    0.6071784646061814,
    0.674975074775673,
    0.6849451645064806,
    0.6071784646061814,
    0.6679960119641076,
    0.6241276171485544,
    0.6510468594217348,
    0.6620139581256231,
    0.6689930209371885,
    0.6909272183449651,
    0.6879361914257228,
    0.6679960119641076,
    0.6350947158524427,
    0.6889332003988036,
    0.7028913260219342,
    0.6370887337986042,
    0.6650049850448654,
    0.67098703888335,
    0.6520438683948155,
    0.6739780658025922,
    0.6699900299102692,
    0.6410767696909272,
    0.6550348953140578,
    0.6550348953140578,
    0.6560319042871385,
    0.6610169491525424,
    0.654037886340977,
    0.6510468594217348,
    0.6809571286141576,
    0.6699900299102692,
    0.654037886340977,
    0.6689930209371885,
    0.6520438683948155,
    0.6640079760717846,
    0.6600199401794616,
    0.6819541375872383,
    0.6560319042871385,
    0.6630109670987039,
    0.6590229312063809,
    0.6669990029910269,
    0.6759720837487537
  ],
  "best_val_loss": 0.5804535499954985,
  "total_time_s": 881.786062002182,
  "stopped_epoch": 50
}