{
  "train_loss": [
    1.4394901369750048,
    1.410360856285547,
    1.2650727285916206,
    1.1013087516200513,
    1.037481129509722,
    1.0113542565728486,
    0.9803771092579677,
    0.963364030250864,
    0.9324400917480314,
    0.9222893965844848,
    0.9004415140625617,
    0.8880810746031241,
    0.8807743677692133,
    0.8811171553317637,
    0.8498639168269083,
    0.8585759184236991,
    0.8427747324953342,
    0.8344135409808795,
    0.8295538916182242,
    0.8149962707815964,
    0.8135063501062416,
    0.8007140155183583,
    0.8020218233928134,
    0.7830189362953032,
    0.7975051518733276,
    0.7771371125375321,
    0.7853479420677715,
    0.7589899053821316,
    0.7703997382036337,
    0.762435494526419,
    0.7503647240538289,
    0.7555084501232181,
    0.743821752221094,
    0.7396301753309665,
    0.7375662243874926,
    0.7171032883325759,
    0.7314640212896055,
    0.728131461776373,
    0.7279498130274479,
    0.7319873231818677,
    0.7160472163668165,
    0.7205037198087807,
    0.7180661783760074,
    0.7228982931403575,
    0.7131071973411812,
    0.725649894091956,
    0.71264926480791,
    0.71761469271412,
    0.6987243577384976,
    0.7063901833908116
  ],
  "train_acc": [
    0.14899386327957756,
    0.1816754673897531,
    0.30440987583844725,
    0.3574996432139289,
    0.39517625231910947,
    0.40901955187669475,
    0.43042671614100186,
    0.45368916797488223,
    0.46967318395889823,
    0.4947909233623519,
    0.5010703582132153,
    0.5076352219209362,
    0.501783930355359,
    0.5037819323533609,
    0.5304695304695305,
    0.5273298130440988,
    0.5358926787498216,
    0.5457399743114029,
    0.5465962608819752,
    0.54716711859569,
    0.5495932638789781,
    0.5581561295847011,
    0.576138147566719,
    0.582132153560725,
    0.5620094191522763,
    0.5841301555587269,
    0.5712858570001427,
    0.5916940202654488,
    0.5852718709861567,
    0.5918367346938775,
    0.5899814471243042,
    0.5904095904095904,
    0.599115170543742,
    0.6009704581133153,
    0.5958327386898815,
    0.6106750392464678,
    0.599115170543742,
    0.6073926073926074,
    0.6102468959611816,
    0.6088197516768945,
    0.6098187526758956,
    0.6082488939631797,
    0.6188097616669045,
    0.6092478949621807,
    0.6186670472384758,
    0.6089624661053232,
    0.6153846153846154,
    0.6122448979591837,
    0.6193806193806194,
    0.6218067646639075
  ],
  "val_loss": [
    1.3245270460220062,
    1.3211442770534831,
    1.1685721335834187,
    1.0009854850122484,
    0.8702769366242474,
    0.8630260073413639,
    0.9077448154969563,
    1.1103869846549372,
    0.7810254597949126,
    0.7014062748116962,
    0.6476717591879969,
    0.7077093274738354,
    0.6736115016347747,
    0.652916657484897,
    0.7493522289624124,
    0.6618052420920413,
    0.6518457927114348,
    0.8142748974850503,
    0.7553804756280551,
    0.6623259252113692,
    0.7940724405904829,
    0.6449113801968538,
    0.7027325311662668,
    0.6513907101789,
    0.6448294015848268,
    0.6490526874424335,
    0.6689902658120228,
    0.6932875842063995,
    0.6783276007158806,
    0.6644995517412188,
    0.6589864720019363,
    0.6426988934591071,
    0.6573131870652956,
    0.6742445726099898,
    0.679383003996947,
    0.6430033667612884,
    0.6537417538857769,
    0.658082465766553,
    0.649349701903753,
    0.6468423194923287,
    0.6567059124811577,
    0.6418635625901037,
    0.6477782999649124,
    0.6486883432059322,
    0.6575573336329322,
    0.6523165443126606,
    0.6526418910069337,
    0.6492900689720276,
    0.658493315412896,
    0.6556830476312077
  ],
  "val_acc": [
    0.6689930209371885,
    0.5653040877367896,
    0.1674975074775673,
    0.5174476570289133,
    0.5712861415752741,
    0.5792622133599202,
    0.5822532402791625,
    0.43968095712861416,
    0.6041874376869392,
    0.6560319042871385,
    0.6719840478564307,
    0.6450648055832503,
    0.6590229312063809,
    0.6640079760717846,
    0.6141575274177468,
    0.6450648055832503,
    0.6510468594217348,
    0.5822532402791625,
    0.617148554336989,
    0.6600199401794616,
    0.576271186440678,
    0.646061814556331,
    0.6121635094715853,
    0.6321036889332003,
    0.6739780658025922,
    0.6640079760717846,
    0.6470588235294118,
    0.6141575274177468,
    0.6390827517447657,
    0.6669990029910269,
    0.6151545363908275,
    0.6530408773678963,
    0.6679960119641076,
    0.6699900299102692,
    0.6610169491525424,
    0.6560319042871385,
    0.6550348953140578,
    0.650049850448654,
    0.6530408773678963,
    0.6699900299102692,
    0.6510468594217348,
    0.6510468594217348,
    0.650049850448654,
    0.6590229312063809,
    0.6410767696909272,
    0.6440677966101694,
    0.6510468594217348,
    0.646061814556331,
    0.6470588235294118,
    0.650049850448654
  ],
  "best_val_loss": 0.6426988934591071,
  "total_time_s": 874.9201228618622,
  "stopped_epoch": 50
}