{
  "train_loss": [
    1.435114508299884,
    1.374174714802981,
    1.2125142945259262,
    1.1073648480285638,
    1.0372927803718976,
    1.0073095896078343,
    0.9824075135981218,
    0.9692135763454152,
    0.9373582282385508,
    0.9176131904559042,
    0.9173008820223574,
    0.9016631993584614,
    0.8870827128377811,
    0.8894014858784409,
    0.8796091467605707,
    0.8691958681788852,
    0.8611675423120864,
    0.845124681078964,
    0.8480336161930312,
    0.8400471480729425,
    0.8232660266613678,
    0.8285626986490535,
    0.8168618538945518,
    0.8159627855649191,
    0.8161280136807968,
    0.8007886325120416,
    0.788385753507738,
    0.8067234176549589,
    0.8101984277267641,
    0.7929970021933143,
    0.7880715469890746,
    0.7709655930061253,
    0.7581014971565005,
    0.7609522678686376,
    0.7526757750733017,
    0.7573289141703284,
    0.7621833048415316,
    0.7578026626136277,
    0.7507184136010823,
    0.757973867543366,
    0.7454871498298182,
    0.7365780062319567,
    0.7459266442314814,
    0.7434741779725902,
    0.7358120463196248,
    0.7428906681586285,
    0.7306697833498926,
    0.7371149645716619,
    0.7468573713721129,
    0.7468229036486335
  ],
  "train_acc": [
    0.1441415727130013,
    0.2037962037962038,
    0.30612244897959184,
    0.35678607107178534,
    0.38789781646924504,
    0.4085914085914086,
    0.4292850007135721,
    0.44084486941629797,
    0.4722420436706151,
    0.4835164835164835,
    0.4783787640930498,
    0.4945054945054945,
    0.5014985014985015,
    0.511203082631654,
    0.5164835164835165,
    0.5203368060510918,
    0.5304695304695305,
    0.5386042528899672,
    0.5351791066076781,
    0.5367489653203938,
    0.5537319823034109,
    0.5518766947338376,
    0.5513058370201227,
    0.5582988440131297,
    0.5567289853004139,
    0.5634365634365635,
    0.578136149564721,
    0.5618667047238476,
    0.5571571285857,
    0.5727130012844298,
    0.5718567147138576,
    0.5854145854145855,
    0.5815612958470101,
    0.5889824461253033,
    0.5938347366918796,
    0.5871271585557299,
    0.5848437277008706,
    0.5879834451263023,
    0.591123162551734,
    0.5868417296988726,
    0.5946910232624518,
    0.5971171685457399,
    0.5874125874125874,
    0.6001141715427429,
    0.5994005994005994,
    0.5969744541173113,
    0.6045383188240331,
    0.5988297416868845,
    0.5935493078350221,
    0.596118167546739
  ],
  "val_loss": [
    1.3194424959859725,
    1.2201693634449664,
    1.1328477346053272,
    1.0804247714705386,
    0.8487502111870413,
    1.0864894609983755,
    0.9175914302542583,
    0.865400501583533,
    0.7891856758806071,
    0.6755035772756233,
    0.9315865000604038,
    0.8504338247231686,
    0.7239684038243052,
    0.6701694121389303,
    0.6957695291025688,
    0.666143106558506,
    0.6998804892642667,
    0.7076726938530075,
    0.7084957330319603,
    0.655012329696777,
    0.7458712932832933,
    0.6964734346417344,
    0.7076553061143945,
    0.6600750526664027,
    0.6584303264365952,
    0.6733926025368756,
    0.7096780210525422,
    0.6786683336093442,
    0.6496893226922094,
    0.6242478303277005,
    0.6299561375040832,
    0.6650643617895284,
    0.6793795335566177,
    0.6375196916631545,
    0.6656767581538451,
    0.6499198846897837,
    0.6774647345809138,
    0.6744549118153238,
    0.6886573050575979,
    0.6781550247077334,
    0.6725152235325883,
    0.6789373537360255,
    0.6592488151010226,
    0.653051341816055,
    0.6602850031638787,
    0.6545206566869559,
    0.6567459688823696,
    0.6587085446355826,
    0.6639423126713229,
    0.65453805209157
  ],
  "val_acc": [
    0.6630109670987039,
    0.423728813559322,
    0.37387836490528414,
    0.3459621136590229,
    0.6071784646061814,
    0.4546360917248255,
    0.5154536390827518,
    0.5383848454636092,
    0.6011964107676969,
    0.6570289132602194,
    0.5533399800598205,
    0.6081754735792622,
    0.67098703888335,
    0.6610169491525424,
    0.6610169491525424,
    0.6520438683948155,
    0.6420737786640079,
    0.6480558325024925,
    0.6350947158524427,
    0.6719840478564307,
    0.6221335992023929,
    0.6520438683948155,
    0.6321036889332003,
    0.6679960119641076,
    0.6739780658025922,
    0.6400797607178464,
    0.6101694915254238,
    0.6121635094715853,
    0.6560319042871385,
    0.6390827517447657,
    0.67098703888335,
    0.6350947158524427,
    0.6370887337986042,
    0.646061814556331,
    0.6440677966101694,
    0.6161515453639083,
    0.6510468594217348,
    0.634097706879362,
    0.6111665004985045,
    0.6410767696909272,
    0.6370887337986042,
    0.6271186440677966,
    0.6271186440677966,
    0.6400797607178464,
    0.6301096709870389,
    0.634097706879362,
    0.6311066799601196,
    0.6311066799601196,
    0.634097706879362,
    0.6331006979062812
  ],
  "best_val_loss": 0.6242478303277005,
  "total_time_s": 869.0658640861511,
  "stopped_epoch": 50
}