{
  "train_loss": [
    1.4359554355352397,
    1.389335149311383,
    1.1966721152925825,
    1.0619625098970353,
    1.0287483099168049,
    0.9991067966074921,
    0.9653399026188034,
    0.9553490141003929,
    0.944746377150989,
    0.9250730573918351,
    0.9140642516296907,
    0.9021054793819647,
    0.8975212459933729,
    0.8742743727057403,
    0.8841116018790023,
    0.8621379329880243,
    0.8476752785297779,
    0.8580366227006511,
    0.8150829754985653,
    0.8262931445159738,
    0.8206182359815477,
    0.8178263340728572,
    0.8123689211348893,
    0.8089598566314983,
    0.7955741140562406,
    0.779478410791871,
    0.7884124024917757,
    0.7786243577835069,
    0.7724620711621398,
    0.7747562578014696,
    0.764007256674804,
    0.7631014175909774,
    0.7587686326698722,
    0.7541801802812943,
    0.7552313260809576,
    0.7485696329392703,
    0.738875014883689,
    0.7391643959104343,
    0.7183424926984833,
    0.7365087530438393,
    0.7384259734715853,
    0.7314983428894104,
    0.7222326478451826,
    0.7293710203675718,
    0.7270904119929693,
    0.7309132904150321,
    0.7160891179387199,
    0.7276838554777295,
    0.7133379177766808,
    0.7243789073504615
  ],
  "train_acc": [
    0.15498786927358357,
    0.21649778792635935,
    0.33509347795062083,
    0.3827600970458113,
    0.4024546881689739,
    0.41900956186670474,
    0.44212929927215644,
    0.4544027401170258,
    0.45882688739831595,
    0.4702440416726131,
    0.48579991437134296,
    0.49793064078778365,
    0.5020693592122164,
    0.5104895104895105,
    0.5054945054945055,
    0.5124875124875125,
    0.5260453831882403,
    0.5279006707578137,
    0.5535892678749822,
    0.5406022548879692,
    0.5483088340231197,
    0.5553018410161268,
    0.5612958470101327,
    0.5570144141572713,
    0.5574425574425574,
    0.5670044241472812,
    0.564150135578707,
    0.571143142571714,
    0.5768517197088626,
    0.5777080062794349,
    0.5876980162694448,
    0.5876980162694448,
    0.5837020122734409,
    0.5925503068360212,
    0.5872698729841587,
    0.5882688739831597,
    0.5886970172684458,
    0.6038247466818896,
    0.6115313258170401,
    0.6046810332524618,
    0.6052518909661767,
    0.5948337376908805,
    0.609105180533752,
    0.6073926073926074,
    0.6069644641073213,
    0.6005423148280291,
    0.6066790352504638,
    0.6069644641073213,
    0.6106750392464678,
    0.6018267446838875
  ],
  "val_loss": [
    1.4268469714215128,
    1.467716806669416,
    1.28541554922121,
    1.098365902306432,
    1.178456279715655,
    0.9004308961680975,
    0.9584953354101475,
    0.817653383892531,
    0.896151804912126,
    0.7459775897584194,
    0.692477701073986,
    0.8134607103981025,
    0.6439327016428247,
    0.6349936439056815,
    0.6700989110757442,
    0.6487326986887163,
    0.6578746023230396,
    0.5876316473942811,
    0.5924272761863107,
    0.6437628878910069,
    0.6182572270556913,
    0.6181685988710505,
    0.609106633682194,
    0.648925631733264,
    0.6408513648322192,
    0.6144403004693842,
    0.6174918641359476,
    0.6086923046221405,
    0.6061506195296557,
    0.6293713014242299,
    0.6087159170348527,
    0.6099711494336456,
    0.6134369351928042,
    0.5898519926151987,
    0.5850092718156717,
    0.5824160588346236,
    0.5956207227374122,
    0.6114057383889097,
    0.5938926906671267,
    0.5934226666228959,
    0.5953389274871955,
    0.604583246044718,
    0.587994560168486,
    0.5869851700092479,
    0.588859322658208,
    0.5900780668524898,
    0.5964036854290415,
    0.5860639015437361,
    0.5893905796890601,
    0.5906751271734685
  ],
  "val_acc": [
    0.058823529411764705,
    0.07178464606181456,
    0.3938185443668993,
    0.44167497507477566,
    0.3459621136590229,
    0.5543369890329013,
    0.543369890329013,
    0.5922233300099701,
    0.5443668993020937,
    0.6221335992023929,
    0.6490528414755733,
    0.5972083748753739,
    0.6660019940179461,
    0.6879361914257228,
    0.646061814556331,
    0.6301096709870389,
    0.6889332003988036,
    0.6899302093718843,
    0.6949152542372882,
    0.6630109670987039,
    0.6650049850448654,
    0.6620139581256231,
    0.6729810568295115,
    0.6321036889332003,
    0.6570289132602194,
    0.6699900299102692,
    0.6699900299102692,
    0.6241276171485544,
    0.6759720837487537,
    0.6440677966101694,
    0.6719840478564307,
    0.6600199401794616,
    0.6510468594217348,
    0.678963110667996,
    0.6739780658025922,
    0.6799601196410767,
    0.6769690927218345,
    0.6699900299102692,
    0.6630109670987039,
    0.6699900299102692,
    0.6729810568295115,
    0.6759720837487537,
    0.6779661016949152,
    0.6769690927218345,
    0.67098703888335,
    0.6799601196410767,
    0.6719840478564307,
    0.6799601196410767,
    0.67098703888335,
    0.6739780658025922
  ],
  "best_val_loss": 0.5824160588346236,
  "total_time_s": 893.9622654914856,
  "stopped_epoch": 50
}