{
  "weighted_f1": 0.7873781233777638,
  "macro_f1": 0.7873781233777638,
  "weighted_accuracy": 0.7862,
  "weighted_precision": 0.7918971479065218,
  "weighted_recall": 0.7862,
  "per_class_auc": [
    0.9812393333333335,
    0.994693,
    0.9553947777777777,
    0.9406536666666667,
    0.9753756666666666,
    0.9622681111111111,
    0.9831087777777777,
    0.9822197777777778,
    0.9915541111111111,
    0.9886343333333333
  ],
  "mean_auc": 0.9755141555555555,
  "confusion_matrix": [
    [
      835,
      18,
      30,
      8,
      7,
      5,
      3,
      14,
      58,
      22
    ],
    [
      16,
      925,
      2,
      4,
      0,
      3,
      2,
      2,
      10,
      36
    ],
    [
      88,
      1,
      703,
      57,
      52,
      46,
      24,
      23,
      2,
      4
    ],
    [
      23,
      1,
      57,
      628,
      28,
      192,
      28,
      21,
      14,
      8
    ],
    [
      28,
      1,
      73,
      58,
      707,
      45,
      18,
      66,
      4,
      0
    ],
    [
      9,
      1,
      28,
      164,
      24,
      735,
      3,
      31,
      3,
      2
    ],
    [
      12,
      4,
      58,
      98,
      23,
      32,
      760,
      6,
      4,
      3
    ],
    [
      15,
      1,
      40,
      27,
      20,
      54,
      0,
      837,
      0,
      6
    ],
    [
      61,
      17,
      10,
      7,
      2,
      2,
      2,
      1,
      889,
      9
    ],
    [
      22,
      76,
      4,
      14,
      0,
      2,
      1,
      15,
      23,
      843
    ]
  ],
  "report": "              precision    recall  f1-score   support\n\n           0       0.75      0.83      0.79      1000\n           1       0.89      0.93      0.90      1000\n           2       0.70      0.70      0.70      1000\n           3       0.59      0.63      0.61      1000\n           4       0.82      0.71      0.76      1000\n           5       0.66      0.73      0.69      1000\n           6       0.90      0.76      0.83      1000\n           7       0.82      0.84      0.83      1000\n           8       0.88      0.89      0.89      1000\n           9       0.90      0.84      0.87      1000\n\n    accuracy                           0.79     10000\n   macro avg       0.79      0.79      0.79     10000\nweighted avg       0.79      0.79      0.79     10000\n",
  "seed": 0
}