{
  "weighted_f1": {
    "mean": 0.8201727692636137,
    "std": 0.0037588600829087165,
    "min": 0.8146884390263189,
    "max": 0.8242120704987485,
    "values": [
      0.8146884390263189,
      0.8242120704987485,
      0.8221763590439636,
      0.8181683922406626,
      0.8216185855083746
    ]
  },
  "macro_f1": {
    "mean": 0.8201727692636137,
    "std": 0.0037588600829087508,
    "min": 0.8146884390263189,
    "max": 0.8242120704987487,
    "values": [
      0.8146884390263189,
      0.8242120704987487,
      0.8221763590439636,
      0.8181683922406627,
      0.8216185855083745
    ]
  },
  "weighted_accuracy": {
    "mean": 0.81882,
    "std": 0.003774519837012379,
    "min": 0.8135,
    "max": 0.8229,
    "values": [
      0.8135,
      0.8229,
      0.8213,
      0.8166,
      0.8198
    ]
  },
  "mean_auc": {
    "mean": 0.9812489066666666,
    "std": 0.0005059776333685288,
    "min": 0.9809010888888888,
    "max": 0.9821219777777779,
    "values": [
      0.9809010888888888,
      0.9821219777777779,
      0.9812341222222223,
      0.9810654888888888,
      0.9809218555555554
    ]
  },
  "best_seed_idx": 1,
  "n_runs": 5
}