{
  "weighted_f1": 0.8418415411903568,
  "macro_f1": 0.8418415411903568,
  "weighted_accuracy": 0.8406,
  "weighted_precision": 0.8464390164946423,
  "weighted_recall": 0.8406,
  "per_class_auc": [
    0.989319111111111,
    0.9968514444444444,
    0.9749213333333332,
    0.9620864444444444,
    0.985751111111111,
    0.9742593333333334,
    0.9917332222222223,
    0.9919927777777777,
    0.993882,
    0.9938257777777778
  ],
  "mean_auc": 0.9854622555555554,
  "confusion_matrix": [
    [
      899,
      13,
      14,
      17,
      1,
      1,
      0,
      10,
      26,
      19
    ],
    [
      10,
      949,
      0,
      2,
      1,
      1,
      0,
      0,
      3,
      34
    ],
    [
      67,
      2,
      780,
      55,
      31,
      29,
      17,
      15,
      2,
      2
    ],
    [
      23,
      2,
      39,
      746,
      21,
      122,
      20,
      20,
      5,
      2
    ],
    [
      21,
      1,
      60,
      73,
      757,
      28,
      16,
      40,
      4,
      0
    ],
    [
      7,
      1,
      26,
      129,
      17,
      784,
      3,
      29,
      2,
      2
    ],
    [
      11,
      1,
      35,
      80,
      8,
      21,
      839,
      1,
      3,
      1
    ],
    [
      15,
      0,
      18,
      31,
      12,
      29,
      1,
      890,
      1,
      3
    ],
    [
      56,
      24,
      9,
      8,
      2,
      1,
      0,
      1,
      886,
      13
    ],
    [
      18,
      69,
      7,
      12,
      0,
      1,
      1,
      3,
      13,
      876
    ]
  ],
  "report": "              precision    recall  f1-score   support\n\n           0       0.80      0.90      0.85      1000\n           1       0.89      0.95      0.92      1000\n           2       0.79      0.78      0.78      1000\n           3       0.65      0.75      0.69      1000\n           4       0.89      0.76      0.82      1000\n           5       0.77      0.78      0.78      1000\n           6       0.94      0.84      0.88      1000\n           7       0.88      0.89      0.89      1000\n           8       0.94      0.89      0.91      1000\n           9       0.92      0.88      0.90      1000\n\n    accuracy                           0.84     10000\n   macro avg       0.85      0.84      0.84     10000\nweighted avg       0.85      0.84      0.84     10000\n",
  "seed": 0
}