{
  "weighted_f1": 0.8216400188231174,
  "macro_f1": 0.7854602361644616,
  "weighted_accuracy": 0.8141025641025641,
  "weighted_precision": 0.8444158181000285,
  "weighted_recall": 0.8141025641025641,
  "per_class_auc": [
    0.9024644945697577
  ],
  "mean_auc": 0.9024644945697577,
  "confusion_matrix": [
    [
      35,
      7
    ],
    [
      22,
      92
    ]
  ],
  "report": "              precision    recall  f1-score   support\n\n           0       0.61      0.83      0.71        42\n           1       0.93      0.81      0.86       114\n\n    accuracy                           0.81       156\n   macro avg       0.77      0.82      0.79       156\nweighted avg       0.84      0.81      0.82       156\n",
  "seed": 0
}