{
  "weighted_f1": 0.8484758835930782,
  "macro_f1": 0.8484758835930784,
  "weighted_accuracy": 0.8482,
  "weighted_precision": 0.8510929666417187,
  "weighted_recall": 0.8482,
  "per_class_auc": [
    0.989783,
    0.9963538888888889,
    0.9775016666666667,
    0.96479,
    0.985984,
    0.9760374444444444,
    0.9897577777777777,
    0.9917816666666667,
    0.9935550000000001,
    0.9916403333333333
  ],
  "mean_auc": 0.9857184777777779,
  "confusion_matrix": [
    [
      902,
      12,
      25,
      8,
      3,
      2,
      3,
      10,
      22,
      13
    ],
    [
      7,
      943,
      2,
      2,
      0,
      3,
      2,
      1,
      4,
      36
    ],
    [
      41,
      3,
      801,
      40,
      29,
      33,
      19,
      28,
      6,
      0
    ],
    [
      11,
      1,
      54,
      746,
      20,
      103,
      23,
      31,
      6,
      5
    ],
    [
      14,
      1,
      56,
      40,
      770,
      28,
      14,
      72,
      5,
      0
    ],
    [
      10,
      2,
      19,
      125,
      14,
      786,
      5,
      37,
      1,
      1
    ],
    [
      13,
      2,
      41,
      56,
      20,
      16,
      844,
      4,
      2,
      2
    ],
    [
      9,
      2,
      15,
      14,
      9,
      30,
      0,
      918,
      0,
      3
    ],
    [
      62,
      14,
      6,
      7,
      1,
      1,
      0,
      3,
      893,
      13
    ],
    [
      15,
      64,
      3,
      12,
      0,
      2,
      5,
      4,
      16,
      879
    ]
  ],
  "report": "              precision    recall  f1-score   support\n\n           0       0.83      0.90      0.87      1000\n           1       0.90      0.94      0.92      1000\n           2       0.78      0.80      0.79      1000\n           3       0.71      0.75      0.73      1000\n           4       0.89      0.77      0.83      1000\n           5       0.78      0.79      0.78      1000\n           6       0.92      0.84      0.88      1000\n           7       0.83      0.92      0.87      1000\n           8       0.94      0.89      0.91      1000\n           9       0.92      0.88      0.90      1000\n\n    accuracy                           0.85     10000\n   macro avg       0.85      0.85      0.85     10000\nweighted avg       0.85      0.85      0.85     10000\n",
  "seed": 0
}