{
  "weighted_f1": {
    "mean": 0.8259433324824698,
    "std": NaN,
    "min": 0.8259433324824698,
    "max": 0.8259433324824698,
    "values": [
      0.8259433324824698
    ]
  },
  "macro_f1": {
    "mean": 0.7868436463009956,
    "std": NaN,
    "min": 0.7868436463009956,
    "max": 0.7868436463009956,
    "values": [
      0.7868436463009956
    ]
  },
  "weighted_accuracy": {
    "mean": 0.8205128205128205,
    "std": NaN,
    "min": 0.8205128205128205,
    "max": 0.8205128205128205,
    "values": [
      0.8205128205128205
    ]
  },
  "mean_auc": {
    "mean": 0.8740601503759399,
    "std": NaN,
    "min": 0.8740601503759399,
    "max": 0.8740601503759399,
    "values": [
      0.8740601503759399
    ]
  },
  "best_seed_idx": 0,
  "n_runs": 1
}