{
  "weighted_f1": {
    "mean": 0.8763784426392623,
    "std": NaN,
    "min": 0.8763784426392623,
    "max": 0.8763784426392623,
    "values": [
      0.8763784426392623
    ]
  },
  "macro_f1": {
    "mean": 0.854518436780663,
    "std": NaN,
    "min": 0.854518436780663,
    "max": 0.854518436780663,
    "values": [
      0.854518436780663
    ]
  },
  "weighted_accuracy": {
    "mean": 0.8764623955431755,
    "std": NaN,
    "min": 0.8764623955431755,
    "max": 0.8764623955431755,
    "values": [
      0.8764623955431755
    ]
  },
  "mean_auc": {
    "mean": 0.9885999393539573,
    "std": NaN,
    "min": 0.9885999393539573,
    "max": 0.9885999393539573,
    "values": [
      0.9885999393539573
    ]
  },
  "best_seed_idx": 0,
  "n_runs": 1
}