{
  "weighted_f1": {
    "mean": 0.9942985393382158,
    "std": NaN,
    "min": 0.9942985393382158,
    "max": 0.9942985393382158,
    "values": [
      0.9942985393382158
    ]
  },
  "macro_f1": {
    "mean": 0.9941920987503732,
    "std": NaN,
    "min": 0.9941920987503732,
    "max": 0.9941920987503732,
    "values": [
      0.9941920987503732
    ]
  },
  "weighted_accuracy": {
    "mean": 0.9943,
    "std": NaN,
    "min": 0.9943,
    "max": 0.9943,
    "values": [
      0.9943
    ]
  },
  "mean_auc": {
    "mean": 0.9997248417742703,
    "std": NaN,
    "min": 0.9997248417742703,
    "max": 0.9997248417742703,
    "values": [
      0.9997248417742703
    ]
  },
  "best_seed_idx": 0,
  "n_runs": 1
}