{
  "weighted_f1": 0.9978360382808947,
  "macro_f1": 0.9978167869225564,
  "weighted_accuracy": 0.997834977146981,
  "weighted_precision": 0.997838683941254,
  "weighted_recall": 0.997834977146981,
  "per_class_auc": [
    0.9999971093253166,
    0.9999991253567816,
    0.9997330232558139,
    0.9991193876298974
  ],
  "mean_auc": 0.9997121613919524,
  "confusion_matrix": [
    [
      979,
      0,
      1,
      0
    ],
    [
      0,
      1133,
      2,
      0
    ],
    [
      1,
      0,
      1029,
      2
    ],
    [
      0,
      0,
      3,
      1007
    ]
  ],
  "report": "              precision    recall  f1-score   support\n\n           0       1.00      1.00      1.00       980\n           1       1.00      1.00      1.00      1135\n           2       0.99      1.00      1.00      1032\n           3       1.00      1.00      1.00      1010\n\n    accuracy                           1.00      4157\n   macro avg       1.00      1.00      1.00      4157\nweighted avg       1.00      1.00      1.00      4157\n",
  "seed": 0
}