{
  "weighted_f1": {
    "mean": 0.8118392309332406,
    "std": NaN,
    "min": 0.8118392309332406,
    "max": 0.8118392309332406,
    "values": [
      0.8118392309332406
    ]
  },
  "macro_f1": {
    "mean": 0.8118392309332407,
    "std": NaN,
    "min": 0.8118392309332407,
    "max": 0.8118392309332407,
    "values": [
      0.8118392309332407
    ]
  },
  "weighted_accuracy": {
    "mean": 0.811,
    "std": NaN,
    "min": 0.811,
    "max": 0.811,
    "values": [
      0.811
    ]
  },
  "mean_auc": {
    "mean": 0.9783380222222222,
    "std": NaN,
    "min": 0.9783380222222222,
    "max": 0.9783380222222222,
    "values": [
      0.9783380222222222
    ]
  },
  "best_seed_idx": 0,
  "n_runs": 1
}