{
  "weighted_f1": 0.9000216693823504,
  "macro_f1": 0.8786473728265753,
  "weighted_accuracy": 0.9027855153203342,
  "weighted_precision": 0.9005994002285689,
  "weighted_recall": 0.9027855153203342,
  "per_class_auc": [
    0.9981499619527476,
    0.9998439612151339,
    0.9961084024442252,
    0.999261474968218,
    0.9837508205484997,
    0.9900863978732832,
    0.9967956315460422,
    0.9411464752372047,
    0.9910580770856271
  ],
  "mean_auc": 0.988466800318998,
  "confusion_matrix": [
    [
      1328,
      1,
      0,
      0,
      7,
      2,
      0,
      0,
      0
    ],
    [
      2,
      845,
      0,
      0,
      0,
      0,
      0,
      0,
      0
    ],
    [
      0,
      0,
      282,
      13,
      0,
      22,
      0,
      22,
      0
    ],
    [
      1,
      0,
      1,
      630,
      0,
      0,
      1,
      0,
      1
    ],
    [
      142,
      1,
      0,
      0,
      887,
      0,
      3,
      0,
      2
    ],
    [
      0,
      1,
      6,
      0,
      17,
      506,
      1,
      59,
      2
    ],
    [
      0,
      0,
      1,
      14,
      13,
      0,
      668,
      1,
      44
    ],
    [
      0,
      0,
      6,
      6,
      49,
      79,
      0,
      224,
      57
    ],
    [
      0,
      0,
      22,
      35,
      43,
      2,
      16,
      3,
      1112
    ]
  ],
  "report": "              precision    recall  f1-score   support\n\n           0       0.90      0.99      0.94      1338\n           1       1.00      1.00      1.00       847\n           2       0.89      0.83      0.86       339\n           3       0.90      0.99      0.95       634\n           4       0.87      0.86      0.86      1035\n           5       0.83      0.85      0.84       592\n           6       0.97      0.90      0.93       741\n           7       0.72      0.53      0.61       421\n           8       0.91      0.90      0.91      1233\n\n    accuracy                           0.90      7180\n   macro avg       0.89      0.87      0.88      7180\nweighted avg       0.90      0.90      0.90      7180\n",
  "seed": 0
}