{
  "weighted_f1": {
    "mean": 0.8609203296703297,
    "std": NaN,
    "min": 0.8609203296703297,
    "max": 0.8609203296703297,
    "values": [
      0.8609203296703297
    ]
  },
  "macro_f1": {
    "mean": 0.8258928571428572,
    "std": NaN,
    "min": 0.8258928571428572,
    "max": 0.8258928571428572,
    "values": [
      0.8258928571428572
    ]
  },
  "weighted_accuracy": {
    "mean": 0.8589743589743589,
    "std": NaN,
    "min": 0.8589743589743589,
    "max": 0.8589743589743589,
    "values": [
      0.8589743589743589
    ]
  },
  "mean_auc": {
    "mean": 0.9060150375939849,
    "std": NaN,
    "min": 0.9060150375939849,
    "max": 0.9060150375939849,
    "values": [
      0.9060150375939849
    ]
  },
  "best_seed_idx": 0,
  "n_runs": 1
}