{
  "weighted_f1": {
    "mean": 0.9978360382808947,
    "std": NaN,
    "min": 0.9978360382808947,
    "max": 0.9978360382808947,
    "values": [
      0.9978360382808947
    ]
  },
  "macro_f1": {
    "mean": 0.9978167869225564,
    "std": NaN,
    "min": 0.9978167869225564,
    "max": 0.9978167869225564,
    "values": [
      0.9978167869225564
    ]
  },
  "weighted_accuracy": {
    "mean": 0.997834977146981,
    "std": NaN,
    "min": 0.997834977146981,
    "max": 0.997834977146981,
    "values": [
      0.997834977146981
    ]
  },
  "mean_auc": {
    "mean": 0.9997121613919524,
    "std": NaN,
    "min": 0.9997121613919524,
    "max": 0.9997121613919524,
    "values": [
      0.9997121613919524
    ]
  },
  "best_seed_idx": 0,
  "n_runs": 1
}