{
  "weighted_f1": 0.7457980615875353,
  "macro_f1": 0.7097288676236044,
  "weighted_accuracy": 0.7307692307692307,
  "weighted_precision": 0.8131868131868132,
  "weighted_recall": 0.7307692307692307,
  "per_class_auc": [
    0.8865914786967418
  ],
  "mean_auc": 0.8865914786967418,
  "confusion_matrix": [
    [
      36,
      6
    ],
    [
      36,
      78
    ]
  ],
  "report": "              precision    recall  f1-score   support\n\n           0       0.50      0.86      0.63        42\n           1       0.93      0.68      0.79       114\n\n    accuracy                           0.73       156\n   macro avg       0.71      0.77      0.71       156\nweighted avg       0.81      0.73      0.75       156\n",
  "seed": 0
}