{
  "weighted_f1": 0.8703856029560922,
  "macro_f1": 0.8451654613784119,
  "weighted_accuracy": 0.8727019498607242,
  "weighted_precision": 0.8728069662045839,
  "weighted_recall": 0.8727019498607242,
  "per_class_auc": [
    0.9883838821911738,
    0.999814133012531,
    0.9813927736590805,
    0.9977352702206467,
    0.9639468088033551,
    0.9840001374325146,
    0.9936740497713514,
    0.9432241132523573,
    0.9834376407659384
  ],
  "mean_auc": 0.9817343121232166,
  "confusion_matrix": [
    [
      1310,
      4,
      1,
      0,
      1,
      21,
      0,
      0,
      1
    ],
    [
      0,
      847,
      0,
      0,
      0,
      0,
      0,
      0,
      0
    ],
    [
      0,
      0,
      244,
      3,
      0,
      63,
      0,
      29,
      0
    ],
    [
      1,
      0,
      3,
      629,
      0,
      0,
      1,
      0,
      0
    ],
    [
      206,
      5,
      4,
      0,
      800,
      8,
      8,
      0,
      4
    ],
    [
      0,
      0,
      8,
      0,
      21,
      494,
      0,
      69,
      0
    ],
    [
      1,
      0,
      4,
      29,
      8,
      0,
      666,
      0,
      33
    ],
    [
      0,
      10,
      10,
      4,
      58,
      82,
      3,
      230,
      24
    ],
    [
      0,
      0,
      34,
      40,
      80,
      5,
      18,
      10,
      1046
    ]
  ],
  "report": "              precision    recall  f1-score   support\n\n           0       0.86      0.98      0.92      1338\n           1       0.98      1.00      0.99       847\n           2       0.79      0.72      0.75       339\n           3       0.89      0.99      0.94       634\n           4       0.83      0.77      0.80      1035\n           5       0.73      0.83      0.78       592\n           6       0.96      0.90      0.93       741\n           7       0.68      0.55      0.61       421\n           8       0.94      0.85      0.89      1233\n\n    accuracy                           0.87      7180\n   macro avg       0.85      0.84      0.85      7180\nweighted avg       0.87      0.87      0.87      7180\n",
  "seed": 0
}