{
  "weighted_f1": {
    "mean": 0.4856542480907371,
    "std": NaN,
    "min": 0.4856542480907371,
    "max": 0.4856542480907371,
    "values": [
      0.4856542480907371
    ]
  },
  "macro_f1": {
    "mean": 0.4856542480907372,
    "std": NaN,
    "min": 0.4856542480907372,
    "max": 0.4856542480907372,
    "values": [
      0.4856542480907372
    ]
  },
  "weighted_accuracy": {
    "mean": 0.5,
    "std": NaN,
    "min": 0.5,
    "max": 0.5,
    "values": [
      0.5
    ]
  },
  "mean_auc": {
    "mean": 0.9675055656565656,
    "std": NaN,
    "min": 0.9675055656565656,
    "max": 0.9675055656565656,
    "values": [
      0.9675055656565656
    ]
  },
  "best_seed_idx": 0,
  "n_runs": 1
}