{
  "weighted_f1": 0.9928956701605007,
  "macro_f1": 0.992773672354432,
  "weighted_accuracy": 0.9929,
  "weighted_precision": 0.9929038374017484,
  "weighted_recall": 0.9929,
  "per_class_auc": [
    0.9999401556631521,
    0.9999845951633782,
    0.9999498648078612,
    0.9999863434619324,
    0.999891820793805,
    0.9987286345616431,
    0.9997362112969446,
    0.9999277909137116,
    0.9999881701550302,
    0.9999316572381213
  ],
  "mean_auc": 0.999806524405558,
  "confusion_matrix": [
    [
      978,
      0,
      0,
      0,
      0,
      0,
      1,
      1,
      0,
      0
    ],
    [
      0,
      1132,
      2,
      0,
      0,
      0,
      1,
      0,
      0,
      0
    ],
    [
      0,
      0,
      1027,
      0,
      0,
      1,
      0,
      3,
      1,
      0
    ],
    [
      0,
      1,
      0,
      1004,
      0,
      4,
      0,
      0,
      1,
      0
    ],
    [
      0,
      1,
      0,
      0,
      972,
      0,
      2,
      1,
      0,
      6
    ],
    [
      2,
      0,
      4,
      4,
      0,
      878,
      1,
      3,
      0,
      0
    ],
    [
      7,
      1,
      1,
      0,
      1,
      3,
      943,
      0,
      2,
      0
    ],
    [
      0,
      2,
      2,
      0,
      0,
      1,
      0,
      1023,
      0,
      0
    ],
    [
      1,
      0,
      0,
      2,
      0,
      0,
      0,
      0,
      970,
      1
    ],
    [
      0,
      0,
      1,
      0,
      5,
      0,
      0,
      0,
      1,
      1002
    ]
  ],
  "report": "              precision    recall  f1-score   support\n\n           0       0.99      1.00      0.99       980\n           1       1.00      1.00      1.00      1135\n           2       0.99      1.00      0.99      1032\n           3       0.99      0.99      0.99      1010\n           4       0.99      0.99      0.99       982\n           5       0.99      0.98      0.99       892\n           6       0.99      0.98      0.99       958\n           7       0.99      1.00      0.99      1028\n           8       0.99      1.00      1.00       974\n           9       0.99      0.99      0.99      1009\n\n    accuracy                           0.99     10000\n   macro avg       0.99      0.99      0.99     10000\nweighted avg       0.99      0.99      0.99     10000\n",
  "seed": 0
}