{
  "weighted_f1": 0.8493798034787952,
  "macro_f1": 0.849379803478795,
  "weighted_accuracy": 0.8486,
  "weighted_precision": 0.8523970085927959,
  "weighted_recall": 0.8486,
  "per_class_auc": [
    0.9900277777777777,
    0.9958825555555555,
    0.9811384444444444,
    0.9618735555555555,
    0.9834356666666667,
    0.975793777777778,
    0.9872932222222223,
    0.9906604444444445,
    0.9927594444444444,
    0.9933236666666666
  ],
  "mean_auc": 0.9852188555555557,
  "confusion_matrix": [
    [
      906,
      9,
      21,
      5,
      5,
      1,
      1,
      6,
      30,
      16
    ],
    [
      9,
      933,
      0,
      4,
      0,
      0,
      1,
      1,
      8,
      44
    ],
    [
      47,
      1,
      830,
      48,
      39,
      12,
      11,
      7,
      5,
      0
    ],
    [
      24,
      2,
      46,
      750,
      24,
      102,
      16,
      17,
      6,
      13
    ],
    [
      20,
      1,
      51,
      54,
      786,
      29,
      11,
      42,
      6,
      0
    ],
    [
      8,
      1,
      23,
      144,
      20,
      770,
      6,
      21,
      1,
      6
    ],
    [
      13,
      3,
      41,
      65,
      28,
      18,
      820,
      5,
      5,
      2
    ],
    [
      9,
      0,
      16,
      37,
      17,
      25,
      0,
      890,
      1,
      5
    ],
    [
      49,
      16,
      4,
      4,
      1,
      1,
      0,
      1,
      898,
      26
    ],
    [
      19,
      53,
      4,
      7,
      0,
      1,
      1,
      3,
      9,
      903
    ]
  ],
  "report": "              precision    recall  f1-score   support\n\n           0       0.82      0.91      0.86      1000\n           1       0.92      0.93      0.92      1000\n           2       0.80      0.83      0.82      1000\n           3       0.67      0.75      0.71      1000\n           4       0.85      0.79      0.82      1000\n           5       0.80      0.77      0.79      1000\n           6       0.95      0.82      0.88      1000\n           7       0.90      0.89      0.89      1000\n           8       0.93      0.90      0.91      1000\n           9       0.89      0.90      0.90      1000\n\n    accuracy                           0.85     10000\n   macro avg       0.85      0.85      0.85     10000\nweighted avg       0.85      0.85      0.85     10000\n",
  "seed": 0
}