{
  "weighted_f1": {
    "mean": 0.8425366136763427,
    "std": NaN,
    "min": 0.8425366136763427,
    "max": 0.8425366136763427,
    "values": [
      0.8425366136763427
    ]
  },
  "macro_f1": {
    "mean": 0.8425366136763428,
    "std": NaN,
    "min": 0.8425366136763428,
    "max": 0.8425366136763428,
    "values": [
      0.8425366136763428
    ]
  },
  "weighted_accuracy": {
    "mean": 0.8414,
    "std": NaN,
    "min": 0.8414,
    "max": 0.8414,
    "values": [
      0.8414
    ]
  },
  "mean_auc": {
    "mean": 0.9844772333333334,
    "std": NaN,
    "min": 0.9844772333333334,
    "max": 0.9844772333333334,
    "values": [
      0.9844772333333334
    ]
  },
  "best_seed_idx": 0,
  "n_runs": 1
}