{
  "weighted_f1": {
    "mean": 0.7925295857988166,
    "std": NaN,
    "min": 0.7925295857988166,
    "max": 0.7925295857988166,
    "values": [
      0.7925295857988166
    ]
  },
  "macro_f1": {
    "mean": 0.7548076923076923,
    "std": NaN,
    "min": 0.7548076923076923,
    "max": 0.7548076923076923,
    "values": [
      0.7548076923076923
    ]
  },
  "weighted_accuracy": {
    "mean": 0.782051282051282,
    "std": NaN,
    "min": 0.782051282051282,
    "max": 0.782051282051282,
    "values": [
      0.782051282051282
    ]
  },
  "mean_auc": {
    "mean": 0.891186299081036,
    "std": NaN,
    "min": 0.891186299081036,
    "max": 0.891186299081036,
    "values": [
      0.891186299081036
    ]
  },
  "best_seed_idx": 0,
  "n_runs": 1
}