{
  "weighted_f1": {
    "mean": 0.8439580163781418,
    "std": NaN,
    "min": 0.8439580163781418,
    "max": 0.8439580163781418,
    "values": [
      0.8439580163781418
    ]
  },
  "macro_f1": {
    "mean": 0.8439580163781418,
    "std": NaN,
    "min": 0.8439580163781418,
    "max": 0.8439580163781418,
    "values": [
      0.8439580163781418
    ]
  },
  "weighted_accuracy": {
    "mean": 0.8431,
    "std": NaN,
    "min": 0.8431,
    "max": 0.8431,
    "values": [
      0.8431
    ]
  },
  "mean_auc": {
    "mean": 0.9851794222222221,
    "std": NaN,
    "min": 0.9851794222222221,
    "max": 0.9851794222222221,
    "values": [
      0.9851794222222221
    ]
  },
  "best_seed_idx": 0,
  "n_runs": 1
}