{
  "train_loss": [
    2.176757076475355,
    1.9253322462717692,
    1.7981426765229966,
    1.6928574945237902,
    1.6167730146831936,
    1.5607469447241888,
    1.4994995114008585,
    1.4539508934868706,
    1.4200441854688857,
    1.3923341534932454,
    1.3671643552568225,
    1.3416003065956963,
    1.3242431086646187,
    1.3018238453759088,
    1.294898498471578,
    1.2775954672283596,
    1.2646308855692545,
    1.2555296594619751,
    1.240311269463433,
    1.2294458039601643,
    1.2226284630669488,
    1.2144576264275444,
    1.2053970737245348,
    1.1955551876915826,
    1.1877220497131347,
    1.1809803876664904,
    1.1778371643278334,
    1.1688995848337809,
    1.1620936215082804,
    1.1542202526516385,
    1.1473168083190919,
    1.1435503269407483,
    1.1368498890770806,
    1.1322937103907267,
    1.12826108924018,
    1.1221596823374431,
    1.1166035774230958,
    1.108648127110799,
    1.1062286667717827,
    1.1039830568313598,
    1.0951833012051053,
    1.0903242558797202,
    1.0884405087153117,
    1.0844100810792712,
    1.0788145556131998,
    1.0778632742563883,
    1.071319989628262,
    1.0699572969436646,
    1.064185014767117,
    1.0626408985137938,
    1.0593316692140367,
    1.0537971765730116,
    1.052051152557797,
    1.043602537727356,
    1.0426902813593546,
    1.04410255206426,
    1.0358925951427884,
    1.0320102844344246,
    1.0273285911242167,
    1.0253339295069377,
    1.0231566540082295,
    1.0241745917850071,
    1.0194928229226006,
    1.0156587456703186,
    1.009144059117635,
    1.0099695306989882,
    1.0043858270009358,
    1.0057148722436693,
    1.0076376594119603,
    0.9970250696182251,
    0.9972732623100281,
    0.9958371241675483,
    0.9935983963860405,
    0.9912699627346463,
    0.9895384944491916,
    0.9888549905776978,
    0.9830976179970635,
    0.9858694024827745,
    0.9787429941707187,
    0.9776445098029243,
    0.9758993946075439,
    0.9785075270758735,
    0.9704717577616374,
    0.9748550023184882,
    0.968108510377672,
    0.9746592431174385,
    0.9685314021640353,
    0.968141639857822,
    0.9638341697269016,
    0.9636858587900797,
    0.9646501962661743,
    0.9598799737294516,
    0.9633611573749118,
    0.9645957488165962,
    0.9582579692416721,
    0.9599400401221382,
    0.9625844786326091,
    0.9579490900463528,
    0.9637172335306803,
    0.9626668656243218
  ],
  "train_acc": [
    0.1804888888888889,
    0.2895333333333333,
    0.3784666666666667,
    0.44564444444444445,
    0.48893333333333333,
    0.5228,
    0.5536888888888889,
    0.5815555555555556,
    0.5989333333333333,
    0.6176666666666667,
    0.6280444444444444,
    0.6444888888888889,
    0.6534222222222222,
    0.6647111111111111,
    0.6688444444444445,
    0.6762,
    0.6842222222222222,
    0.6892888888888888,
    0.6940222222222222,
    0.7024444444444444,
    0.7061555555555555,
    0.7094444444444444,
    0.7154444444444444,
    0.7239333333333333,
    0.7240222222222222,
    0.7273777777777778,
    0.7288444444444444,
    0.7337333333333333,
    0.7393333333333333,
    0.7391555555555556,
    0.7452444444444445,
    0.7466666666666667,
    0.7508,
    0.7526444444444444,
    0.7557777777777778,
    0.7585333333333333,
    0.7607111111111111,
    0.7642,
    0.7664888888888889,
    0.7671111111111111,
    0.7710666666666667,
    0.7738444444444444,
    0.7733777777777778,
    0.7766888888888889,
    0.7787555555555555,
    0.7808444444444445,
    0.7831111111111111,
    0.783,
    0.7858666666666667,
    0.7902444444444444,
    0.7884444444444444,
    0.7915333333333333,
    0.7919111111111111,
    0.7958444444444445,
    0.7964888888888889,
    0.7964,
    0.8009555555555555,
    0.8014666666666667,
    0.8046222222222222,
    0.8053333333333333,
    0.8060444444444445,
    0.8056222222222222,
    0.8081555555555555,
    0.8095333333333333,
    0.8152,
    0.8117777777777778,
    0.8146,
    0.8124888888888889,
    0.8119111111111111,
    0.8191555555555555,
    0.8175777777777777,
    0.8162,
    0.8190222222222222,
    0.8207777777777778,
    0.8226666666666667,
    0.8206222222222223,
    0.8241777777777778,
    0.8250888888888889,
    0.8285333333333333,
    0.8273333333333334,
    0.8271555555555555,
    0.8274444444444444,
    0.8315777777777777,
    0.8283111111111111,
    0.8324888888888888,
    0.8277333333333333,
    0.8324666666666667,
    0.8311333333333333,
    0.8347777777777777,
    0.8320888888888889,
    0.8345333333333333,
    0.8348888888888889,
    0.8347555555555556,
    0.8346666666666667,
    0.8352,
    0.8360888888888889,
    0.8344,
    0.8361333333333333,
    0.8328666666666666,
    0.8343777777777778
  ],
  "val_loss": [
    1.980368194961548,
    1.799859762954712,
    1.6551174152374268,
    1.5745293018341064,
    1.4718462537765502,
    1.4627313850402832,
    1.355804974746704,
    1.3491146518707275,
    1.2954836977005004,
    1.279042533683777,
    1.2299568901062012,
    1.2481811798095703,
    1.2221930149078368,
    1.199988595676422,
    1.202928921699524,
    1.1822356504440308,
    1.180059727191925,
    1.172706876373291,
    1.1344959188461303,
    1.1619163595199584,
    1.1315087489128113,
    1.1020010890960694,
    1.1150666242599487,
    1.0969328149795532,
    1.079222364616394,
    1.0835299367904663,
    1.0801917377471923,
    1.0625551464080811,
    1.057448232460022,
    1.0774084434509277,
    1.0435842370033264,
    1.0407652305603028,
    1.0328937626838683,
    1.0501802122116088,
    1.0249080961227417,
    1.0241742552757263,
    1.0377306210517883,
    0.9974670150756836,
    1.0270856159210204,
    1.0257946904182433,
    1.021344369506836,
    1.0168137845993042,
    1.021538495159149,
    1.0128564151763917,
    1.0048265027999879,
    0.9917304695129394,
    0.9856469449043274,
    1.0094606786727904,
    0.9644173858642578,
    1.00688205575943,
    0.992564891242981,
    0.9889595550537109,
    0.9753462358474732,
    0.9723666504859925,
    0.9690864074707031,
    0.9898085329055786,
    0.9802909529685974,
    0.973309164428711,
    0.9685874547958374,
    0.9556109254837036,
    0.9555724294662475,
    0.9565742179870605,
    0.956350775718689,
    0.9530358320236206,
    0.9694695705413818,
    0.9499761759757995,
    0.9525758140563965,
    0.9624568743705749,
    0.9491249161720275,
    0.9430187169075013,
    0.9429360752105713,
    0.9455499841690064,
    0.9429563510894775,
    0.949172204208374,
    0.9264805200576782,
    0.935010107421875,
    0.9386804572105407,
    0.9380349534988404,
    0.9341094826698303,
    0.9383603779792785,
    0.9337934785842895,
    0.9310140124320984,
    0.9307422346115112,
    0.9353890975952148,
    0.9308642893791199,
    0.9300258783340454,
    0.9285291969299316,
    0.9354481446266174,
    0.9313966012954712,
    0.927778724861145,
    0.9341012866973877,
    0.9296670705795288,
    0.9347017404556275,
    0.9331220499038696,
    0.9313290328025818,
    0.9314535840034485,
    0.9310453763961792,
    0.9298478812217712,
    0.9299822456359863,
    0.9320218231201172
  ],