{
  "weighted_f1": {
    "mean": 0.7642827537226939,
    "std": NaN,
    "min": 0.7642827537226939,
    "max": 0.7642827537226939,
    "values": [
      0.7642827537226939
    ]
  },
  "macro_f1": {
    "mean": 0.7642827537226938,
    "std": NaN,
    "min": 0.7642827537226938,
    "max": 0.7642827537226938,
    "values": [
      0.7642827537226938
    ]
  },
  "weighted_accuracy": {
    "mean": 0.7633,
    "std": NaN,
    "min": 0.7633,
    "max": 0.7633,
    "values": [
      0.7633
    ]
  },
  "mean_auc": {
    "mean": 0.9713070166666669,
    "std": NaN,
    "min": 0.9713070166666669,
    "max": 0.9713070166666669,
    "values": [
      0.9713070166666669
    ]
  },
  "best_seed_idx": 0,
  "n_runs": 1
}