{
  "train_loss": [
    2.2082282989078097,
    1.8942021712409125,
    1.7771879369735717,
    1.6766474202897814,
    1.6072059300104777,
    1.5518994189156425,
    1.499785432963901,
    1.4582836840099758,
    1.427630619261,
    1.4037173839992947,
    1.3771173840204876,
    1.35415748524136,
    1.3355133423699272,
    1.3143044390572443,
    1.3018239209493,
    1.285928789223565,
    1.2722937803056504,
    1.2578181776682535,
    1.2482381045447455,
    1.2325835334353976,
    1.227984212896559,
    1.2166677188873292,
    1.2074478686014811,
    1.1978195173475477,
    1.1899105546103583,
    1.1815207844204372,
    1.1751837046305338,
    1.1628051204257541,
    1.1615970274607341,
    1.151977317322625,
    1.1452399452633328,
    1.1395008664660984,
    1.1339693449444241,
    1.130869849650065,
    1.1240846357981364,
    1.116607542652554,
    1.1153080308702257,
    1.1115067352294923,
    1.1041263776143393,
    1.1005967314826117,
    1.090670632595486,
    1.094538963317871,
    1.0872459757910835,
    1.0795308611869812,
    1.0772127786636352,
    1.0735641438378227,
    1.0699966417736477,
    1.0616558786180283,
    1.057154747221205,
    1.0584311092800565,
    1.0548916627460057,
    1.0469858857684666,
    1.0412531931559246,
    1.0442970375061036,
    1.038667017724779,
    1.0355339723587036,
    1.0290781493610806,
    1.0301969269434612,
    1.0283667192459107,
    1.0220198967827692,
    1.0173439955181545,
    1.0166777346293132,
    1.0115095445632936,
    1.00955427558687,
    1.0033223789638943,
    1.0003495652092829,
    1.0027602104398938,
    0.9956400992075602,
    0.9992325081507365,
    0.9894937651316325,
    0.9912327384524875,
    0.9898393760893079,
    0.9870034015231662,
    0.9825739508734809,
    0.9826225532107883,
    0.9797332522604201,
    0.9793326217333476,
    0.9761732901149326,
    0.971045092148251,
    0.9754158822165595,
    0.9719087658140394,
    0.9679598527060614,
    0.9677636500676473,
    0.9667011842303805,
    0.9635444863425361,
    0.9651419636090597,
    0.9577153382619222,
    0.9622025431527031,
    0.9612103550169203,
    0.9606757915072971,
    0.9593857056935629,
    0.95600922387441,
    0.9581547685305277,
    0.9538091753641764,
    0.9591615058263143,
    0.9558150641547309,
    0.9554667979134454,
    0.9541752230114408,
    0.9569155113008287,
    0.9517843330913119
  ],
  "train_acc": [
    0.17733333333333334,
    0.31277777777777777,
    0.3837777777777778,
    0.4477777777777778,
    0.4915111111111111,
    0.5257777777777778,
    0.5561111111111111,
    0.5808444444444445,
    0.5965111111111111,
    0.6101777777777778,
    0.6226666666666667,
    0.6366222222222222,
    0.6474444444444445,
    0.6549777777777778,
    0.661,
    0.67,
    0.6758666666666666,
    0.6837555555555556,
    0.6892222222222222,
    0.6975111111111111,
    0.7016666666666667,
    0.7069555555555556,
    0.7123333333333334,
    0.7171555555555555,
    0.7231777777777778,
    0.7257111111111111,
    0.7293333333333333,
    0.7357111111111111,
    0.7381555555555556,
    0.7436666666666667,
    0.7436444444444444,
    0.7492,
    0.7515111111111111,
    0.7544222222222222,
    0.7551555555555556,
    0.7592444444444445,
    0.7612,
    0.7647777777777778,
    0.7675555555555555,
    0.7688,
    0.7715555555555556,
    0.7692666666666667,
    0.7736,
    0.7777777777777778,
    0.7785777777777778,
    0.7815777777777778,
    0.7808666666666667,
    0.7873333333333333,
    0.7850888888888888,
    0.7870888888888888,
    0.7886222222222222,
    0.7918888888888889,
    0.7956888888888889,
    0.7930222222222222,
    0.7948222222222222,
    0.8,
    0.8012444444444444,
    0.7990888888888888,
    0.8015777777777777,
    0.8038,
    0.8075555555555556,
    0.8085333333333333,
    0.8102888888888888,
    0.8086666666666666,
    0.8127111111111112,
    0.8147333333333333,
    0.8133777777777778,
    0.8175333333333333,
    0.8155111111111111,
    0.8185555555555556,
    0.8194444444444444,
    0.8204444444444444,
    0.8214,
    0.8226,
    0.8245555555555556,
    0.8247333333333333,
    0.8223777777777778,
    0.8285777777777777,
    0.8271777777777778,
    0.8265333333333333,
    0.8285777777777777,
    0.8282,
    0.8298666666666666,
    0.8314444444444444,
    0.8330888888888889,
    0.8313777777777778,
    0.8330666666666666,
    0.8338444444444445,
    0.8332666666666667,
    0.8337333333333333,
    0.8347555555555556,
    0.8359555555555556,
    0.8354666666666667,
    0.8365555555555556,
    0.8352666666666667,
    0.8364222222222222,
    0.8367555555555556,
    0.8352,
    0.8352222222222222,
    0.8379333333333333
  ],
  "val_loss": [
    1.9647516563415528,
    1.7650097299575807,
    1.6465869773864745,
    1.547410941696167,
    1.4915692934036255,
    1.4244122417449951,
    1.3619627779006958,
    1.3557379386901856,
    1.3170441623687743,
    1.2847875595092773,
    1.2654386365890502,
    1.2179769367218019,
    1.2305132122039795,
    1.1773935796737671,
    1.1616776134490967,
    1.1750736923217773,
    1.1708458773612975,
    1.1645164329528808,
    1.1353223615646362,
    1.129491320991516,
    1.0963304264068603,
    1.103961214542389,
    1.0860895780563355,
    1.0941410270690919,
    1.078251619720459,
    1.0664698197364808,
    1.0797046520233153,
    1.0589839937210084,
    1.0569312572479248,
    1.0279439004898072,
    1.0456934381484986,
    1.0419369934082032,
    1.0472950201034545,
    1.0269916132926942,
    1.0234252544403075,
    1.0116620922088624,
    1.0233705379486084,
    1.0173910490036011,
    0.999367622756958,
    1.0091357076644898,
    0.9992733627319336,
    1.0020788767814637,
    0.9766262226104736,
    1.005459405708313,
    0.9796073511123657,
    0.9749150656700134,
    0.9734703902244568,
    0.9617971808433533,
    0.9741246676445008,
    0.9694942318916321,
    0.9694744207382202,
    0.9590198987007141,
    0.9552531900405884,
    0.9551923122406006,
    0.9610660255432129,
    0.9507153587341308,
    0.9639597602844239,
    0.9473025995254517,
    0.9500943311691284,
    0.9481009292602539,
    0.959039381980896,
    0.9527202156066894,
    0.938377698802948,
    0.929511625289917,
    0.9363671179771423,
    0.9338773221969604,
    0.9323109968185425,
    0.9270155139923095,
    0.9356311399459839,
    0.927702639579773,
    0.9349117219924927,
    0.9317285150527954,
    0.9433452275276184,
    0.9270305688858033,
    0.9342502716064454,
    0.9266417695045471,
    0.9197588861465454,
    0.917446611404419,
    0.9146126110076904,
    0.9183968316078186,
    0.9255710934638977,
    0.916984055519104,
    0.9165056973457336,
    0.9152624366760254,
    0.9217416971206666,
    0.9232768773078919,
    0.9189965621948242,
    0.9155663147926331,
    0.9197611777305603,
    0.9198318603515625,
    0.9197680401802063,
    0.914402395248413,
    0.9123315529823304,
    0.9202211528778076,
    0.9136703106880188,
    0.9192941223144532,
    0.9177069147109985,
    0.906754368019104,
    0.9100995946884155,
    0.9158226861953735
  ],