{
  "train_loss": [
    2.1773822788238526,
    1.9242182343800862,
    1.799044921959771,
    1.695200122218662,
    1.6159063622792562,
    1.5625625245836046,
    1.5012131142722236,
    1.4509572879367405,
    1.4180627493964302,
    1.384960916434394,
    1.3640742184109158,
    1.344063074154324,
    1.3256057232962715,
    1.3043764552222359,
    1.292561260456509,
    1.2808522761662802,
    1.2677309933980305,
    1.2527458107630411,
    1.245283276579115,
    1.2349159290101792,
    1.2288279838985867,
    1.2149663512759739,
    1.2081471746444703,
    1.2010275570339626,
    1.1940639743381076,
    1.1784150149239434,
    1.176938382657369,
    1.1731251573350694,
    1.1608815598593818,
    1.1537701285044353,
    1.1454584719551935,
    1.1407713343090482,
    1.1342856933805678,
    1.1285990056567723,
    1.1274281591627333,
    1.1201394243028429,
    1.1150524216545952,
    1.1090220326741536,
    1.1062653522491455,
    1.1002852591196697,
    1.0964141601350572,
    1.0902757211473253,
    1.085700251812405,
    1.0804809214486015,
    1.0770299226125082,
    1.073146614434984,
    1.0684092255486382,
    1.0613620727115207,
    1.0670272617763943,
    1.0611501962449816,
    1.056145161904229,
    1.0524147596889073,
    1.0473110906918843,
    1.0445594124688042,
    1.0421913751602172,
    1.039008413420783,
    1.0357810434977213,
    1.0330701395458646,
    1.0299001560846965,
    1.0253516169230144,
    1.0207632573445637,
    1.0206561119291517,
    1.0171795370631749,
    1.0107801968892416,
    1.0088240307384067,
    1.0082493085013495,
    1.0043427537282308,
    1.0017754085328845,
    1.0049233720779418,
    0.9979260269165039,
    0.9943651727252536,
    0.9937445863511827,
    0.9888410937839084,
    0.9883551973554823,
    0.9872795545789931,
    0.984756838438246,
    0.9813510585572984,
    0.978125866593255,
    0.9755507188373141,
    0.9784710451338027,
    0.9748310609181722,
    0.9703953026241726,
    0.9684559894455804,
    0.971153713523017,
    0.9689753880182902,
    0.9696917203903198,
    0.9631678134176466,
    0.9687343052334255,
    0.9605050178103977,
    0.9629035991668701,
    0.9633453951305814,
    0.9547540378994412,
    0.9582718581729465,
    0.9621696937349108,
    0.9576244604322646,
    0.9584382577790155,
    0.9579524063534207,
    0.9595164313528273,
    0.9590321928660075,
    0.9561634251912435
  ],
  "train_acc": [
    0.18051111111111112,
    0.2909777777777778,
    0.3782888888888889,
    0.44333333333333336,
    0.49048888888888886,
    0.5227777777777778,
    0.5547333333333333,
    0.5840222222222222,
    0.6010666666666666,
    0.6226,
    0.6303777777777778,
    0.6418888888888888,
    0.6516888888888889,
    0.6629111111111111,
    0.6688222222222222,
    0.675,
    0.6799777777777778,
    0.6910222222222222,
    0.6920666666666667,
    0.6988222222222222,
    0.7029555555555556,
    0.7079555555555556,
    0.7153333333333334,
    0.719,
    0.7208666666666667,
    0.7304444444444445,
    0.7312888888888889,
    0.733,
    0.7406,
    0.7420444444444444,
    0.7459555555555556,
    0.752,
    0.7523111111111112,
    0.7547333333333334,
    0.7550222222222223,
    0.7597333333333334,
    0.7623777777777778,
    0.7636666666666667,
    0.7651333333333333,
    0.7678888888888888,
    0.7731333333333333,
    0.7733777777777778,
    0.7755555555555556,
    0.7784888888888889,
    0.7778444444444444,
    0.7813555555555556,
    0.7816666666666666,
    0.7893555555555556,
    0.7844444444444445,
    0.7871777777777778,
    0.7898222222222222,
    0.7911111111111111,
    0.7941111111111111,
    0.7968222222222222,
    0.7979111111111111,
    0.8012888888888889,
    0.7996666666666666,
    0.8007333333333333,
    0.8028444444444445,
    0.8066888888888889,
    0.8062,
    0.8074444444444444,
    0.8088888888888889,
    0.8113555555555556,
    0.8115333333333333,
    0.8125333333333333,
    0.8155111111111111,
    0.8142666666666667,
    0.814,
    0.8167333333333333,
    0.8194666666666667,
    0.8190444444444445,
    0.8215555555555556,
    0.8229777777777778,
    0.8217111111111111,
    0.8246222222222223,
    0.8264,
    0.8289333333333333,
    0.8300444444444445,
    0.8269333333333333,
    0.8295555555555556,
    0.8310666666666666,
    0.8309111111111112,
    0.8322222222222222,
    0.8321333333333333,
    0.8315333333333333,
    0.8332888888888889,
    0.8318444444444445,
    0.8335777777777778,
    0.8343111111111111,
    0.8342666666666667,
    0.8389333333333333,
    0.8346222222222223,
    0.8356222222222223,
    0.8364444444444444,
    0.8373555555555555,
    0.8362222222222222,
    0.8364,
    0.8382444444444445,
    0.8391111111111111
  ],
  "val_loss": [
    1.9801409526824951,
    1.7979390159606934,
    1.6657443826675415,
    1.5619519050598145,
    1.469506123161316,
    1.4761749845504761,
    1.3541901042938231,
    1.3703795663833618,
    1.302021932220459,
    1.272748906135559,
    1.2241565803527832,
    1.241748561477661,
    1.2373777421951293,
    1.2143239562988282,
    1.1905023847579956,
    1.1863064254760742,
    1.177122716522217,
    1.1669632305145263,
    1.13855780544281,
    1.1461342878341674,
    1.1407020510673522,
    1.1210793836593629,
    1.0945009776115417,
    1.114883948802948,
    1.0769579042434692,
    1.106856796836853,
    1.0856559043884277,
    1.0528132452964782,
    1.0465890001296998,
    1.092554189491272,
    1.066654899406433,
    1.0542547702789307,
    1.039916984272003,
    1.0924065271377563,
    1.024924001598358,
    1.0230483449935912,
    1.038028260231018,
    1.030560799407959,
    1.0073341292381286,
    1.0131543531417846,
    1.0181055062294007,
    1.0098497926712036,
    1.0095257996559144,
    1.0045115421295165,
    1.0554986218452453,
    1.007373312664032,
    0.9981845050811767,
    1.0235249856948851,
    1.0007141874313354,
    0.9946392778396607,
    1.0211627716064453,
    0.9882827652931213,
    0.9911084432601929,
    0.9825593887329102,
    0.9840001243591309,
    0.9793379628181458,
    0.9935061970710755,
    0.9741973049163818,
    0.9879167304992675,
    0.9722414295196533,
    0.9729504817962646,
    0.9549738541603089,
    0.9767846618652344,
    0.9650926938056946,
    0.9809981309890747,
    0.9569973943710327,
    0.9579318334579467,
    0.9637367762565613,
    0.9662475487709046,
    0.9482189014434814,
    0.9573764331817627,
    0.9426109095573425,
    0.951690831565857,
    0.96059202709198,
    0.9483588690757752,
    0.9570565881729126,
    0.94648693151474,
    0.9480302103042603,
    0.9448317140579223,
    0.9476636216163635,
    0.9411189019203186,
    0.9384586072921753,
    0.9400627820014954,
    0.9410759559631348,
    0.9396188486099243,
    0.9412472786903381,
    0.9371184929847717,
    0.9381560867309571,
    0.937566849899292,
    0.939163852596283,
    0.9391976211547851,
    0.9369426867485047,
    0.9385763757705688,
    0.9355468554496765,
    0.9366775981903076,
    0.9362775171279907,
    0.9358353261947632,
    0.9354816897392273,
    0.9357176825523377,
    0.9357827637672425
  ],