{
  "train_loss": [
    2.1960612949371336,
    1.9178244124730428,
    1.7804416811625163,
    1.6878273669772679,
    1.602820671272278,
    1.5439655625661215,
    1.495230662176344,
    1.4509007473839655,
    1.4163242433759902,
    1.3884236376868353,
    1.3627592584609984,
    1.3422099885940553,
    1.325545490773519,
    1.309045281346639,
    1.294358653195699,
    1.2781619215859308,
    1.2670068736182318,
    1.2594278264363608,
    1.244727760717604,
    1.2320866104125976,
    1.2235799176957871,
    1.2189333727730645,
    1.2056439263237848,
    1.1998365512635973,
    1.1934022517734104,
    1.1867281468285455,
    1.174949625439114,
    1.1690380306667751,
    1.165834560224745,
    1.162625375535753,
    1.1509118650012546,
    1.1453937417348226,
    1.1396362685945298,
    1.1315024434407552,
    1.1278127509646945,
    1.1291007964028252,
    1.1203472334120008,
    1.1181359320958455,
    1.1131523933410645,
    1.108190657933553,
    1.0990870742162069,
    1.1022498397615221,
    1.0924686606089273,
    1.0892794186909993,
    1.0810094820658367,
    1.0776200080447726,
    1.0830494466145832,
    1.0742784130944145,
    1.072109763760037,
    1.0636034607251486,
    1.0575882600572375,
    1.0614963508817885,
    1.0512359192530314,
    1.0528206540849474,
    1.0485233757442898,
    1.0471633634567261,
    1.044282027498881,
    1.0383311605029637,
    1.0333348650826348,
    1.028711140399509,
    1.021694544389513,
    1.0240671085569593,
    1.0205800377315946,
    1.0234741808785333,
    1.0184047878053453,
    1.0106693911234539,
    1.0105170124901666,
    1.0110955090204874,
    1.005561042912801,
    1.0002444408628675,
    0.9993403759002686,
    0.9994807278951009,
    0.9936551431761848,
    0.9934542401631673,
    0.9865855044894748,
    0.9881733102798462,
    0.9878876298692492,
    0.9812784833272298,
    0.983470035817888,
    0.979940865389506,
    0.9818160603417291,
    0.977047569349077,
    0.9770415779325697,
    0.977167059495714,
    0.9776959537294176,
    0.9735450243631999,
    0.9739239975823296,
    0.9703495010587904,
    0.9669719548119439,
    0.9641936255984837,
    0.9625696556303236,
    0.965437022972107,
    0.962845719189114,
    0.9636073374642267,
    0.9625411290698581,
    0.9607361574384902,
    0.9652052139494154,
    0.9637717771106296,
    0.9620585220442878,
    0.9638517866346571
  ],
  "train_acc": [
    0.17922222222222223,
    0.2987111111111111,
    0.38035555555555556,
    0.4434,
    0.5001333333333333,
    0.5307777777777778,
    0.5629111111111111,
    0.5855555555555556,
    0.6038666666666667,
    0.6187111111111111,
    0.6315555555555555,
    0.6422,
    0.6529111111111111,
    0.6585333333333333,
    0.6684222222222223,
    0.6771111111111111,
    0.6811777777777778,
    0.6843333333333333,
    0.6914888888888889,
    0.6963333333333334,
    0.7023555555555555,
    0.7074444444444444,
    0.7127777777777777,
    0.7174666666666667,
    0.7214,
    0.7244,
    0.7288444444444444,
    0.7326222222222222,
    0.7342888888888889,
    0.7367777777777778,
    0.7426,
    0.7447555555555555,
    0.7505777777777778,
    0.7522,
    0.7544,
    0.7540888888888889,
    0.7590888888888889,
    0.7588444444444444,
    0.7628444444444444,
    0.7626,
    0.768,
    0.7659777777777778,
    0.7722,
    0.7743555555555556,
    0.7773333333333333,
    0.7777333333333334,
    0.7788222222222222,
    0.7806222222222222,
    0.7831111111111111,
    0.7863777777777777,
    0.7875777777777778,
    0.7872666666666667,
    0.7921777777777778,
    0.7943777777777777,
    0.7922222222222223,
    0.7954444444444444,
    0.7947333333333333,
    0.7988222222222222,
    0.8008666666666666,
    0.8014444444444444,
    0.8076444444444445,
    0.8056888888888889,
    0.8076444444444445,
    0.8047555555555556,
    0.8100666666666667,
    0.8120666666666667,
    0.8115555555555556,
    0.8120444444444445,
    0.8138888888888889,
    0.8168888888888889,
    0.8153555555555555,
    0.8146,
    0.8209777777777778,
    0.8197111111111111,
    0.8212444444444444,
    0.8199111111111111,
    0.8200888888888889,
    0.8241777777777778,
    0.8250444444444445,
    0.8264666666666667,
    0.8259111111111112,
    0.8264666666666667,
    0.8265777777777777,
    0.8263777777777778,
    0.8269333333333333,
    0.8298888888888889,
    0.8277333333333333,
    0.8304,
    0.8328666666666666,
    0.8320666666666666,
    0.8328222222222222,
    0.8326888888888889,
    0.8336666666666667,
    0.8334222222222222,
    0.8336222222222223,
    0.8357555555555556,
    0.8337777777777777,
    0.8340666666666666,
    0.8338444444444445,
    0.8347333333333333
  ],
  "val_loss": [
    2.009164884567261,
    1.7855184509277344,
    1.6936023029327392,
    1.5735569828033447,
    1.4908001602172851,
    1.4093622497558593,
    1.3681806921005248,
    1.3187825342178345,
    1.2875298709869385,
    1.2849340388298034,
    1.2592332889556885,
    1.2241757190704345,
    1.215225997543335,
    1.22334174118042,
    1.1912599809646607,
    1.1534046739578248,
    1.142395641517639,
    1.1430472185134888,
    1.1479583295822144,
    1.1729483702659607,
    1.1098115431785585,
    1.1043640895843505,
    1.0837327945709228,
    1.0778184160232545,
    1.082892652130127,
    1.0979746688842773,
    1.0705010868072509,
    1.0890016819000243,
    1.0746199098587037,
    1.07641031999588,
    1.1023833024978638,
    1.0961408699035644,
    1.0456537719726562,
    1.062558422756195,
    1.0624694400787353,
    1.0289632642745972,
    1.0238541701316834,
    1.0270382271766663,
    1.0387485944747925,
    1.020905917263031,
    1.0213200119018555,
    1.016041606426239,
    1.0093258544921875,
    1.0162323484420777,
    1.0185856754302978,
    1.0031380584716796,
    0.9917407286643982,
    0.9795170439720153,
    0.9837070002555847,
    0.9895466695785522,
    1.0268398120880127,
    0.9763283275604248,
    0.968132015800476,
    0.9780972047805786,
    0.9855159689903259,
    0.9916483203887939,
    0.9521456977844238,
    0.9852351874351502,
    0.9825049523353576,
    0.9760311058044434,
    0.9639933801651001,
    0.9780125396728515,
    0.9653851117134095,
    0.9567464535713196,
    0.9560172686576843,
    0.9557217498779297,
    0.9479509134292603,
    0.9648664959907531,
    0.9552970741271972,
    0.9562790201187134,
    0.9677281271934509,
    0.9600783735275269,
    0.9596698812484741,
    0.9489448635101319,
    0.9458175300598145,
    0.9483660176277161,
    0.9512306115150452,
    0.9500125308036804,
    0.9364474117279052,
    0.9444634588241577,
    0.9359188606262207,
    0.9426432943344116,
    0.9389189651489258,
    0.9338587589263916,
    0.935538551902771,
    0.9373407564163208,
    0.9368733732223511,
    0.9372374531745911,
    0.9410838248252869,
    0.9350104870796203,
    0.9350237491607666,
    0.9332880100250244,
    0.931510154914856,
    0.9357074633598328,
    0.9371638648033143,
    0.9312233249664307,
    0.932667615222931,
    0.9355980304718018,
    0.9322037117958069,
    0.9376550665855408
  ],