{
  "train_loss": [
    2.2238329752604167,
    1.8985248214297825,
    1.786246613905165,
    1.677307494629754,
    1.5993714402940538,
    1.5463587830649481,
    1.4896068055470784,
    1.4493333026462132,
    1.4135882898966472,
    1.387380899620056,
    1.3654642453511556,
    1.3374011525260077,
    1.3205883050494724,
    1.3044492952558728,
    1.2887645689646403,
    1.2729791538874309,
    1.2585926083458794,
    1.2462776228162977,
    1.2438440974553426,
    1.2281048067304823,
    1.2170330990685356,
    1.2064453370412191,
    1.204831719356113,
    1.192492233742608,
    1.1880526853561402,
    1.1773490525987413,
    1.1703629024717543,
    1.159434347491794,
    1.153258015929328,
    1.150164830356174,
    1.1469312825944689,
    1.1380006964789497,
    1.133384713660346,
    1.1252996854994033,
    1.1184867078781129,
    1.1140015256669786,
    1.1133697269863552,
    1.1037537560780843,
    1.1011883310106065,
    1.1012923173268636,
    1.0953646483951145,
    1.092974261241489,
    1.0870224237230088,
    1.0838281364017062,
    1.0762836672465006,
    1.0744494618733724,
    1.0697146828757391,
    1.067321160613166,
    1.0571161942587959,
    1.059945773188273,
    1.0544815431170993,
    1.048936271794637,
    1.0491218238830566,
    1.0433800625695122,
    1.0427236121283636,
    1.036715126185947,
    1.0354698837280274,
    1.0246559565226236,
    1.0294714684380426,
    1.0249925591362847,
    1.0189778239780003,
    1.0206317210303413,
    1.0173510847727458,
    1.0140266997231377,
    1.0122159811019897,
    1.0055122397104899,
    1.006597683737013,
    1.0040634677039253,
    1.0008967992146809,
    0.9923701332834032,
    0.9960292705429925,
    0.9941210265689426,
    0.9910625107871162,
    0.9912094179789225,
    0.9860390392197503,
    0.9873555211173164,
    0.982344380484687,
    0.9814910886764526,
    0.9766035791397095,
    0.9756157259835138,
    0.9732233026928372,
    0.9721220618142022,
    0.9734400302463108,
    0.9717105554792617,
    0.9673174810833401,
    0.9676084839608934,
    0.966977343527476,
    0.9673180841022068,
    0.9681651199446785,
    0.9646540311813354,
    0.9617654712677002,
    0.9666625826729669,
    0.9611412291208903,
    0.9613841468175253,
    0.9613380199008518,
    0.9570659689585368,
    0.9605327845679389,
    0.9613939151975843,
    0.9565045748604668,
    0.9606402190950182
  ],
  "train_acc": [
    0.15902222222222223,
    0.30973333333333336,
    0.3794888888888889,
    0.45013333333333333,
    0.5009555555555556,
    0.532,
    0.5657555555555556,
    0.5858222222222222,
    0.6056,
    0.6173777777777778,
    0.6281333333333333,
    0.6450444444444444,
    0.653,
    0.6598666666666667,
    0.6719555555555555,
    0.6753111111111111,
    0.6840888888888889,
    0.6910666666666667,
    0.6927555555555556,
    0.7013777777777778,
    0.71,
    0.7099333333333333,
    0.7137555555555556,
    0.7224222222222222,
    0.7235555555555555,
    0.7298666666666667,
    0.7318444444444444,
    0.7378444444444444,
    0.7407777777777778,
    0.7438666666666667,
    0.7470888888888889,
    0.7511777777777778,
    0.7521777777777777,
    0.7564888888888889,
    0.7600222222222223,
    0.7612888888888889,
    0.7628444444444444,
    0.7661111111111111,
    0.7659777777777778,
    0.7688,
    0.7705333333333333,
    0.7710666666666667,
    0.7736,
    0.7755777777777778,
    0.7838888888888889,
    0.7799777777777778,
    0.7839111111111111,
    0.7838,
    0.7876888888888889,
    0.7887555555555555,
    0.7886888888888889,
    0.7942444444444444,
    0.7940666666666667,
    0.7974,
    0.7968,
    0.8007555555555556,
    0.8003777777777777,
    0.8068444444444445,
    0.8036,
    0.8056666666666666,
    0.8080222222222222,
    0.8070888888888889,
    0.8081333333333334,
    0.8108222222222222,
    0.8097333333333333,
    0.8155555555555556,
    0.812,
    0.8146888888888889,
    0.8169555555555555,
    0.8196222222222223,
    0.8176666666666667,
    0.8192888888888888,
    0.8204444444444444,
    0.8202666666666667,
    0.8214222222222223,
    0.8235777777777777,
    0.8244,
    0.8247777777777778,
    0.8285555555555556,
    0.8260222222222222,
    0.8282222222222222,
    0.8312666666666667,
    0.8275333333333333,
    0.8293333333333334,
    0.8335777777777778,
    0.8301777777777778,
    0.8330888888888889,
    0.8329777777777778,
    0.8326888888888889,
    0.8328888888888889,
    0.8336,
    0.8338222222222222,
    0.8361333333333333,
    0.8358222222222222,
    0.8373555555555555,
    0.8371333333333333,
    0.8351333333333333,
    0.8350222222222222,
    0.838,
    0.8352222222222222
  ],
  "val_loss": [
    2.019742565536499,
    1.7759629409790039,
    1.6689585788726806,
    1.586598215866089,
    1.4889051412582397,
    1.4216642087936402,
    1.34708813495636,
    1.3503197437286376,
    1.2879297882080079,
    1.2608437857627868,
    1.281401543045044,
    1.2229089059829712,
    1.199332685470581,
    1.1905967721939086,
    1.1923177522659303,
    1.1648437494277954,
    1.1627745409965515,
    1.1340760535240173,
    1.1294640161514282,
    1.1266587253570557,
    1.1312473982810973,
    1.110878235721588,
    1.0699810018539428,
    1.0735352813720702,
    1.1039238836288452,
    1.0683092924118043,
    1.0909909425735473,
    1.0711943048477173,
    1.0725784308433532,
    1.0526290762901307,
    1.0450923720359802,
    1.038209292793274,
    1.0291170320510865,
    1.0424845539093017,
    1.0373688765525817,
    1.0184736368179321,
    1.020824028968811,
    1.0362445673942566,
    1.0309450039863586,
    1.0027688155174255,
    1.011896778678894,
    1.0119969279289245,
    1.0046439903259277,
    1.0112334085464478,
    0.9771782018661499,
    1.0079938403129578,
    0.9920178939819336,
    0.9899266542434693,
    1.002481146621704,
    1.0160768400192262,
    1.0068696008682252,
    1.0154040794372559,
    1.0024846347808838,
    1.0153688508987426,
    0.9921205502510071,
    0.9655376712799072,
    0.9819980044364929,
    0.9806003665924072,
    0.9697822289466858,
    0.9503338918685913,
    0.9583115078926087,
    0.9776967481613159,
    0.9668296075820922,
    0.965408905506134,
    0.9700755875587463,
    0.9654529708862305,
    0.953476764011383,
    0.9547116538047791,
    0.9462746159553528,
    0.9627487511634827,
    0.94965973072052,
    0.9478046269416809,
    0.9375625270843506,
    0.9547952777862548,
    0.9426409957885742,
    0.9528355537414551,
    0.9458370279312134,
    0.9404239245414734,
    0.9415524634361268,
    0.9414398228645324,
    0.9345025590896606,
    0.9428730043411255,
    0.9396197145462036,
    0.9370138652801514,
    0.9342337772369385,
    0.9328260951995849,
    0.9355896440505982,
    0.941402402305603,
    0.9360383682250977,
    0.9311216473579407,
    0.9313967714309692,
    0.9360423984527588,
    0.9361586627960206,
    0.9331331787109375,
    0.9337403188705444,
    0.9368050973892212,
    0.9351930166244506,
    0.9361101528167725,
    0.933097270488739,
    0.9336981313705445
  ],