{
  "train_loss": [
    2.197328380118476,
    1.9272393469492595,
    1.7684562321133084,
    1.6705815928988987,
    1.607298380639818,
    1.5497327605777316,
    1.4889082206726074,
    1.4510671762678358,
    1.41749977522956,
    1.3882794227600097,
    1.3628655550638835,
    1.3467223446104262,
    1.3196597311231826,
    1.3065336562474568,
    1.2926871326234606,
    1.2783772592332627,
    1.2660061956829496,
    1.253637495888604,
    1.2456750435299344,
    1.234037930255466,
    1.22316371284061,
    1.2130825993855794,
    1.2035794409645928,
    1.1970964619318645,
    1.1895036516401503,
    1.1800859712812635,
    1.1730966114468044,
    1.167192754427592,
    1.1573855295817057,
    1.149455265045166,
    1.144421474372016,
    1.1400905230204263,
    1.1288229420344036,
    1.1266143299102782,
    1.123900592083401,
    1.1170571518156263,
    1.110251337814331,
    1.1059523608101738,
    1.100695477104187,
    1.0958500139130487,
    1.0940254502826268,
    1.087942036649916,
    1.0799993257946439,
    1.0773005196041532,
    1.0724676385667589,
    1.0723496519088744,
    1.0679478897094727,
    1.0619708809216817,
    1.0570849680582681,
    1.0546021858851116,
    1.0475800685458714,
    1.0471466929753621,
    1.0451667232725355,
    1.0375042545106676,
    1.0378160017225477,
    1.0339664673487345,
    1.030303050994873,
    1.0234281330426533,
    1.022473045794169,
    1.0172908806906806,
    1.0187609123335943,
    1.01553684425354,
    1.0145904851489598,
    1.0106040562735663,
    1.0097252923329672,
    1.0009531117227342,
    1.0016514692518446,
    0.9992495479795668,
    0.9964583916982015,
    0.9939183722496032,
    0.9884233646922641,
    0.9911752758873833,
    0.983480714225769,
    0.9851415790345933,
    0.9819029242621528,
    0.9828215460247464,
    0.977046767171224,
    0.9771927061398824,
    0.9770276730749342,
    0.9751197485393948,
    0.9704143869611952,
    0.9700399041493734,
    0.9713454693264432,
    0.9648239547305637,
    0.9640006137424045,
    0.9604544542948404,
    0.9635342387305366,
    0.9614219868554009,
    0.9623486045413547,
    0.9594629686991374,
    0.963544004143609,
    0.9562676600668165,
    0.9571166356298658,
    0.9549929641511705,
    0.9534242337544759,
    0.9571965691354539,
    0.9585518296983507,
    0.9567288990020753,
    0.9541953102747599,
    0.9553838364919026
  ],
  "train_acc": [
    0.17537777777777777,
    0.29873333333333335,
    0.39542222222222223,
    0.4560888888888889,
    0.49366666666666664,
    0.5276444444444445,
    0.5618888888888889,
    0.5855333333333334,
    0.6020222222222222,
    0.6202222222222222,
    0.6312222222222222,
    0.6392888888888889,
    0.6543777777777777,
    0.6585111111111112,
    0.6686666666666666,
    0.6750888888888888,
    0.6800888888888889,
    0.6847555555555556,
    0.6879333333333333,
    0.6950666666666667,
    0.7035777777777777,
    0.709,
    0.7139777777777778,
    0.7164222222222222,
    0.7227111111111111,
    0.7262,
    0.7313111111111111,
    0.7341777777777778,
    0.7376,
    0.7432444444444445,
    0.7462888888888889,
    0.7458888888888889,
    0.7534,
    0.7544,
    0.7559333333333333,
    0.7589111111111111,
    0.7628,
    0.7648666666666667,
    0.7693777777777778,
    0.77,
    0.7714,
    0.7737555555555555,
    0.7771777777777777,
    0.7781555555555556,
    0.7804444444444445,
    0.7796,
    0.7828,
    0.7852444444444444,
    0.7880666666666667,
    0.7913777777777777,
    0.7941333333333334,
    0.7940666666666667,
    0.7945333333333333,
    0.7985777777777778,
    0.7970222222222222,
    0.7994222222222223,
    0.8008444444444445,
    0.8044888888888889,
    0.8031333333333334,
    0.8084666666666667,
    0.8065333333333333,
    0.8082444444444444,
    0.8093777777777778,
    0.8116666666666666,
    0.8123555555555556,
    0.8160888888888889,
    0.8151333333333334,
    0.8148444444444445,
    0.8145111111111111,
    0.8192222222222222,
    0.8191111111111111,
    0.8193111111111111,
    0.8238222222222222,
    0.8246,
    0.8256666666666667,
    0.8219333333333333,
    0.8256444444444444,
    0.8261555555555555,
    0.8266888888888889,
    0.8284444444444444,
    0.8288888888888889,
    0.8294,
    0.8296,
    0.833,
    0.8320222222222222,
    0.8332222222222222,
    0.8329111111111112,
    0.8370444444444445,
    0.8336666666666667,
    0.8341111111111111,
    0.8324,
    0.8345111111111111,
    0.8371777777777778,
    0.8369111111111112,
    0.8368888888888889,
    0.8352222222222222,
    0.8346888888888889,
    0.8340444444444445,
    0.8370888888888889,
    0.8366
  ],
  "val_loss": [
    2.0213145790100095,
    1.7884287343978882,
    1.6584062938690185,
    1.5787390830993653,
    1.4952912899017334,
    1.428482158470154,
    1.3781154205322266,
    1.3126037910461426,
    1.3142986671447754,
    1.2721202129364013,
    1.2403030944824218,
    1.2031788029670716,
    1.2333624779701233,
    1.156408683872223,
    1.1657403813362122,
    1.1597908920288087,
    1.1556067779541015,
    1.126794125366211,
    1.1196510254859924,
    1.1206074927330016,
    1.1162274410247803,
    1.0913408977508545,
    1.123713805961609,
    1.0978295903205872,
    1.0793146973609924,
    1.0705775630950927,
    1.073633103275299,
    1.0600657056808471,
    1.0615123706817626,
    1.0647237294197083,
    1.024863515663147,
    1.051983992099762,
    1.0641924951553345,
    1.0230302375793456,
    1.0116462924957275,
    1.029660627555847,
    1.0015337167739868,
    1.0115427468299867,
    1.0095031306266784,
    1.026511618232727,
    1.0156220279693604,
    0.9884429591178894,
    0.9975631505966186,
    0.9744517496109009,
    1.00796210231781,
    0.9701704727172852,
    0.9783869063377381,
    0.9729304584503173,
    0.9926838266372681,
    0.9586313137054443,
    0.9573467116355896,
    0.9762012778282165,
    0.9589919298171997,
    0.9483654742240906,
    0.9553570528030395,
    0.9653383576393127,
    0.9508096727371216,
    0.9725076082229615,
    0.9664651478767395,
    0.9651935435295105,
    0.9443094778060913,
    0.9390627861022949,
    0.9442364703178405,
    0.9383273079872131,
    0.936788611125946,
    0.9412567318916321,
    0.932237729549408,
    0.946937442111969,
    0.9297421277046204,
    0.9368349521636963,
    0.934844854927063,
    0.9188418985366821,
    0.9275854670524597,
    0.9280782529830932,
    0.9268783267974854,
    0.9266439002990723,
    0.921177723121643,
    0.922246150970459,
    0.9177109516143799,
    0.9167814421653747,
    0.9121179425239563,
    0.914469795703888,
    0.9161267923355103,
    0.9176533526420593,
    0.9177849550247192,
    0.9151415897369385,
    0.9201219577789307,
    0.9170234548568725,
    0.9151554171562195,
    0.9177504974365235,
    0.9117577858924866,
    0.916963408946991,
    0.9183841773033142,
    0.9108336162567139,
    0.918083625125885,
    0.9142121421813965,
    0.9150735514640808,
    0.9173877234458924,
    0.9117173154830933,
    0.9128033900260926
  ],