{
  "weighted_f1": {
    "mean": 0.8788873861486478,
    "std": NaN,
    "min": 0.8788873861486478,
    "max": 0.8788873861486478,
    "values": [
      0.8788873861486478
    ]
  },
  "macro_f1": {
    "mean": 0.8524976427269578,
    "std": NaN,
    "min": 0.8524976427269578,
    "max": 0.8524976427269578,
    "values": [
      0.8524976427269578
    ]
  },
  "weighted_accuracy": {
    "mean": 0.8837047353760445,
    "std": NaN,
    "min": 0.8837047353760445,
    "max": 0.8837047353760445,
    "values": [
      0.8837047353760445
    ]
  },
  "mean_auc": {
    "mean": 0.9881698262016629,
    "std": NaN,
    "min": 0.9881698262016629,
    "max": 0.9881698262016629,
    "values": [
      0.9881698262016629
    ]
  },
  "best_seed_idx": 0,
  "n_runs": 1
}