{
  "weighted_f1": {
    "mean": 0.8699563325623798,
    "std": NaN,
    "min": 0.8699563325623798,
    "max": 0.8699563325623798,
    "values": [
      0.8699563325623798
    ]
  },
  "macro_f1": {
    "mean": 0.8455681553894085,
    "std": NaN,
    "min": 0.8455681553894085,
    "max": 0.8455681553894085,
    "values": [
      0.8455681553894085
    ]
  },
  "weighted_accuracy": {
    "mean": 0.875766016713092,
    "std": NaN,
    "min": 0.875766016713092,
    "max": 0.875766016713092,
    "values": [
      0.875766016713092
    ]
  },
  "mean_auc": {
    "mean": 0.9859493099940226,
    "std": NaN,
    "min": 0.9859493099940226,
    "max": 0.9859493099940226,
    "values": [
      0.9859493099940226
    ]
  },
  "best_seed_idx": 0,
  "n_runs": 1
}