{
  "weighted_f1": 0.8301678185073925,
  "macro_f1": 0.7906737796539854,
  "weighted_accuracy": 0.8341225626740947,
  "weighted_precision": 0.8385269934273408,
  "weighted_recall": 0.8341225626740947,
  "per_class_auc": [
    0.9974056481875231,
    0.9999496649081078,
    0.9523892684184677,
    0.998865105089823,
    0.98321120427039,
    0.9875559473407833,
    0.9833867045431443,
    0.9450508321973446,
    0.9628525890568089
  ],
  "mean_auc": 0.978962996001377,
  "confusion_matrix": [
    [
      1295,
      43,
      0,
      0,
      0,
      0,
      0,
      0,
      0
    ],
    [
      0,
      847,
      0,
      0,
      0,
      0,
      0,
      0,
      0
    ],
    [
      0,
      13,
      197,
      60,
      2,
      50,
      0,
      7,
      10
    ],
    [
      0,
      0,
      2,
      632,
      0,
      0,
      0,
      0,
      0
    ],
    [
      96,
      5,
      3,
      30,
      861,
      6,
      21,
      11,
      2
    ],
    [
      0,
      0,
      6,
      0,
      1,
      501,
      1,
      71,
      12
    ],
    [
      1,
      3,
      10,
      85,
      5,
      0,
      600,
      0,
      37
    ],
    [
      0,
      0,
      40,
      19,
      22,
      68,
      12,
      196,
      64
    ],
    [
      1,
      46,
      93,
      94,
      54,
      1,
      78,
      6,
      860
    ]
  ],
  "report": "              precision    recall  f1-score   support\n\n           0       0.93      0.97      0.95      1338\n           1       0.89      1.00      0.94       847\n           2       0.56      0.58      0.57       339\n           3       0.69      1.00      0.81       634\n           4       0.91      0.83      0.87      1035\n           5       0.80      0.85      0.82       592\n           6       0.84      0.81      0.83       741\n           7       0.67      0.47      0.55       421\n           8       0.87      0.70      0.78      1233\n\n    accuracy                           0.83      7180\n   macro avg       0.80      0.80      0.79      7180\nweighted avg       0.84      0.83      0.83      7180\n",
  "seed": 2
}