{
  "weighted_f1": 0.7938172820470434,
  "macro_f1": 0.7621890632163184,
  "weighted_accuracy": 0.7954038997214484,
  "weighted_precision": 0.8221229216745848,
  "weighted_recall": 0.7954038997214484,
  "per_class_auc": [
    0.9865896868662523,
    0.9971657614739309,
    0.9646651565974544,
    0.9947296058661778,
    0.9658552768638735,
    0.9872964665485158,
    0.9307624611243186,
    0.9320350204302242,
    0.9500491022960182
  ],
  "mean_auc": 0.9676831708963073,
  "confusion_matrix": [
    [
      1168,
      148,
      7,
      1,
      0,
      5,
      0,
      9,
      0
    ],
    [
      0,
      847,
      0,
      0,
      0,
      0,
      0,
      0,
      0
    ],
    [
      0,
      2,
      240,
      24,
      0,
      66,
      0,
      7,
      0
    ],
    [
      0,
      0,
      1,
      633,
      0,
      0,
      0,
      0,
      0
    ],
    [
      77,
      23,
      4,
      42,
      805,
      4,
      24,
      55,
      1
    ],
    [
      0,
      0,
      11,
      0,
      2,
      535,
      1,
      34,
      9
    ],
    [
      3,
      4,
      15,
      176,
      10,
      0,
      505,
      2,
      26
    ],
    [
      0,
      2,
      33,
      26,
      10,
      111,
      3,
      194,
      42
    ],
    [
      0,
      95,
      102,
      160,
      58,
      2,
      28,
      4,
      784
    ]
  ],
  "report": "              precision    recall  f1-score   support\n\n           0       0.94      0.87      0.90      1338\n           1       0.76      1.00      0.86       847\n           2       0.58      0.71      0.64       339\n           3       0.60      1.00      0.75       634\n           4       0.91      0.78      0.84      1035\n           5       0.74      0.90      0.81       592\n           6       0.90      0.68      0.78       741\n           7       0.64      0.46      0.53       421\n           8       0.91      0.64      0.75      1233\n\n    accuracy                           0.80      7180\n   macro avg       0.77      0.78      0.76      7180\nweighted avg       0.82      0.80      0.79      7180\n",
  "seed": 4
}