{
  "weighted_f1": 0.8354318257900061,
  "macro_f1": 0.7972167514561025,
  "weighted_accuracy": 0.8366295264623955,
  "weighted_precision": 0.8489864861772912,
  "weighted_recall": 0.8366295264623955,
  "per_class_auc": [
    0.9946367958635705,
    1.0,
    0.9644564548559591,
    0.9960495537043837,
    0.9746234124597586,
    0.9839580871855462,
    0.9715314424855789,
    0.9278692015818446,
    0.9705562149350896
  ],
  "mean_auc": 0.9759645736746368,
  "confusion_matrix": [
    [
      1301,
      26,
      0,
      0,
      0,
      6,
      5,
      0,
      0
    ],
    [
      0,
      847,
      0,
      0,
      0,
      0,
      0,
      0,
      0
    ],
    [
      0,
      0,
      210,
      61,
      5,
      35,
      1,
      21,
      6
    ],
    [
      0,
      0,
      1,
      631,
      0,
      0,
      1,
      0,
      1
    ],
    [
      122,
      5,
      3,
      62,
      819,
      3,
      14,
      3,
      4
    ],
    [
      0,
      0,
      12,
      0,
      1,
      446,
      1,
      121,
      11
    ],
    [
      3,
      1,
      4,
      111,
      4,
      0,
      522,
      0,
      96
    ],
    [
      0,
      0,
      11,
      25,
      20,
      63,
      23,
      212,
      67
    ],
    [
      0,
      20,
      24,
      140,
      3,
      3,
      19,
      5,
      1019
    ]
  ],
  "report": "              precision    recall  f1-score   support\n\n           0       0.91      0.97      0.94      1338\n           1       0.94      1.00      0.97       847\n           2       0.79      0.62      0.70       339\n           3       0.61      1.00      0.76       634\n           4       0.96      0.79      0.87      1035\n           5       0.80      0.75      0.78       592\n           6       0.89      0.70      0.79       741\n           7       0.59      0.50      0.54       421\n           8       0.85      0.83      0.84      1233\n\n    accuracy                           0.84      7180\n   macro avg       0.82      0.80      0.80      7180\nweighted avg       0.85      0.84      0.84      7180\n",
  "seed": 7
}