{
  "weighted_f1": 0.8068839032603691,
  "macro_f1": 0.7659931885917115,
  "weighted_accuracy": 0.8123955431754875,
  "weighted_precision": 0.8276422537151553,
  "weighted_recall": 0.8123955431754875,
  "per_class_auc": [
    0.9986188361276443,
    0.9995548140761524,
    0.9611849256974369,
    0.9971487873732219,
    0.992821311069445,
    0.9875674855183051,
    0.9646398182130275,
    0.8983099511199811,
    0.9409362316575547
  ],
  "mean_auc": 0.9711980178725299,
  "confusion_matrix": [
    [
      1304,
      31,
      1,
      0,
      1,
      0,
      0,
      1,
      0
    ],
    [
      0,
      847,
      0,
      0,
      0,
      0,
      0,
      0,
      0
    ],
    [
      0,
      8,
      230,
      26,
      0,
      59,
      0,
      3,
      13
    ],
    [
      0,
      0,
      1,
      632,
      0,
      0,
      1,
      0,
      0
    ],
    [
      42,
      19,
      4,
      21,
      910,
      6,
      3,
      18,
      12
    ],
    [
      0,
      0,
      9,
      0,
      2,
      517,
      0,
      39,
      25
    ],
    [
      0,
      6,
      14,
      141,
      13,
      0,
      490,
      1,
      76
    ],
    [
      0,
      0,
      20,
      43,
      20,
      78,
      9,
      153,
      98
    ],
    [
      0,
      123,
      172,
      150,
      16,
      1,
      20,
      1,
      750
    ]
  ],
  "report": "              precision    recall  f1-score   support\n\n           0       0.97      0.97      0.97      1338\n           1       0.82      1.00      0.90       847\n           2       0.51      0.68      0.58       339\n           3       0.62      1.00      0.77       634\n           4       0.95      0.88      0.91      1035\n           5       0.78      0.87      0.83       592\n           6       0.94      0.66      0.78       741\n           7       0.71      0.36      0.48       421\n           8       0.77      0.61      0.68      1233\n\n    accuracy                           0.81      7180\n   macro avg       0.79      0.78      0.77      7180\nweighted avg       0.83      0.81      0.81      7180\n",
  "seed": 9
}