{
  "weighted_f1": 0.7764209737176627,
  "macro_f1": 0.7478214639127267,
  "weighted_accuracy": 0.7753481894150418,
  "weighted_precision": 0.8092505263650179,
  "weighted_recall": 0.7753481894150418,
  "per_class_auc": [
    0.9892631012271837,
    0.9997084293195572,
    0.9522840551438295,
    0.9966447109078098,
    0.9872358423446265,
    0.9891984710119955,
    0.972768422184399,
    0.9339910646102548,
    0.9392787137966883
  ],
  "mean_auc": 0.9733747567273715,
  "confusion_matrix": [
    [
      1072,
      265,
      0,
      0,
      0,
      1,
      0,
      0,
      0
    ],
    [
      0,
      847,
      0,
      0,
      0,
      0,
      0,
      0,
      0
    ],
    [
      0,
      6,
      218,
      44,
      0,
      29,
      0,
      21,
      21
    ],
    [
      0,
      0,
      2,
      632,
      0,
      0,
      0,
      0,
      0
    ],
    [
      56,
      32,
      1,
      13,
      867,
      20,
      5,
      41,
      0
    ],
    [
      0,
      0,
      12,
      0,
      1,
      435,
      0,
      136,
      8
    ],
    [
      8,
      3,
      13,
      168,
      32,
      0,
      477,
      1,
      39
    ],
    [
      0,
      0,
      23,
      26,
      20,
      44,
      0,
      256,
      52
    ],
    [
      1,
      72,
      113,
      186,
      67,
      0,
      22,
      9,
      763
    ]
  ],
  "report": "              precision    recall  f1-score   support\n\n           0       0.94      0.80      0.87      1338\n           1       0.69      1.00      0.82       847\n           2       0.57      0.64      0.60       339\n           3       0.59      1.00      0.74       634\n           4       0.88      0.84      0.86      1035\n           5       0.82      0.73      0.78       592\n           6       0.95      0.64      0.77       741\n           7       0.55      0.61      0.58       421\n           8       0.86      0.62      0.72      1233\n\n    accuracy                           0.78      7180\n   macro avg       0.76      0.76      0.75      7180\nweighted avg       0.81      0.78      0.78      7180\n",
  "seed": 8
}