{
  "weighted_f1": 0.8513329644676506,
  "macro_f1": 0.8077765884359284,
  "weighted_accuracy": 0.8536211699164346,
  "weighted_precision": 0.8636159123264939,
  "weighted_recall": 0.8536211699164346,
  "per_class_auc": [
    0.9993044286796964,
    0.9999677482559357,
    0.9614777118182536,
    0.987367005255696,
    0.992920995428513,
    0.9887451488373619,
    0.9610179533917282,
    0.9364468383670018,
    0.968188858299679
  ],
  "mean_auc": 0.9772707431482074,
  "confusion_matrix": [
    [
      1310,
      17,
      0,
      0,
      3,
      2,
      6,
      0,
      0
    ],
    [
      0,
      847,
      0,
      0,
      0,
      0,
      0,
      0,
      0
    ],
    [
      0,
      4,
      166,
      72,
      0,
      40,
      1,
      17,
      39
    ],
    [
      0,
      0,
      6,
      627,
      0,
      0,
      0,
      0,
      1
    ],
    [
      26,
      7,
      1,
      23,
      944,
      9,
      4,
      20,
      1
    ],
    [
      0,
      0,
      2,
      0,
      1,
      520,
      1,
      53,
      15
    ],
    [
      0,
      0,
      1,
      130,
      13,
      0,
      559,
      2,
      36
    ],
    [
      0,
      0,
      24,
      34,
      13,
      64,
      1,
      213,
      72
    ],
    [
      1,
      12,
      27,
      147,
      53,
      3,
      41,
      6,
      943
    ]
  ],
  "report": "              precision    recall  f1-score   support\n\n           0       0.98      0.98      0.98      1338\n           1       0.95      1.00      0.98       847\n           2       0.73      0.49      0.59       339\n           3       0.61      0.99      0.75       634\n           4       0.92      0.91      0.92      1035\n           5       0.82      0.88      0.85       592\n           6       0.91      0.75      0.83       741\n           7       0.68      0.51      0.58       421\n           8       0.85      0.76      0.81      1233\n\n    accuracy                           0.85      7180\n   macro avg       0.83      0.81      0.81      7180\nweighted avg       0.86      0.85      0.85      7180\n",
  "seed": 1
}