{
  "weighted_f1": 0.81915881436918,
  "macro_f1": 0.7924621364027696,
  "weighted_accuracy": 0.8238161559888579,
  "weighted_precision": 0.8311469102025237,
  "weighted_recall": 0.8238161559888579,
  "per_class_auc": [
    0.9959715200836784,
    0.9984209695247118,
    0.9786003098617179,
    0.9959459433410344,
    0.976505780199133,
    0.9898397372782618,
    0.969619174987776,
    0.9423511679158149,
    0.9575954180827642
  ],
  "mean_auc": 0.9783166690305437,
  "confusion_matrix": [
    [
      1288,
      50,
      0,
      0,
      0,
      0,
      0,
      0,
      0
    ],
    [
      2,
      845,
      0,
      0,
      0,
      0,
      0,
      0,
      0
    ],
    [
      0,
      3,
      234,
      24,
      0,
      60,
      0,
      7,
      11
    ],
    [
      0,
      0,
      2,
      632,
      0,
      0,
      0,
      0,
      0
    ],
    [
      128,
      22,
      1,
      23,
      810,
      3,
      31,
      12,
      5
    ],
    [
      0,
      0,
      23,
      0,
      1,
      502,
      1,
      52,
      13
    ],
    [
      2,
      1,
      2,
      115,
      12,
      1,
      587,
      2,
      19
    ],
    [
      0,
      0,
      27,
      24,
      21,
      56,
      12,
      202,
      79
    ],
    [
      0,
      64,
      48,
      156,
      83,
      1,
      62,
      4,
      815
    ]
  ],
  "report": "              precision    recall  f1-score   support\n\n           0       0.91      0.96      0.93      1338\n           1       0.86      1.00      0.92       847\n           2       0.69      0.69      0.69       339\n           3       0.65      1.00      0.79       634\n           4       0.87      0.78      0.83      1035\n           5       0.81      0.85      0.83       592\n           6       0.85      0.79      0.82       741\n           7       0.72      0.48      0.58       421\n           8       0.87      0.66      0.75      1233\n\n    accuracy                           0.82      7180\n   macro avg       0.80      0.80      0.79      7180\nweighted avg       0.83      0.82      0.82      7180\n",
  "seed": 6
}