{
  "weighted_f1": 0.7722488849118565,
  "macro_f1": 0.7614359143652517,
  "weighted_accuracy": 0.772841225626741,
  "weighted_precision": 0.811417920813847,
  "weighted_recall": 0.772841225626741,
  "per_class_auc": [
    0.981606699386792,
    0.9989822990124442,
    0.9910611836752118,
    0.9991070232405274,
    0.9795430085337044,
    0.9882205463660382,
    0.9683868061926114,
    0.9091254767550189,
    0.9574985908916162
  ],
  "mean_auc": 0.9748368482282184,
  "confusion_matrix": [
    [
      845,
      491,
      0,
      0,
      0,
      0,
      0,
      2,
      0
    ],
    [
      0,
      847,
      0,
      0,
      0,
      0,
      0,
      0,
      0
    ],
    [
      0,
      4,
      285,
      20,
      0,
      18,
      0,
      5,
      7
    ],
    [
      0,
      0,
      1,
      633,
      0,
      0,
      0,
      0,
      0
    ],
    [
      67,
      42,
      4,
      14,
      867,
      10,
      5,
      25,
      1
    ],
    [
      0,
      0,
      20,
      0,
      1,
      492,
      1,
      70,
      8
    ],
    [
      5,
      5,
      16,
      167,
      25,
      0,
      433,
      0,
      90
    ],
    [
      0,
      1,
      31,
      25,
      26,
      59,
      7,
      218,
      54
    ],
    [
      1,
      79,
      29,
      118,
      24,
      2,
      35,
      16,
      929
    ]
  ],
  "report": "              precision    recall  f1-score   support\n\n           0       0.92      0.63      0.75      1338\n           1       0.58      1.00      0.73       847\n           2       0.74      0.84      0.79       339\n           3       0.65      1.00      0.79       634\n           4       0.92      0.84      0.88      1035\n           5       0.85      0.83      0.84       592\n           6       0.90      0.58      0.71       741\n           7       0.65      0.52      0.58       421\n           8       0.85      0.75      0.80      1233\n\n    accuracy                           0.77      7180\n   macro avg       0.78      0.78      0.76      7180\nweighted avg       0.81      0.77      0.77      7180\n",
  "seed": 0
}