{
  "weighted_f1": 0.8167154178898042,
  "macro_f1": 0.782795445048282,
  "weighted_accuracy": 0.816991643454039,
  "weighted_precision": 0.8345305964424955,
  "weighted_recall": 0.816991643454039,
  "per_class_auc": [
    0.9925546874880065,
    0.9944202618506051,
    0.9699486740324582,
    0.9952332004229232,
    0.9814698726037034,
    0.9838824480217924,
    0.9766642166001334,
    0.9289368376254903,
    0.9432765857805043
  ],
  "mean_auc": 0.9740429760472907,
  "confusion_matrix": [
    [
      1257,
      78,
      0,
      2,
      0,
      0,
      0,
      1,
      0
    ],
    [
      0,
      847,
      0,
      0,
      0,
      0,
      0,
      0,
      0
    ],
    [
      0,
      14,
      214,
      34,
      0,
      46,
      0,
      17,
      14
    ],
    [
      0,
      0,
      1,
      632,
      0,
      0,
      1,
      0,
      0
    ],
    [
      137,
      15,
      4,
      27,
      829,
      0,
      11,
      12,
      0
    ],
    [
      1,
      0,
      33,
      0,
      2,
      393,
      0,
      156,
      7
    ],
    [
      0,
      1,
      5,
      119,
      19,
      0,
      562,
      1,
      34
    ],
    [
      0,
      0,
      21,
      32,
      25,
      38,
      3,
      249,
      53
    ],
    [
      1,
      60,
      24,
      196,
      36,
      1,
      25,
      7,
      883
    ]
  ],
  "report": "              precision    recall  f1-score   support\n\n           0       0.90      0.94      0.92      1338\n           1       0.83      1.00      0.91       847\n           2       0.71      0.63      0.67       339\n           3       0.61      1.00      0.75       634\n           4       0.91      0.80      0.85      1035\n           5       0.82      0.66      0.73       592\n           6       0.93      0.76      0.84       741\n           7       0.56      0.59      0.58       421\n           8       0.89      0.72      0.79      1233\n\n    accuracy                           0.82      7180\n   macro avg       0.80      0.79      0.78      7180\nweighted avg       0.83      0.82      0.82      7180\n",
  "seed": 5
}