{
  "weighted_f1": 0.8128994098864557,
  "macro_f1": 0.7857762842316601,
  "weighted_accuracy": 0.8171309192200558,
  "weighted_precision": 0.8248773179457461,
  "weighted_recall": 0.8171309192200558,
  "per_class_auc": [
    0.9956072950424969,
    0.9969439142170722,
    0.9750213337162407,
    0.9942566125097707,
    0.9803014901553834,
    0.9910276567551157,
    0.9700385576338855,
    0.9414075856981753,
    0.9542258318308071
  ],
  "mean_auc": 0.9776478086176608,
  "confusion_matrix": [
    [
      1297,
      41,
      0,
      0,
      0,
      0,
      0,
      0,
      0
    ],
    [
      20,
      827,
      0,
      0,
      0,
      0,
      0,
      0,
      0
    ],
    [
      0,
      4,
      275,
      27,
      0,
      24,
      0,
      5,
      4
    ],
    [
      0,
      0,
      29,
      604,
      0,
      0,
      0,
      0,
      1
    ],
    [
      131,
      7,
      4,
      9,
      863,
      3,
      10,
      5,
      3
    ],
    [
      0,
      0,
      11,
      0,
      3,
      494,
      0,
      78,
      6
    ],
    [
      2,
      3,
      33,
      88,
      23,
      0,
      516,
      1,
      75
    ],
    [
      0,
      0,
      52,
      19,
      26,
      63,
      3,
      203,
      55
    ],
    [
      3,
      60,
      95,
      95,
      143,
      1,
      42,
      6,
      788
    ]
  ],
  "report": "              precision    recall  f1-score   support\n\n           0       0.89      0.97      0.93      1338\n           1       0.88      0.98      0.92       847\n           2       0.55      0.81      0.66       339\n           3       0.72      0.95      0.82       634\n           4       0.82      0.83      0.82      1035\n           5       0.84      0.83      0.84       592\n           6       0.90      0.70      0.79       741\n           7       0.68      0.48      0.56       421\n           8       0.85      0.64      0.73      1233\n\n    accuracy                           0.82      7180\n   macro avg       0.79      0.80      0.79      7180\nweighted avg       0.82      0.82      0.81      7180\n",
  "seed": 3
}