{
  "weighted_f1": {
    "mean": 0.8797311757138998,
    "std": NaN,
    "min": 0.8797311757138998,
    "max": 0.8797311757138998,
    "values": [
      0.8797311757138998
    ]
  },
  "macro_f1": {
    "mean": 0.8797311757138997,
    "std": NaN,
    "min": 0.8797311757138997,
    "max": 0.8797311757138997,
    "values": [
      0.8797311757138997
    ]
  },
  "weighted_accuracy": {
    "mean": 0.8802,
    "std": NaN,
    "min": 0.8802,
    "max": 0.8802,
    "values": [
      0.8802
    ]
  },
  "mean_auc": {
    "mean": 0.9906523222222223,
    "std": NaN,
    "min": 0.9906523222222223,
    "max": 0.9906523222222223,
    "values": [
      0.9906523222222223
    ]
  },
  "best_seed_idx": 0,
  "n_runs": 1
}