{
  "weighted_f1": {
    "mean": 0.7229226168158212,
    "std": NaN,
    "min": 0.7229226168158212,
    "max": 0.7229226168158212,
    "values": [
      0.7229226168158212
    ]
  },
  "macro_f1": {
    "mean": 0.5435010248258163,
    "std": NaN,
    "min": 0.5435010248258163,
    "max": 0.5435010248258163,
    "values": [
      0.5435010248258163
    ]
  },
  "weighted_accuracy": {
    "mean": 0.7017456359102244,
    "std": NaN,
    "min": 0.7017456359102244,
    "max": 0.7017456359102244,
    "values": [
      0.7017456359102244
    ]
  },
  "mean_auc": {
    "mean": 0.9195531655507921,
    "std": NaN,
    "min": 0.9195531655507921,
    "max": 0.9195531655507921,
    "values": [
      0.9195531655507921
    ]
  },
  "best_seed_idx": 0,
  "n_runs": 1
}