{
  "weighted_f1": 0.48108470347195226,
  "macro_f1": 0.3973758940090777,
  "weighted_accuracy": 0.400997506234414,
  "weighted_precision": 0.8036632837964196,
  "weighted_recall": 0.400997506234414,
  "per_class_auc": [
    0.9354087549033397,
    0.9304002940185601,
    0.8774127832951363,
    0.8098758390733997,
    0.8612608395866991,
    0.9093959731543624,
    0.980263157894737
  ],
  "mean_auc": 0.900573948846605,
  "confusion_matrix": [
    [
      32,
      16,
      7,
      6,
      5,
      0,
      0
    ],
    [
      10,
      56,
      5,
      18,
      3,
      0,
      11
    ],
    [
      17,
      13,
      93,
      50,
      42,
      1,
      4
    ],
    [
      2,
      2,
      0,
      18,
      1,
      0,
      0
    ],
    [
      7,
      2,
      25,
      36,
      134,
      5,
      14
    ],
    [
      7,
      12,
      46,
      554,
      185,
      443,
      94
    ],
    [
      0,
      0,
      0,
      1,
      0,
      0,
      28
    ]
  ],
  "report": "              precision    recall  f1-score   support\n\n           0       0.43      0.48      0.45        66\n           1       0.55      0.54      0.55       103\n           2       0.53      0.42      0.47       220\n           3       0.03      0.78      0.05        23\n           4       0.36      0.60      0.45       223\n           5       0.99      0.33      0.49      1341\n           6       0.19      0.97      0.31        29\n\n    accuracy                           0.40      2005\n   macro avg       0.44      0.59      0.40      2005\nweighted avg       0.80      0.40      0.48      2005\n",
  "seed": 0
}