{
  "weighted_f1": 0.8915380477154405,
  "macro_f1": 0.8645033303925397,
  "weighted_accuracy": 0.8965181058495821,
  "weighted_precision": 0.8972488433868339,
  "weighted_recall": 0.8965181058495821,
  "per_class_auc": [
    0.9975523872539913,
    0.999996457900941,
    0.9956107953994202,
    0.9991156975965287,
    0.9900650542642971,
    0.9908804808907269,
    0.9962953484994337,
    0.9056709466993775,
    0.9935170786118144
  ],
  "mean_auc": 0.9854115830129478,
  "confusion_matrix": [
    [
      1325,
      0,
      1,
      0,
      0,
      11,
      0,
      0,
      1
    ],
    [
      0,
      847,
      0,
      0,
      0,
      0,
      0,
      0,
      0
    ],
    [
      0,
      1,
      267,
      7,
      0,
      49,
      0,
      15,
      0
    ],
    [
      0,
      0,
      1,
      630,
      0,
      0,
      3,
      0,
      0
    ],
    [
      163,
      6,
      0,
      0,
      853,
      3,
      8,
      0,
      2
    ],
    [
      0,
      0,
      5,
      0,
      1,
      556,
      0,
      29,
      1
    ],
    [
      6,
      0,
      0,
      22,
      5,
      0,
      687,
      0,
      21
    ],
    [
      0,
      3,
      31,
      8,
      48,
      107,
      8,
      180,
      36
    ],
    [
      3,
      0,
      4,
      60,
      27,
      4,
      37,
      6,
      1092
    ]
  ],
  "report": "              precision    recall  f1-score   support\n\n           0       0.89      0.99      0.93      1338\n           1       0.99      1.00      0.99       847\n           2       0.86      0.79      0.82       339\n           3       0.87      0.99      0.93       634\n           4       0.91      0.82      0.87      1035\n           5       0.76      0.94      0.84       592\n           6       0.92      0.93      0.93       741\n           7       0.78      0.43      0.55       421\n           8       0.95      0.89      0.92      1233\n\n    accuracy                           0.90      7180\n   macro avg       0.88      0.86      0.86      7180\nweighted avg       0.90      0.90      0.89      7180\n",
  "seed": 0
}