{
  "weighted_f1": 0.8763784426392623,
  "macro_f1": 0.854518436780663,
  "weighted_accuracy": 0.8764623955431755,
  "weighted_precision": 0.8934901131846149,
  "weighted_recall": 0.8764623955431755,
  "per_class_auc": [
    0.9943475395172016,
    0.9991745044929662,
    0.9968608498386659,
    0.9932826750942854,
    0.9695406107632378,
    0.9932255513710432,
    0.9929541200415232,
    0.9682130520790613,
    0.9898005509876306
  ],
  "mean_auc": 0.9885999393539573,
  "confusion_matrix": [
    [
      1333,
      3,
      0,
      0,
      2,
      0,
      0,
      0,
      0
    ],
    [
      22,
      825,
      0,
      0,
      0,
      0,
      0,
      0,
      0
    ],
    [
      0,
      1,
      260,
      9,
      0,
      42,
      0,
      27,
      0
    ],
    [
      0,
      0,
      0,
      634,
      0,
      0,
      0,
      0,
      0
    ],
    [
      195,
      9,
      0,
      2,
      822,
      3,
      0,
      0,
      4
    ],
    [
      0,
      0,
      3,
      0,
      0,
      547,
      0,
      42,
      0
    ],
    [
      5,
      0,
      1,
      130,
      2,
      0,
      592,
      0,
      11
    ],
    [
      0,
      6,
      6,
      26,
      16,
      103,
      2,
      245,
      17
    ],
    [
      2,
      1,
      13,
      156,
      1,
      5,
      16,
      4,
      1035
    ]
  ],
  "report": "              precision    recall  f1-score   support\n\n           0       0.86      1.00      0.92      1338\n           1       0.98      0.97      0.98       847\n           2       0.92      0.77      0.84       339\n           3       0.66      1.00      0.80       634\n           4       0.98      0.79      0.88      1035\n           5       0.78      0.92      0.85       592\n           6       0.97      0.80      0.88       741\n           7       0.77      0.58      0.66       421\n           8       0.97      0.84      0.90      1233\n\n    accuracy                           0.88      7180\n   macro avg       0.88      0.85      0.85      7180\nweighted avg       0.89      0.88      0.88      7180\n",
  "seed": 0
}