{
  "weighted_f1": 0.8908639970176183,
  "macro_f1": 0.8676511796107078,
  "weighted_accuracy": 0.8948467966573816,
  "weighted_precision": 0.8973697218646658,
  "weighted_recall": 0.8948467966573816,
  "per_class_auc": [
    0.9961919485156966,
    0.9999994407212012,
    0.994567717893889,
    0.9993731573017356,
    0.9821434495662393,
    0.9901499860516254,
    0.9939442068082508,
    0.9424442961421369,
    0.989664038285744
  ],
  "mean_auc": 0.9876086934762799,
  "confusion_matrix": [
    [
      1317,
      0,
      2,
      0,
      0,
      19,
      0,
      0,
      0
    ],
    [
      1,
      846,
      0,
      0,
      0,
      0,
      0,
      0,
      0
    ],
    [
      0,
      0,
      278,
      8,
      0,
      35,
      0,
      18,
      0
    ],
    [
      0,
      0,
      1,
      632,
      0,
      0,
      0,
      0,
      1
    ],
    [
      171,
      2,
      2,
      0,
      849,
      3,
      6,
      0,
      2
    ],
    [
      1,
      0,
      0,
      0,
      0,
      554,
      0,
      35,
      2
    ],
    [
      2,
      0,
      1,
      51,
      5,
      0,
      644,
      1,
      37
    ],
    [
      1,
      1,
      5,
      5,
      39,
      130,
      0,
      187,
      53
    ],
    [
      0,
      0,
      3,
      43,
      39,
      11,
      13,
      6,
      1118
    ]
  ],
  "report": "              precision    recall  f1-score   support\n\n           0       0.88      0.98      0.93      1338\n           1       1.00      1.00      1.00       847\n           2       0.95      0.82      0.88       339\n           3       0.86      1.00      0.92       634\n           4       0.91      0.82      0.86      1035\n           5       0.74      0.94      0.82       592\n           6       0.97      0.87      0.92       741\n           7       0.76      0.44      0.56       421\n           8       0.92      0.91      0.91      1233\n\n    accuracy                           0.89      7180\n   macro avg       0.89      0.86      0.87      7180\nweighted avg       0.90      0.89      0.89      7180\n",
  "seed": 0
}