{
  "weighted_f1": {
    "mean": 0.9381447657703365,
    "std": NaN,
    "min": 0.9381447657703365,
    "max": 0.9381447657703365,
    "values": [
      0.9381447657703365
    ]
  },
  "macro_f1": {
    "mean": 0.9331642144427532,
    "std": NaN,
    "min": 0.9331642144427532,
    "max": 0.9331642144427532,
    "values": [
      0.9331642144427532
    ]
  },
  "weighted_accuracy": {
    "mean": 0.9391025641025641,
    "std": NaN,
    "min": 0.9391025641025641,
    "max": 0.9391025641025641,
    "values": [
      0.9391025641025641
    ]
  },
  "mean_auc": {
    "mean": 0.9760355029585799,
    "std": NaN,
    "min": 0.9760355029585799,
    "max": 0.9760355029585799,
    "values": [
      0.9760355029585799
    ]
  },
  "best_seed_idx": 0,
  "n_runs": 1
}