{
  "weighted_f1": {
    "mean": 0.5450384820864889,
    "std": NaN,
    "min": 0.5450384820864889,
    "max": 0.5450384820864889,
    "values": [
      0.5450384820864889
    ]
  },
  "macro_f1": {
    "mean": 0.3908277841934397,
    "std": NaN,
    "min": 0.3908277841934397,
    "max": 0.3908277841934397,
    "values": [
      0.3908277841934397
    ]
  },
  "weighted_accuracy": {
    "mean": 0.456359102244389,
    "std": NaN,
    "min": 0.456359102244389,
    "max": 0.456359102244389,
    "values": [
      0.456359102244389
    ]
  },
  "mean_auc": {
    "mean": 0.8876739599050423,
    "std": NaN,
    "min": 0.8876739599050423,
    "max": 0.8876739599050423,
    "values": [
      0.8876739599050423
    ]
  },
  "best_seed_idx": 0,
  "n_runs": 1
}