{
  "weighted_f1": 0.6977144797502776,
  "macro_f1": 0.44986762908646755,
  "weighted_accuracy": 0.6802992518703241,
  "weighted_precision": 0.733398673550849,
  "weighted_recall": 0.6802992518703241,
  "per_class_auc": [
    0.9373153921890385,
    0.9225138586873295,
    0.8284517443340973,
    0.953516430483043,
    0.8247950355573673,
    0.8915876032092576,
    0.9874703336590813
  ],
  "mean_auc": 0.9065214854456022,
  "confusion_matrix": [
    [
      28,
      15,
      5,
      8,
      3,
      7,
      0
    ],
    [
      7,
      38,
      4,
      24,
      6,
      10,
      14
    ],
    [
      16,
      23,
      72,
      18,
      36,
      50,
      5
    ],
    [
      1,
      3,
      1,
      14,
      0,
      3,
      1
    ],
    [
      7,
      4,
      15,
      10,
      113,
      62,
      12
    ],
    [
      5,
      21,
      43,
      33,
      134,
      1071,
      34
    ],
    [
      0,
      0,
      0,
      0,
      0,
      1,
      28
    ]
  ],
  "report": "              precision    recall  f1-score   support\n\n           0       0.44      0.42      0.43        66\n           1       0.37      0.37      0.37       103\n           2       0.51      0.33      0.40       220\n           3       0.13      0.61      0.22        23\n           4       0.39      0.51      0.44       223\n           5       0.89      0.80      0.84      1341\n           6       0.30      0.97      0.46        29\n\n    accuracy                           0.68      2005\n   macro avg       0.43      0.57      0.45      2005\nweighted avg       0.73      0.68      0.70      2005\n",
  "seed": 0
}