{
  "train_loss": [
    3.24660895072937,
    1.9619884717559815,
    1.379268433456421,
    1.1161599039077759,
    0.9976654015159607,
    0.9225590387153626,
    0.8640904917907715,
    0.8287102368354797,
    0.8018118572235108,
    0.7875177371597291,
    0.7696454443359375,
    0.7618111674308777,
    0.7521919620704651,
    0.7400393299102783,
    0.7336795556640625,
    0.7260390565109253,
    0.719489720172882,
    0.7171560568618774,
    0.7095925486755371,
    0.7012332662963867,
    0.7010425118255615,
    0.69801176902771,
    0.6914537010574341,
    0.6884293090438843,
    0.6868647458457947,
    0.6842370501327515,
    0.6817569155693054,
    0.6813939060783386,
    0.6772574810981751,
    0.6740918567657471,
    0.673806551246643,
    0.669329467163086,
    0.6696504480743408,
    0.6693226404571533,
    0.6678986935997009,
    0.6654810020446777,
    0.6665067153930664,
    0.6635404243850708,
    0.6601499236869812,
    0.6606993428230286,
    0.6596904280281067,
    0.65789752784729,
    0.6563633390045166,
    0.6553220850753784,
    0.6564005115699768,
    0.6569461225128174,
    0.6550463498687744,
    0.6524985175704956,
    0.6507581324005127,
    0.6511486401367188,
    0.6508302252578735,
    0.6491745084762574,
    0.6494868762397766,
    0.6473777628707885,
    0.6478762422943115,
    0.6487186560821533,
    0.6448445531082153,
    0.6458989621162414,
    0.6444616415023804,
    0.6439433148574829,
    0.6429403755569458,
    0.6426996531677246,
    0.6416253504180908,
    0.6415853155326843,
    0.6409052398872376,
    0.6428694228172303,
    0.6424364186668396,
    0.6407978732490539,
    0.6390580217552185,
    0.6402205459022522,
    0.6390034025382996,
    0.6383238858604431,
    0.6393975712013245,
    0.6377439028549194,
    0.6368973207855224,
    0.6369082363700866,
    0.6372563751602173,
    0.6358495360374451,
    0.6360697842979431,
    0.6351104203033447,
    0.6350504752349854,
    0.6332590034484863,
    0.6362385515213013,
    0.633981558418274,
    0.6340934282302857,
    0.6331818683433533,
    0.6327294871902466,
    0.6346610122108459,
    0.6332378079414368,
    0.6325740060043334,
    0.6330728886795044,
    0.6335099794769287,
    0.6318047073745727,
    0.6321489674758911,
    0.6315200424194336,
    0.6328752826881409,
    0.6321860888099671,
    0.6324358560562133,
    0.6320846161079406,
    0.6315031352806091
  ],
  "train_acc": [
    0.16454,
    0.352,
    0.66562,
    0.80046,
    0.85862,
    0.89302,
    0.91504,
    0.92484,
    0.93424,
    0.93978,
    0.94636,
    0.94838,
    0.9505,
    0.955,
    0.95674,
    0.9599,
    0.96062,
    0.96136,
    0.9646,
    0.96624,
    0.966,
    0.96708,
    0.96906,
    0.96968,
    0.97094,
    0.97136,
    0.9727,
    0.97256,
    0.97356,
    0.97562,
    0.97514,
    0.97636,
    0.9761,
    0.97572,
    0.97644,
    0.97778,
    0.97722,
    0.97718,
    0.97786,
    0.9789,
    0.97812,
    0.97906,
    0.97942,
    0.9805,
    0.97906,
    0.97908,
    0.9793,
    0.98104,
    0.98148,
    0.9813,
    0.98088,
    0.98128,
    0.98134,
    0.9822,
    0.98248,
    0.9806,
    0.9832,
    0.98246,
    0.98336,
    0.98374,
    0.98354,
    0.98288,
    0.98398,
    0.98426,
    0.98446,
    0.98438,
    0.98366,
    0.98492,
    0.98498,
    0.9849,
    0.98536,
    0.98524,
    0.98512,
    0.98556,
    0.9855,
    0.98554,
    0.98592,
    0.98566,
    0.9855,
    0.98634,
    0.98634,
    0.98722,
    0.98638,
    0.98668,
    0.98658,
    0.98668,
    0.98742,
    0.98604,
    0.98754,
    0.98714,
    0.98756,
    0.98596,
    0.98738,
    0.98768,
    0.98748,
    0.98748,
    0.9874,
    0.98694,
    0.98704,
    0.98734
  ],
  "val_loss": [
    2.1632280391693115,
    1.4788838495254517,
    0.9787311571121216,
    0.8040309316635131,
    0.7245656047821045,
    0.6746355158805847,
    0.6754283456802368,
    0.6403069813728333,
    0.629415181350708,
    0.5986023771286011,
    0.6089226847648621,
    0.6063275377273559,
    0.5769240849494934,
    0.584679454612732,
    0.5676317337989807,
    0.5756759641647339,
    0.5706972135543823,
    0.5661376361846924,
    0.559761020565033,
    0.5637553527832031,
    0.559742728805542,
    0.558300174331665,
    0.5562926238059998,
    0.5590164772987366,
    0.5528144557952881,
    0.5485449053764343,
    0.5495819957733155,
    0.5416220688819885,
    0.5472204330444336,
    0.5464641532897949,
    0.543505299949646,
    0.543230142211914,
    0.5407849071502685,
    0.5441306173324585,
    0.544358222579956,
    0.5461541498184204,
    0.5489284324645997,
    0.5354254175186157,
    0.5375879663467408,
    0.5375836305618286,
    0.5370124558448791,
    0.53812659034729,
    0.5354085477828979,
    0.531582751750946,
    0.5339967901229858,
    0.5332149034500122,
    0.5299647749900818,
    0.5371906558036804,
    0.5312775954246521,
    0.5320540232658386,
    0.5312417615890503,
    0.5296728711128235,
    0.5306844219207764,
    0.5330414855003357,
    0.5311717575073243,
    0.5289100005149842,
    0.532069472694397,
    0.528368888950348,
    0.5314284614562989,
    0.52801371717453,
    0.5291118735313416,
    0.5300220077514648,
    0.5283767955780029,
    0.5272939208984375,
    0.527558820438385,
    0.528543852519989,
    0.5256292206764221,
    0.5231351794242859,
    0.5257696944236755,
    0.5265245029449462,
    0.5256098914146423,
    0.5246997534751892,
    0.5248621180534363,
    0.5248772677421569,
    0.5245873902320862,
    0.5229075548171997,
    0.5239207153320312,
    0.5242588472366333,
    0.5239329015731812,
    0.5226649726867676,
    0.5243808908462524,
    0.5219624535560607,
    0.5228091290473939,
    0.5228990152359009,
    0.5218288508415222,
    0.5221238954544067,
    0.5222934406280517,
    0.5218660099029541,
    0.522348791885376,
    0.5223665814399719,
    0.5223434860229492,
    0.5210791024208069,
    0.5211327451705933,
    0.5214588049888611,
    0.5217024118423462,
    0.5216431972503662,
    0.5218812776565551,
    0.5214360389709473,
    0.5212990358352662,
    0.5217293607711792
  ],
  "val_acc": [
    0.2106,
    0.5627,
    0.832,
    0.9053,
    0.9308,
    0.9461,
    0.9387,
    0.955,
    0.9569,
    0.971,
    0.9667,
    0.9665,
    0.9776,
    0.9737,
    0.9807,
    0.9764,
    0.9777,
    0.9798,
    0.9827,
    0.9813,
    0.9826,
    0.9821,
    0.984,
    0.9822,
    0.9855,
    0.9849,
    0.9861,
    0.9877,
    0.9862,
    0.9878,
    0.9869,
    0.9877,
    0.9904,
    0.987,
    0.987,
    0.9867,
    0.9848,
    0.9895,
    0.99,
    0.9897,
    0.9904,
    0.9904,
    0.99,
    0.9917,
    0.9904,
    0.9909,
    0.9921,
    0.9893,
    0.9908,
    0.9892,
    0.9906,
    0.9913,
    0.9918,
    0.99,
    0.9909,
    0.9928,
    0.9903,
    0.9921,
    0.991,
    0.992,
    0.9921,
    0.9919,
    0.9918,
    0.9924,
    0.9927,
    0.992,
    0.9932,
    0.9936,
    0.9927,
    0.9925,
    0.9935,
    0.9932,
    0.994,
    0.9933,
    0.9932,
    0.9945,
    0.9936,
    0.9937,
    0.9935,
    0.9934,
    0.9934,
    0.994,
    0.9947,
    0.9938,
    0.9948,
    0.9946,
    0.9945,
    0.9943,
    0.9946,
    0.9947,
    0.9947,
    0.9948,
    0.9951,
    0.9949,
    0.9948,
    0.9946,
    0.9948,
    0.9949,
    0.9948,
    0.9949
  ],
  "best_val_loss": 0.5219624535560607,
  "total_time_s": 8777.174615859985,
  "stopped_epoch": 100
}