{
  "weighted_f1": {
    "mean": 0.9971169476744276,
    "std": NaN,
    "min": 0.9971169476744276,
    "max": 0.9971169476744276,
    "values": [
      0.9971169476744276
    ]
  },
  "macro_f1": {
    "mean": 0.9971082366178808,
    "std": NaN,
    "min": 0.9971082366178808,
    "max": 0.9971082366178808,
    "values": [
      0.9971082366178808
    ]
  },
  "weighted_accuracy": {
    "mean": 0.9971133028626413,
    "std": NaN,
    "min": 0.9971133028626413,
    "max": 0.9971133028626413,
    "values": [
      0.9971133028626413
    ]
  },
  "mean_auc": {
    "mean": 0.9999793685791888,
    "std": NaN,
    "min": 0.9999793685791888,
    "max": 0.9999793685791888,
    "values": [
      0.9999793685791888
    ]
  },
  "best_seed_idx": 0,
  "n_runs": 1
}