{
  "weighted_f1": {
    "mean": 0.2953202309276974,
    "std": NaN,
    "min": 0.2953202309276974,
    "max": 0.2953202309276974,
    "values": [
      0.2953202309276974
    ]
  },
  "macro_f1": {
    "mean": 0.29633177023473917,
    "std": NaN,
    "min": 0.29633177023473917,
    "max": 0.29633177023473917,
    "values": [
      0.29633177023473917
    ]
  },
  "weighted_accuracy": {
    "mean": 0.22693266832917705,
    "std": NaN,
    "min": 0.22693266832917705,
    "max": 0.22693266832917705,
    "values": [
      0.22693266832917705
    ]
  },
  "mean_auc": {
    "mean": 0.8686822852833662,
    "std": NaN,
    "min": 0.8686822852833662,
    "max": 0.8686822852833662,
    "values": [
      0.8686822852833662
    ]
  },
  "best_seed_idx": 0,
  "n_runs": 1
}