{
  "weighted_f1": {
    "mean": 0.6398049343297786,
    "std": NaN,
    "min": 0.6398049343297786,
    "max": 0.6398049343297786,
    "values": [
      0.6398049343297786
    ]
  },
  "macro_f1": {
    "mean": 0.4048480261224339,
    "std": NaN,
    "min": 0.4048480261224339,
    "max": 0.4048480261224339,
    "values": [
      0.4048480261224339
    ]
  },
  "weighted_accuracy": {
    "mean": 0.5740648379052369,
    "std": NaN,
    "min": 0.5740648379052369,
    "max": 0.5740648379052369,
    "values": [
      0.5740648379052369
    ]
  },
  "mean_auc": {
    "mean": 0.8830370129813863,
    "std": NaN,
    "min": 0.8830370129813863,
    "max": 0.8830370129813863,
    "values": [
      0.8830370129813863
    ]
  },
  "best_seed_idx": 0,
  "n_runs": 1
}