{
  "weighted_f1": 0.49221767475332523,
  "macro_f1": 0.37575679404156886,
  "weighted_accuracy": 0.4054862842892768,
  "weighted_precision": 0.7807281072089781,
  "weighted_recall": 0.4054862842892768,
  "per_class_auc": [
    0.8619563348805225,
    0.9347697365062836,
    0.8625439266615736,
    0.8131882595533716,
    0.8328149456699532,
    0.8969636937009784,
    0.9729861789752897
  ],
  "mean_auc": 0.8821747251354245,
  "confusion_matrix": [
    [
      35,
      16,
      5,
      8,
      1,
      0,
      1
    ],
    [
      13,
      43,
      0,
      28,
      2,
      0,
      17
    ],
    [
      20,
      15,
      76,
      53,
      46,
      7,
      3
    ],
    [
      2,
      1,
      3,
      17,
      0,
      0,
      0
    ],
    [
      4,
      5,
      15,
      50,
      120,
      13,
      16
    ],
    [
      15,
      11,
      43,
      518,
      173,
      494,
      87
    ],
    [
      0,
      0,
      0,
      1,
      0,
      0,
      28
    ]
  ],
  "report": "              precision    recall  f1-score   support\n\n           0       0.39      0.53      0.45        66\n           1       0.47      0.42      0.44       103\n           2       0.54      0.35      0.42       220\n           3       0.03      0.74      0.05        23\n           4       0.35      0.54      0.42       223\n           5       0.96      0.37      0.53      1341\n           6       0.18      0.97      0.31        29\n\n    accuracy                           0.41      2005\n   macro avg       0.42      0.56      0.38      2005\nweighted avg       0.78      0.41      0.49      2005\n",
  "seed": 0
}