{
  "weighted_f1": 0.6794053311910655,
  "macro_f1": 0.4044644813549884,
  "weighted_accuracy": 0.683291770573566,
  "weighted_precision": 0.709556782789901,
  "weighted_recall": 0.683291770573566,
  "per_class_auc": [
    0.9286183130948473,
    0.918047430910743,
    0.811596638655462,
    0.9246259816610363,
    0.8196640042678908,
    0.8801829240900965,
    0.9841197822141561
  ],
  "mean_auc": 0.895265010699176,
  "confusion_matrix": [
    [
      19,
      16,
      4,
      14,
      4,
      8,
      1
    ],
    [
      8,
      29,
      0,
      26,
      5,
      19,
      16
    ],
    [
      19,
      19,
      39,
      23,
      33,
      86,
      1
    ],
    [
      3,
      0,
      0,
      14,
      0,
      4,
      2
    ],
    [
      6,
      5,
      11,
      4,
      94,
      94,
      9
    ],
    [
      1,
      8,
      11,
      42,
      105,
      1149,
      25
    ],
    [
      0,
      0,
      0,
      0,
      0,
      3,
      26
    ]
  ],
  "report": "              precision    recall  f1-score   support\n\n           0       0.34      0.29      0.31        66\n           1       0.38      0.28      0.32       103\n           2       0.60      0.18      0.27       220\n           3       0.11      0.61      0.19        23\n           4       0.39      0.42      0.41       223\n           5       0.84      0.86      0.85      1341\n           6       0.33      0.90      0.48        29\n\n    accuracy                           0.68      2005\n   macro avg       0.43      0.50      0.40      2005\nweighted avg       0.71      0.68      0.68      2005\n",
  "seed": 1
}