{
  "weighted_f1": 0.6892135095763184,
  "macro_f1": 0.4333522328131765,
  "weighted_accuracy": 0.6723192019950125,
  "weighted_precision": 0.7274364069109985,
  "weighted_recall": 0.6723192019950125,
  "per_class_auc": [
    0.9365183552909184,
    0.9191653139771113,
    0.8378482302011714,
    0.9453999034791383,
    0.8304847176297101,
    0.8935990045191953,
    0.9902275582856346
  ],
  "mean_auc": 0.9076061547689828,
  "confusion_matrix": [
    [
      30,
      11,
      6,
      11,
      5,
      3,
      0
    ],
    [
      11,
      31,
      4,
      32,
      3,
      10,
      12
    ],
    [
      30,
      20,
      59,
      18,
      38,
      55,
      0
    ],
    [
      3,
      1,
      1,
      12,
      1,
      3,
      2
    ],
    [
      8,
      8,
      13,
      8,
      117,
      60,
      9
    ],
    [
      4,
      12,
      36,
      37,
      156,
      1073,
      23
    ],
    [
      0,
      0,
      0,
      0,
      2,
      1,
      26
    ]
  ],
  "report": "              precision    recall  f1-score   support\n\n           0       0.35      0.45      0.39        66\n           1       0.37      0.30      0.33       103\n           2       0.50      0.27      0.35       220\n           3       0.10      0.52      0.17        23\n           4       0.36      0.52      0.43       223\n           5       0.89      0.80      0.84      1341\n           6       0.36      0.90      0.51        29\n\n    accuracy                           0.67      2005\n   macro avg       0.42      0.54      0.43      2005\nweighted avg       0.73      0.67      0.69      2005\n",
  "seed": 0
}