{
  "weighted_f1": 0.6740562109245684,
  "macro_f1": 0.4285343552136537,
  "weighted_accuracy": 0.6528678304239401,
  "weighted_precision": 0.7257875257607674,
  "weighted_recall": 0.6528678304239401,
  "per_class_auc": [
    0.9373700907996936,
    0.9230089941094197,
    0.7881690858161445,
    0.953428684245163,
    0.8053831790752568,
    0.8789700187775713,
    0.9910651961468657
  ],
  "mean_auc": 0.8967707498528734,
  "confusion_matrix": [
    [
      28,
      16,
      3,
      12,
      4,
      3,
      0
    ],
    [
      6,
      33,
      3,
      43,
      3,
      4,
      11
    ],
    [
      22,
      24,
      44,
      38,
      33,
      56,
      3
    ],
    [
      1,
      0,
      0,
      20,
      0,
      2,
      0
    ],
    [
      14,
      8,
      9,
      10,
      112,
      64,
      6
    ],
    [
      5,
      16,
      31,
      73,
      149,
      1045,
      22
    ],
    [
      0,
      0,
      0,
      0,
      0,
      2,
      27
    ]
  ],
  "report": "              precision    recall  f1-score   support\n\n           0       0.37      0.42      0.39        66\n           1       0.34      0.32      0.33       103\n           2       0.49      0.20      0.28       220\n           3       0.10      0.87      0.18        23\n           4       0.37      0.50      0.43       223\n           5       0.89      0.78      0.83      1341\n           6       0.39      0.93      0.55        29\n\n    accuracy                           0.65      2005\n   macro avg       0.42      0.58      0.43      2005\nweighted avg       0.73      0.65      0.67      2005\n",
  "seed": 3
}