{
  "weighted_f1": 0.6834467556890612,
  "macro_f1": 0.42673316464494215,
  "weighted_accuracy": 0.6713216957605985,
  "weighted_precision": 0.7155360736942509,
  "weighted_recall": 0.6713216957605985,
  "per_class_auc": [
    0.9272821041774111,
    0.9236062193092606,
    0.8284313725490197,
    0.9401351292063354,
    0.807798966244407,
    0.8828591772009738,
    0.9883603238866397
  ],
  "mean_auc": 0.8997818989391496,
  "confusion_matrix": [
    [
      26,
      13,
      6,
      9,
      3,
      9,
      0
    ],
    [
      9,
      34,
      4,
      25,
      3,
      12,
      16
    ],
    [
      24,
      19,
      57,
      21,
      26,
      70,
      3
    ],
    [
      2,
      2,
      1,
      14,
      1,
      2,
      1
    ],
    [
      10,
      5,
      15,
      6,
      109,
      69,
      9
    ],
    [
      7,
      14,
      33,
      36,
      134,
      1078,
      39
    ],
    [
      0,
      0,
      0,
      0,
      0,
      1,
      28
    ]
  ],
  "report": "              precision    recall  f1-score   support\n\n           0       0.33      0.39      0.36        66\n           1       0.39      0.33      0.36       103\n           2       0.49      0.26      0.34       220\n           3       0.13      0.61      0.21        23\n           4       0.39      0.49      0.44       223\n           5       0.87      0.80      0.84      1341\n           6       0.29      0.97      0.45        29\n\n    accuracy                           0.67      2005\n   macro avg       0.41      0.55      0.43      2005\nweighted avg       0.72      0.67      0.68      2005\n",
  "seed": 4
}