{
  "weighted_f1": 0.6648111841540915,
  "macro_f1": 0.4173641254296977,
  "weighted_accuracy": 0.6389027431421447,
  "weighted_precision": 0.7270489688444927,
  "weighted_recall": 0.6389027431421447,
  "per_class_auc": [
    0.9274305718349041,
    0.9331618225067125,
    0.8227221797810034,
    0.934716799017242,
    0.8096686848555309,
    0.8816979326702783,
    0.9898436409325702
  ],
  "mean_auc": 0.8998916616568915,
  "confusion_matrix": [
    [
      25,
      12,
      6,
      14,
      5,
      4,
      0
    ],
    [
      12,
      29,
      4,
      35,
      7,
      6,
      10
    ],
    [
      32,
      16,
      55,
      26,
      42,
      48,
      1
    ],
    [
      2,
      2,
      0,
      15,
      0,
      4,
      0
    ],
    [
      9,
      7,
      11,
      8,
      115,
      66,
      7
    ],
    [
      10,
      17,
      17,
      62,
      199,
      1015,
      21
    ],
    [
      0,
      0,
      0,
      0,
      1,
      1,
      27
    ]
  ],
  "report": "              precision    recall  f1-score   support\n\n           0       0.28      0.38      0.32        66\n           1       0.35      0.28      0.31       103\n           2       0.59      0.25      0.35       220\n           3       0.09      0.65      0.16        23\n           4       0.31      0.52      0.39       223\n           5       0.89      0.76      0.82      1341\n           6       0.41      0.93      0.57        29\n\n    accuracy                           0.64      2005\n   macro avg       0.42      0.54      0.42      2005\nweighted avg       0.73      0.64      0.66      2005\n",
  "seed": 2
}