{
  "weighted_f1": {
    "mean": 0.6694929674605474,
    "std": 0.018883541682761393,
    "min": 0.6385654311346425,
    "max": 0.6859620018215059,
    "values": [
      0.6831987254791153,
      0.6721584304517833,
      0.6675802484156897,
      0.6859620018215059,
      0.6385654311346425
    ]
  },
  "macro_f1": {
    "mean": 0.41297646946003386,
    "std": 0.03430210899978363,
    "min": 0.36354527778808576,
    "max": 0.45427979220156456,
    "values": [
      0.43378937474115126,
      0.4019702913548554,
      0.4112976112145126,
      0.45427979220156456,
      0.36354527778808576
    ]
  },
  "weighted_accuracy": {
    "mean": 0.6771072319201995,
    "std": 0.016626516980678428,
    "min": 0.6488778054862843,
    "max": 0.6922693266832918,
    "values": [
      0.6798004987531172,
      0.685286783042394,
      0.6488778054862843,
      0.6793017456359102,
      0.6922693266832918
    ]
  },
  "mean_auc": {
    "mean": 0.8916108083758114,
    "std": 0.01819817616199634,
    "min": 0.8665272574932465,
    "max": 0.910333552750816,
    "values": [
      0.8960053621022012,
      0.8665272574932465,
      0.9053164267241142,
      0.910333552750816,
      0.8798714428086795
    ]
  },
  "best_seed_idx": 0,
  "n_runs": 5
}