{
  "train_loss": [
    0.7018431663108055,
    0.5889327268075821,
    0.4317864617657236,
    0.4105072747172191,
    0.40444916732349734,
    0.3943567381587794,
    0.39614927042006637,
    0.3806101150601824,
    0.38904928616679313,
    0.3747939115474056,
    0.37707110026577517,
    0.3741634604580441,
    0.37592044287854165,
    0.37415711803262075,
    0.3713833230880731,
    0.3683063092126417,
    0.3691920575795785,
    0.361250673245857,
    0.3624532760556917,
    0.3593538131061609,
    0.36158929991843647,
    0.3580468619082474,
    0.3562445620560707,
    0.3547632895036582,
    0.36475302799333426,
    0.36094740063534414,
    0.36119972661884536,
    0.3548854878623301,
    0.35251336818847395,
    0.35117678945613495,
    0.3529977815173497,
    0.3553566745812344,
    0.3518538271965571,
    0.35034443558325884,
    0.35555088550434744,
    0.34877369645903855
  ],
  "train_acc": [
    0.29694137638062873,
    0.7107051826677995,
    0.8782922684791844,
    0.8957094307561597,
    0.89910790144435,
    0.9124893797790994,
    0.9137638062871708,
    0.9177994902293968,
    0.9156754460492779,
    0.9209855564995751,
    0.9245964316057774,
    0.9201359388275276,
    0.9282073067119796,
    0.927570093457944,
    0.927357689039932,
    0.9284197111299916,
    0.9271452846219201,
    0.9377655055225149,
    0.9362786745964317,
    0.9345794392523364,
    0.9343670348343246,
    0.9384027187765506,
    0.9381903143585386,
    0.9413763806287171,
    0.9352166525063721,
    0.9305437553101105,
    0.9379779099405268,
    0.943500424808836,
    0.9390399320305862,
    0.9424384027187765,
    0.9420135938827527,
    0.9432880203908242,
    0.9420135938827527,
    0.9392523364485982,
    0.9418011894647409,
    0.9432880203908242
  ],
  "val_loss": [
    0.7213882048621433,
    0.6840181491757167,
    0.5608575339535721,
    0.443064667568862,
    0.4509551570615696,
    0.3864250474303733,
    0.5744634502716647,
    0.3801637610406366,
    0.38474928809486275,
    0.4368882834456349,
    0.5243720444104144,
    0.4685519849526063,
    0.4473771548453178,
    0.5254788057494709,
    0.3979781231352391,
    0.36518697588498356,
    0.4121366648273614,
    0.4277703557305664,
    0.37167030663890693,
    0.4052413818035417,
    0.37677987181503353,
    0.3839191341673145,
    0.3896056240751543,
    0.3766927896565153,
    0.3637634570362004,
    0.3550318311188967,
    0.3866413859010653,
    0.37424746019239646,
    0.3944031457409604,
    0.3776619473031459,
    0.37035748544540115,
    0.3797049422300499,
    0.3763382694193425,
    0.3767299046953216,
    0.35658904682588943,
    0.37129639805728243
  ],
  "val_acc": [
    0.7423664122137404,
    0.833969465648855,
    0.8759541984732825,
    0.9274809160305344,
    0.9293893129770993,
    0.9274809160305344,
    0.8835877862595419,
    0.9389312977099237,
    0.9217557251908397,
    0.9293893129770993,
    0.9103053435114504,
    0.9255725190839694,
    0.9236641221374046,
    0.9064885496183206,
    0.9312977099236641,
    0.9427480916030534,
    0.9427480916030534,
    0.9351145038167938,
    0.9446564885496184,
    0.9446564885496184,
    0.9427480916030534,
    0.9427480916030534,
    0.9427480916030534,
    0.950381679389313,
    0.9484732824427481,
    0.9446564885496184,
    0.9427480916030534,
    0.9446564885496184,
    0.9465648854961832,
    0.9408396946564885,
    0.9522900763358778,
    0.9465648854961832,
    0.9484732824427481,
    0.9484732824427481,
    0.9446564885496184,
    0.9465648854961832
  ],
  "best_val_loss": 0.3550318311188967,
  "total_time_s": 282.0261161327362,
  "stopped_epoch": 36
}