{
  "weighted_f1": 0.8836934391093633,
  "macro_f1": 0.8836934391093634,
  "weighted_accuracy": 0.883,
  "weighted_precision": 0.8863357872856966,
  "weighted_recall": 0.883,
  "per_class_auc": [
    0.9940214444444445,
    0.9978603333333332,
    0.986647,
    0.9769972222222224,
    0.9894256666666668,
    0.982281,
    0.9936503333333333,
    0.9944848888888889,
    0.9969375555555555,
    0.996255111111111
  ],
  "mean_auc": 0.9908560555555554,
  "confusion_matrix": [
    [
      922,
      8,
      22,
      10,
      2,
      0,
      1,
      4,
      18,
      13
    ],
    [
      6,
      963,
      1,
      0,
      0,
      0,
      1,
      1,
      3,
      25
    ],
    [
      30,
      1,
      865,
      37,
      18,
      28,
      10,
      9,
      1,
      1
    ],
    [
      9,
      2,
      31,
      783,
      25,
      124,
      13,
      7,
      2,
      4
    ],
    [
      14,
      2,
      49,
      40,
      817,
      32,
      8,
      33,
      4,
      1
    ],
    [
      3,
      1,
      24,
      87,
      8,
      852,
      2,
      22,
      0,
      1
    ],
    [
      7,
      3,
      31,
      57,
      6,
      23,
      868,
      3,
      1,
      1
    ],
    [
      11,
      1,
      13,
      14,
      7,
      33,
      0,
      920,
      0,
      1
    ],
    [
      41,
      18,
      5,
      4,
      0,
      1,
      1,
      2,
      920,
      8
    ],
    [
      11,
      48,
      3,
      9,
      0,
      0,
      0,
      2,
      7,
      920
    ]
  ],
  "report": "              precision    recall  f1-score   support\n\n           0       0.87      0.92      0.90      1000\n           1       0.92      0.96      0.94      1000\n           2       0.83      0.86      0.85      1000\n           3       0.75      0.78      0.77      1000\n           4       0.93      0.82      0.87      1000\n           5       0.78      0.85      0.81      1000\n           6       0.96      0.87      0.91      1000\n           7       0.92      0.92      0.92      1000\n           8       0.96      0.92      0.94      1000\n           9       0.94      0.92      0.93      1000\n\n    accuracy                           0.88     10000\n   macro avg       0.89      0.88      0.88     10000\nweighted avg       0.89      0.88      0.88     10000\n",
  "seed": 0
}