{
  "weighted_f1": {
    "mean": 0.8370117184044715,
    "std": NaN,
    "min": 0.8370117184044715,
    "max": 0.8370117184044715,
    "values": [
      0.8370117184044715
    ]
  },
  "macro_f1": {
    "mean": 0.8370117184044714,
    "std": NaN,
    "min": 0.8370117184044714,
    "max": 0.8370117184044714,
    "values": [
      0.8370117184044714
    ]
  },
  "weighted_accuracy": {
    "mean": 0.8357,
    "std": NaN,
    "min": 0.8357,
    "max": 0.8357,
    "values": [
      0.8357
    ]
  },
  "mean_auc": {
    "mean": 0.9832583444444444,
    "std": NaN,
    "min": 0.9832583444444444,
    "max": 0.9832583444444444,
    "values": [
      0.9832583444444444
    ]
  },
  "best_seed_idx": 0,
  "n_runs": 1
}