{
  "weighted_f1": 0.8118050362823214,
  "macro_f1": 0.8118050362823215,
  "weighted_accuracy": 0.8103,
  "weighted_precision": 0.8194840596845994,
  "weighted_recall": 0.8103,
  "per_class_auc": [
    0.9866278888888887,
    0.9966865555555555,
    0.9693761111111111,
    0.9528527777777778,
    0.9743861111111111,
    0.9696482222222222,
    0.9860465555555556,
    0.9876638888888888,
    0.9929624444444444,
    0.9933756666666667
  ],
  "mean_auc": 0.9809626222222223,
  "confusion_matrix": [
    [
      890,
      12,
      29,
      10,
      3,
      1,
      2,
      11,
      29,
      13
    ],
    [
      17,
      936,
      1,
      5,
      0,
      2,
      0,
      2,
      6,
      31
    ],
    [
      74,
      0,
      766,
      55,
      32,
      22,
      19,
      27,
      4,
      1
    ],
    [
      32,
      4,
      62,
      692,
      23,
      137,
      17,
      23,
      7,
      3
    ],
    [
      31,
      1,
      97,
      58,
      689,
      29,
      15,
      77,
      3,
      0
    ],
    [
      18,
      2,
      36,
      152,
      11,
      746,
      3,
      31,
      0,
      1
    ],
    [
      16,
      2,
      66,
      95,
      15,
      20,
      777,
      5,
      3,
      1
    ],
    [
      22,
      1,
      25,
      31,
      12,
      42,
      0,
      863,
      0,
      4
    ],
    [
      79,
      10,
      6,
      8,
      0,
      2,
      2,
      1,
      876,
      16
    ],
    [
      27,
      61,
      7,
      11,
      0,
      3,
      4,
      6,
      13,
      868
    ]
  ],
  "report": "              precision    recall  f1-score   support\n\n           0       0.74      0.89      0.81      1000\n           1       0.91      0.94      0.92      1000\n           2       0.70      0.77      0.73      1000\n           3       0.62      0.69      0.65      1000\n           4       0.88      0.69      0.77      1000\n           5       0.74      0.75      0.74      1000\n           6       0.93      0.78      0.85      1000\n           7       0.83      0.86      0.84      1000\n           8       0.93      0.88      0.90      1000\n           9       0.93      0.87      0.90      1000\n\n    accuracy                           0.81     10000\n   macro avg       0.82      0.81      0.81     10000\nweighted avg       0.82      0.81      0.81     10000\n",
  "seed": 0
}