{
  "weighted_f1": 0.13516033260114058,
  "macro_f1": 0.2838430007667692,
  "weighted_accuracy": 0.1486284289276808,
  "weighted_precision": 0.1480619194204983,
  "weighted_recall": 0.1486284289276808,
  "per_class_auc": [
    0.9173191429509119,
    0.9189560299327229,
    0.854341736694678,
    0.8277321984819902,
    0.8329885803727358,
    0.9036313037384437,
    0.968344269160966
  ],
  "mean_auc": 0.8890447516189212,
  "confusion_matrix": [
    [
      29,
      15,
      4,
      14,
      2,
      0,
      2
    ],
    [
      11,
      35,
      1,
      35,
      3,
      0,
      18
    ],
    [
      17,
      7,
      82,
      74,
      35,
      0,
      5
    ],
    [
      3,
      1,
      0,
      19,
      0,
      0,
      0
    ],
    [
      5,
      3,
      18,
      72,
      106,
      0,
      19
    ],
    [
      8,
      3,
      36,
      1037,
      143,
      0,
      114
    ],
    [
      0,
      0,
      0,
      2,
      0,
      0,
      27
    ]
  ],
  "report": "              precision    recall  f1-score   support\n\n           0       0.40      0.44      0.42        66\n           1       0.55      0.34      0.42       103\n           2       0.58      0.37      0.45       220\n           3       0.02      0.83      0.03        23\n           4       0.37      0.48      0.41       223\n           5       0.00      0.00      0.00      1341\n           6       0.15      0.93      0.25        29\n\n    accuracy                           0.15      2005\n   macro avg       0.29      0.48      0.28      2005\nweighted avg       0.15      0.15      0.14      2005\n",
  "seed": 0
}