{
  "weighted_f1": {
    "mean": 0.8388218632512966,
    "std": NaN,
    "min": 0.8388218632512966,
    "max": 0.8388218632512966,
    "values": [
      0.8388218632512966
    ]
  },
  "macro_f1": {
    "mean": 0.8388218632512965,
    "std": NaN,
    "min": 0.8388218632512965,
    "max": 0.8388218632512965,
    "values": [
      0.8388218632512965
    ]
  },
  "weighted_accuracy": {
    "mean": 0.8381,
    "std": NaN,
    "min": 0.8381,
    "max": 0.8381,
    "values": [
      0.8381
    ]
  },
  "mean_auc": {
    "mean": 0.9832727555555556,
    "std": NaN,
    "min": 0.9832727555555556,
    "max": 0.9832727555555556,
    "values": [
      0.9832727555555556
    ]
  },
  "best_seed_idx": 0,
  "n_runs": 1
}