{
  "weighted_f1": 0.7229226168158212,
  "macro_f1": 0.5435010248258163,
  "weighted_accuracy": 0.7017456359102244,
  "weighted_precision": 0.7637294698111333,
  "weighted_recall": 0.7017456359102244,
  "per_class_auc": [
    0.9398159001047087,
    0.9453207150368034,
    0.8633282403870638,
    0.9478348615803098,
    0.8487616574313137,
    0.9068533642399577,
    0.9849574200753874
  ],
  "mean_auc": 0.9195531655507921,
  "confusion_matrix": [
    [
      35,
      12,
      9,
      3,
      6,
      1,
      0
    ],
    [
      8,
      61,
      7,
      11,
      3,
      6,
      7
    ],
    [
      15,
      19,
      110,
      9,
      42,
      24,
      1
    ],
    [
      2,
      1,
      2,
      15,
      2,
      1,
      0
    ],
    [
      8,
      6,
      22,
      2,
      131,
      49,
      5
    ],
    [
      10,
      23,
      81,
      21,
      163,
      1029,
      14
    ],
    [
      0,
      0,
      1,
      0,
      1,
      1,
      26
    ]
  ],
  "report": "              precision    recall  f1-score   support\n\n           0       0.45      0.53      0.49        66\n           1       0.50      0.59      0.54       103\n           2       0.47      0.50      0.49       220\n           3       0.25      0.65      0.36        23\n           4       0.38      0.59      0.46       223\n           5       0.93      0.77      0.84      1341\n           6       0.49      0.90      0.63        29\n\n    accuracy                           0.70      2005\n   macro avg       0.49      0.65      0.54      2005\nweighted avg       0.76      0.70      0.72      2005\n",
  "seed": 0
}