{
  "weighted_f1": 0.8974139640765579,
  "macro_f1": 0.897413964076558,
  "weighted_accuracy": 0.8977,
  "weighted_precision": 0.8974026779694002,
  "weighted_recall": 0.8977,
  "per_class_auc": [
    0.995671,
    0.9987227777777777,
    0.9901102222222223,
    0.9809228888888888,
    0.9929126666666667,
    0.9857761111111111,
    0.9956513333333333,
    0.9964895555555555,
    0.9969792222222221,
    0.9976753333333332
  ],
  "mean_auc": 0.9930911111111111,
  "confusion_matrix": [
    [
      912,
      6,
      23,
      9,
      3,
      1,
      1,
      5,
      22,
      18
    ],
    [
      7,
      956,
      0,
      0,
      0,
      0,
      1,
      1,
      2,
      33
    ],
    [
      23,
      0,
      862,
      22,
      39,
      18,
      24,
      9,
      2,
      1
    ],
    [
      14,
      4,
      30,
      771,
      27,
      109,
      26,
      11,
      4,
      4
    ],
    [
      9,
      1,
      19,
      22,
      877,
      15,
      22,
      31,
      4,
      0
    ],
    [
      1,
      1,
      16,
      80,
      20,
      855,
      4,
      21,
      1,
      1
    ],
    [
      5,
      1,
      22,
      21,
      5,
      6,
      937,
      0,
      1,
      2
    ],
    [
      11,
      0,
      10,
      14,
      12,
      25,
      0,
      927,
      0,
      1
    ],
    [
      27,
      14,
      4,
      4,
      1,
      1,
      3,
      0,
      931,
      15
    ],
    [
      8,
      27,
      1,
      4,
      0,
      0,
      3,
      2,
      6,
      949
    ]
  ],
  "report": "              precision    recall  f1-score   support\n\n           0       0.90      0.91      0.90      1000\n           1       0.95      0.96      0.95      1000\n           2       0.87      0.86      0.87      1000\n           3       0.81      0.77      0.79      1000\n           4       0.89      0.88      0.88      1000\n           5       0.83      0.85      0.84      1000\n           6       0.92      0.94      0.93      1000\n           7       0.92      0.93      0.92      1000\n           8       0.96      0.93      0.94      1000\n           9       0.93      0.95      0.94      1000\n\n    accuracy                           0.90     10000\n   macro avg       0.90      0.90      0.90     10000\nweighted avg       0.90      0.90      0.90     10000\n",
  "seed": 0
}