{
  "train_loss": [
    0.17778886052278373,
    0.17713784238139352,
    0.17268872075465136,
    0.1693052568169304,
    0.16901097875156681,
    0.16083360176820022,
    0.1633911786171106,
    0.16313705514202187,
    0.16146393344079182,
    0.1561021782430537,
    0.1501578322369537,
    0.15004550761137253,
    0.14877204373205974,
    0.14995119881717275,
    0.14094749633427506,
    0.15026604315955125,
    0.1529785340085571,
    0.14281084074642195,
    0.1500050248134704,
    0.14201141746489557,
    0.13947414467622946,
    0.13926265746245892,
    0.1377152381908326,
    0.1362968100296272,
    0.13243314004315562,
    0.13700173576891203
  ],
  "train_acc": [
    0.510989010989011,
    0.5,
    0.554945054945055,
    0.5842490842490843,
    0.5769230769230769,
    0.6373626373626373,
    0.6391941391941391,
    0.6336996336996337,
    0.6373626373626373,
    0.6794871794871795,
    0.706959706959707,
    0.7106227106227107,
    0.7161172161172161,
    0.6923076923076923,
    0.7326007326007326,
    0.7124542124542125,
    0.6831501831501832,
    0.7362637362637363,
    0.7087912087912088,
    0.7344322344322345,
    0.7454212454212454,
    0.7252747252747253,
    0.7545787545787546,
    0.7582417582417582,
    0.7747252747252747,
    0.7362637362637363
  ],
  "val_loss": [
    0.20547573268413544,
    0.2009221911430359,
    0.19985446333885193,
    0.202347069978714,
    0.2157367765903473,
    0.23548126220703125,
    0.25714370608329773,
    0.27211320400238037,
    0.2605891525745392,
    0.21955394744873047,
    0.17589247226715088,
    0.17789211869239807,
    0.148878812789917,
    0.16226592659950256,
    0.12836681306362152,
    0.12492752075195312,
    0.13377444446086884,
    0.15307483077049255,
    0.1545998752117157,
    0.13260428607463837,
    0.15503990650177002,
    0.14348022639751434,
    0.14422598481178284,
    0.14968016743659973,
    0.1591949760913849,
    0.15071682631969452
  ],
  "val_acc": [
    0.2692307692307692,
    0.2692307692307692,
    0.2692307692307692,
    0.2692307692307692,
    0.2692307692307692,
    0.2692307692307692,
    0.2692307692307692,
    0.2692307692307692,
    0.2692307692307692,
    0.34615384615384615,
    0.6025641025641025,
    0.5897435897435898,
    0.6923076923076923,
    0.6410256410256411,
    0.7692307692307693,
    0.8076923076923077,
    0.7692307692307693,
    0.6538461538461539,
    0.6410256410256411,
    0.782051282051282,
    0.6666666666666666,
    0.7051282051282052,
    0.7435897435897436,
    0.7435897435897436,
    0.6666666666666666,
    0.7051282051282052
  ],
  "best_val_loss": 0.12492752075195312,
  "total_time_s": 24.286879539489746,
  "stopped_epoch": 26
}