{
  "weighted_f1": 0.2953202309276974,
  "macro_f1": 0.29633177023473917,
  "weighted_accuracy": 0.22693266832917705,
  "weighted_precision": 0.811313099780281,
  "weighted_recall": 0.22693266832917705,
  "per_class_auc": [
    0.9148967759076062,
    0.888574112074158,
    0.8388107970460911,
    0.7751722019918396,
    0.8158465572516393,
    0.881801254233938,
    0.9656742984782912
  ],
  "mean_auc": 0.8686822852833662,
  "confusion_matrix": [
    [
      24,
      17,
      3,
      17,
      3,
      0,
      2
    ],
    [
      4,
      38,
      1,
      37,
      3,
      0,
      20
    ],
    [
      18,
      20,
      56,
      91,
      25,
      0,
      10
    ],
    [
      2,
      3,
      1,
      16,
      0,
      0,
      1
    ],
    [
      7,
      7,
      10,
      90,
      94,
      2,
      13
    ],
    [
      5,
      11,
      20,
      887,
      102,
      200,
      116
    ],
    [
      0,
      0,
      0,
      1,
      1,
      0,
      27
    ]
  ],
  "report": "              precision    recall  f1-score   support\n\n           0       0.40      0.36      0.38        66\n           1       0.40      0.37      0.38       103\n           2       0.62      0.25      0.36       220\n           3       0.01      0.70      0.03        23\n           4       0.41      0.42      0.42       223\n           5       0.99      0.15      0.26      1341\n           6       0.14      0.93      0.25        29\n\n    accuracy                           0.23      2005\n   macro avg       0.42      0.45      0.30      2005\nweighted avg       0.81      0.23      0.30      2005\n",
  "seed": 0
}