{
  "weighted_f1": 0.5455049207024573,
  "macro_f1": 0.3867156944674458,
  "weighted_accuracy": 0.46184538653366586,
  "weighted_precision": 0.7771407869743102,
  "weighted_recall": 0.46184538653366586,
  "per_class_auc": [
    0.8959788707081126,
    0.9375669964166488,
    0.8679781003310415,
    0.824178475847848,
    0.8481426119692189,
    0.9029282678813689,
    0.9745916515426497
  ],
  "mean_auc": 0.8930521392424126,
  "confusion_matrix": [
    [
      30,
      19,
      6,
      6,
      4,
      1,
      0
    ],
    [
      10,
      60,
      2,
      20,
      2,
      0,
      9
    ],
    [
      24,
      25,
      81,
      46,
      30,
      7,
      7
    ],
    [
      1,
      2,
      1,
      19,
      0,
      0,
      0
    ],
    [
      10,
      10,
      19,
      34,
      114,
      17,
      19
    ],
    [
      7,
      16,
      58,
      405,
      136,
      595,
      124
    ],
    [
      0,
      1,
      0,
      1,
      0,
      0,
      27
    ]
  ],
  "report": "              precision    recall  f1-score   support\n\n           0       0.37      0.45      0.41        66\n           1       0.45      0.58      0.51       103\n           2       0.49      0.37      0.42       220\n           3       0.04      0.83      0.07        23\n           4       0.40      0.51      0.45       223\n           5       0.96      0.44      0.61      1341\n           6       0.15      0.93      0.25        29\n\n    accuracy                           0.46      2005\n   macro avg       0.41      0.59      0.39      2005\nweighted avg       0.78      0.46      0.55      2005\n",
  "seed": 0
}