{
  "train_loss": [
    2.445581406173433,
    1.700023345923105,
    1.439847538898169,
    1.2960127264220183,
    1.177626580719185,
    1.1092201101180685,
    1.0500110893218992,
    1.0035430572049777,
    0.9702960179219686,
    0.9471050910014217,
    0.9296158419285272,
    0.9180188443725483,
    0.9045277695623184,
    0.8912015879115527,
    0.8823033518682899,
    0.8756312753069193,
    0.864445800532012,
    0.8588236971581595,
    0.8557114551330048,
    0.8460643759218448,
    0.8431649346331278,
    0.8395779415964418,
    0.8316353516417814,
    0.8278927326975963,
    0.8225535569103449,
    0.8214160210715701,
    0.817071721794245,
    0.8133266211732281,
    0.8131714084846845,
    0.807446049014125,
    0.8071204328214843,
    0.806386613947555,
    0.8041464483172603,
    0.7981722246085735,
    0.7992806856571513,
    0.7979197391637554,
    0.7950985434797214,
    0.7903704661184684,
    0.7901972341476013,
    0.7898997716508636,
    0.7904279266199995,
    0.7865381231254576,
    0.7839187041744295,
    0.785298966729348,
    0.7806661225641095,
    0.7781236728030664,
    0.7790997048140451,
    0.7754653468863838,
    0.7756273605446374,
    0.7742343397186917,
    0.7733050793816002,
    0.7745511927648758,
    0.7728626494900619,
    0.7698259011677273,
    0.7721182146444973,
    0.7694695958445202,
    0.7659858084502784,
    0.7664396037228441,
    0.7639158518400514,
    0.76592848222941,
    0.761750951804735,
    0.7625963337299871,
    0.7622334359804732,
    0.7615402010108233,
    0.7609723519100561,
    0.7595290296702625,
    0.7579045046636319,
    0.7573346633387437,
    0.7566338075341699,
    0.7553226721753565,
    0.7550347765989688,
    0.7563458263537604,
    0.7557618790766658,
    0.7526929944381432,
    0.7536116881160515,
    0.7527269964970729,
    0.7511465396397463,
    0.7522607313123744,
    0.7488609665133931,
    0.7501396749532404,
    0.7489305875307614,
    0.7478975820151418,
    0.7471744038882884
  ],
  "train_acc": [
    0.2796013156140273,
    0.4952886794968665,
    0.5933819280856927,
    0.666229610204898,
    0.7254100182230321,
    0.7598226587848349,
    0.7886906084714876,
    0.8099471087603893,
    0.823036579403529,
    0.8341370727587892,
    0.8431041379616872,
    0.8476376727854571,
    0.854582425885595,
    0.8603160140450686,
    0.8654829103515712,
    0.8684163740610694,
    0.874038846170941,
    0.8762389439530646,
    0.8769278634605983,
    0.8826725632250322,
    0.8838281701408951,
    0.8842170763145029,
    0.8888950620027557,
    0.8899839992888573,
    0.8917618560824926,
    0.8922396550957821,
    0.8935619360860483,
    0.8959509311524957,
    0.8964065069558647,
    0.898995510911596,
    0.8984843770834259,
    0.8994733099248855,
    0.9009289301746745,
    0.9022845459798213,
    0.9015734032623672,
    0.9026956753633495,
    0.9036512733899285,
    0.9054735766034046,
    0.9062958353704609,
    0.9067736343837504,
    0.9053624605538024,
    0.9081181385839371,
    0.9089181741410729,
    0.9081959198186587,
    0.9109627094537535,
    0.911084937108316,
    0.9106960309347082,
    0.9124516645184231,
    0.9127405662473888,
    0.9132628116805191,
    0.9142406329170185,
    0.9128739055069114,
    0.91380728032357,
    0.914562869460865,
    0.9142850793368594,
    0.9158295924263301,
    0.9172185430463576,
    0.9163629494644207,
    0.9171185386017157,
    0.9175963376150051,
    0.9194075292235211,
    0.9181074714431753,
    0.9176852304546869,
    0.917540779590204,
    0.9184741544068625,
    0.9190297346548736,
    0.9200853371260945,
    0.9207742566336281,
    0.9206186941641851,
    0.9219631983643718,
    0.9224965554024623,
    0.9206298057691453,
    0.9211853860171563,
    0.922785457131428,
    0.9225521134272634,
    0.9223854393528601,
    0.9237077203431263,
    0.9228410151562292,
    0.9242299657762567,
    0.9239743988621717,
    0.9243521934308192,
    0.925152228987955,
    0.925807813680608
  ],
  "val_loss": [
    1.7862275076694176,
    1.3814157839538288,
    1.2220793204610703,
    1.084535891749486,
    1.0772713950661268,
    1.0225496311656763,
    0.8646998689537857,
    0.8664357354763935,
    0.8712012702967824,
    0.8773240450619221,
    0.7455875587577774,
    0.7957892214379659,
    0.8277558671956251,
    0.7725607603847957,
    0.7962141589420598,
    0.7241135723635655,
    0.7963288730261374,
    0.7270143281836741,
    0.7061290051735959,
    0.7307268403997806,
    0.7013270050847307,
    0.7406753103335539,
    0.7447629914861448,
    0.7132703826600005,
    0.7430695779845029,
    0.7419161683604604,
    0.7836472780549112,
    0.7172806563972235,
    0.7028106081633508,
    0.7622573948392674,
    0.7240267691255712,
    0.7661199620465,
    0.6660128960081312,
    0.700033283576828,
    0.688748004173384,
    0.7258344263326927,
    0.7388204866912259,
    0.7119711484970068,
    0.68436738554357,
    0.7308895827197686,
    0.721871284902787,
    0.7176993736644975,
    0.7121667705598425,
    0.7047749070442472,
    0.7636351764130621,
    0.7199346145502523,
    0.6929990282443846,
    0.7004756508041314,
    0.7187984750920036,
    0.7441527306294736,
    0.7277654929429901,
    0.7103792465195471,
    0.705233859901474,
    0.6815572289503464,
    0.7435126891378306,
    0.6663395604435228,
    0.668457057870707,
    0.6898877040141584,
    0.6907393463322373,
    0.6707634232559951,
    0.6881061590752188,
    0.6798092577753903,
    0.6917474149275379,
    0.6693634251650216,
    0.6939783696411419,
    0.7388345510279928,
    0.7205835552227016,
    0.6936949432158366,
    0.7126542902717301,
    0.6784596398848145,
    0.6825293873558518,
    0.7082636410214814,
    0.6995721264201992,
    0.6759197498406948,
    0.7260310756640642,
    0.7154130886336033,
    0.7131907271890819,
    0.6982179291245462,
    0.750227256113889,
    0.703260481476736,
    0.7203310004523734,
    0.6985882532115175,
    0.6939326175352613
  ],