{
  "weighted_f1": 0.9932010501597295,
  "macro_f1": 0.9931220727826693,
  "weighted_accuracy": 0.9932,
  "weighted_precision": 0.9932147872132547,
  "weighted_recall": 0.9932,
  "per_class_auc": [
    0.9999707000316758,
    0.9998908741250923,
    0.9999314963107413,
    0.9999848015947312,
    0.9998867393070839,
    0.9998228778327238,
    0.9998308750765967,
    0.9998443059340689,
    0.9999059299827876,
    0.999802136681335
  ],
  "mean_auc": 0.9998870736876837,
  "confusion_matrix": [
    [
      976,
      0,
      1,
      0,
      0,
      1,
      2,
      0,
      0,
      0
    ],
    [
      0,
      1134,
      1,
      0,
      0,
      0,
      0,
      0,
      0,
      0
    ],
    [
      1,
      0,
      1023,
      0,
      0,
      1,
      3,
      3,
      1,
      0
    ],
    [
      0,
      0,
      4,
      1003,
      0,
      2,
      0,
      1,
      0,
      0
    ],
    [
      0,
      0,
      0,
      0,
      978,
      0,
      0,
      2,
      0,
      2
    ],
    [
      2,
      0,
      5,
      2,
      0,
      879,
      1,
      3,
      0,
      0
    ],
    [
      6,
      1,
      2,
      1,
      0,
      0,
      948,
      0,
      0,
      0
    ],
    [
      0,
      2,
      3,
      0,
      0,
      0,
      0,
      1022,
      0,
      1
    ],
    [
      0,
      0,
      1,
      1,
      1,
      1,
      0,
      0,
      969,
      1
    ],
    [
      0,
      0,
      0,
      0,
      6,
      0,
      0,
      2,
      1,
      1000
    ]
  ],
  "report": "              precision    recall  f1-score   support\n\n           0       0.99      1.00      0.99       980\n           1       1.00      1.00      1.00      1135\n           2       0.98      0.99      0.99      1032\n           3       1.00      0.99      0.99      1010\n           4       0.99      1.00      0.99       982\n           5       0.99      0.99      0.99       892\n           6       0.99      0.99      0.99       958\n           7       0.99      0.99      0.99      1028\n           8       1.00      0.99      1.00       974\n           9       1.00      0.99      0.99      1009\n\n    accuracy                           0.99     10000\n   macro avg       0.99      0.99      0.99     10000\nweighted avg       0.99      0.99      0.99     10000\n",
  "seed": 0
}