{
  "weighted_f1": {
    "mean": 0.8267450142450142,
    "std": NaN,
    "min": 0.8267450142450142,
    "max": 0.8267450142450142,
    "values": [
      0.8267450142450142
    ]
  },
  "macro_f1": {
    "mean": 0.7893518518518519,
    "std": NaN,
    "min": 0.7893518518518519,
    "max": 0.7893518518518519,
    "values": [
      0.7893518518518519
    ]
  },
  "weighted_accuracy": {
    "mean": 0.8205128205128205,
    "std": NaN,
    "min": 0.8205128205128205,
    "max": 0.8205128205128205,
    "values": [
      0.8205128205128205
    ]
  },
  "mean_auc": {
    "mean": 0.9152046783625731,
    "std": NaN,
    "min": 0.9152046783625731,
    "max": 0.9152046783625731,
    "values": [
      0.9152046783625731
    ]
  },
  "best_seed_idx": 0,
  "n_runs": 1
}