{
  "weighted_f1": {
    "mean": 0.9944980091044494,
    "std": NaN,
    "min": 0.9944980091044494,
    "max": 0.9944980091044494,
    "values": [
      0.9944980091044494
    ]
  },
  "macro_f1": {
    "mean": 0.9944104420345357,
    "std": NaN,
    "min": 0.9944104420345357,
    "max": 0.9944104420345357,
    "values": [
      0.9944104420345357
    ]
  },
  "weighted_accuracy": {
    "mean": 0.9945,
    "std": NaN,
    "min": 0.9945,
    "max": 0.9945,
    "values": [
      0.9945
    ]
  },
  "mean_auc": {
    "mean": 0.9999397276741373,
    "std": NaN,
    "min": 0.9999397276741373,
    "max": 0.9999397276741373,
    "values": [
      0.9999397276741373
    ]
  },
  "best_seed_idx": 0,
  "n_runs": 1
}