{
  "weighted_f1": {
    "mean": 0.8703856029560922,
    "std": NaN,
    "min": 0.8703856029560922,
    "max": 0.8703856029560922,
    "values": [
      0.8703856029560922
    ]
  },
  "macro_f1": {
    "mean": 0.8451654613784119,
    "std": NaN,
    "min": 0.8451654613784119,
    "max": 0.8451654613784119,
    "values": [
      0.8451654613784119
    ]
  },
  "weighted_accuracy": {
    "mean": 0.8727019498607242,
    "std": NaN,
    "min": 0.8727019498607242,
    "max": 0.8727019498607242,
    "values": [
      0.8727019498607242
    ]
  },
  "mean_auc": {
    "mean": 0.9817343121232166,
    "std": NaN,
    "min": 0.9817343121232166,
    "max": 0.9817343121232166,
    "values": [
      0.9817343121232166
    ]
  },
  "best_seed_idx": 0,
  "n_runs": 1
}