{
  "weighted_f1": 0.5572067213751217,
  "macro_f1": 0.4236107282425919,
  "weighted_accuracy": 0.47780548628428926,
  "weighted_precision": 0.8003090149959203,
  "weighted_recall": 0.47780548628428926,
  "per_class_auc": [
    0.8843749511619547,
    0.9238155033536493,
    0.8729551820728292,
    0.8896152327468959,
    0.852669696466408,
    0.9116533247082288,
    0.9720961887477314
  ],
  "mean_auc": 0.9010257256082426,
  "confusion_matrix": [
    [
      37,
      14,
      10,
      2,
      3,
      0,
      0
    ],
    [
      12,
      51,
      3,
      27,
      2,
      1,
      7
    ],
    [
      16,
      11,
      94,
      39,
      50,
      7,
      3
    ],
    [
      2,
      2,
      1,
      18,
      0,
      0,
      0
    ],
    [
      6,
      3,
      19,
      39,
      139,
      5,
      12
    ],
    [
      14,
      16,
      32,
      388,
      232,
      592,
      67
    ],
    [
      0,
      0,
      0,
      1,
      1,
      0,
      27
    ]
  ],
  "report": "              precision    recall  f1-score   support\n\n           0       0.43      0.56      0.48        66\n           1       0.53      0.50      0.51       103\n           2       0.59      0.43      0.50       220\n           3       0.04      0.78      0.07        23\n           4       0.33      0.62      0.43       223\n           5       0.98      0.44      0.61      1341\n           6       0.23      0.93      0.37        29\n\n    accuracy                           0.48      2005\n   macro avg       0.44      0.61      0.42      2005\nweighted avg       0.80      0.48      0.56      2005\n",
  "seed": 0
}