{
  "weighted_f1": {
    "mean": 0.8162301869157828,
    "std": NaN,
    "min": 0.8162301869157828,
    "max": 0.8162301869157828,
    "values": [
      0.8162301869157828
    ]
  },
  "macro_f1": {
    "mean": 0.8162301869157826,
    "std": NaN,
    "min": 0.8162301869157826,
    "max": 0.8162301869157826,
    "values": [
      0.8162301869157826
    ]
  },
  "weighted_accuracy": {
    "mean": 0.8151,
    "std": NaN,
    "min": 0.8151,
    "max": 0.8151,
    "values": [
      0.8151
    ]
  },
  "mean_auc": {
    "mean": 0.9800873833333332,
    "std": NaN,
    "min": 0.9800873833333332,
    "max": 0.9800873833333332,
    "values": [
      0.9800873833333332
    ]
  },
  "best_seed_idx": 0,
  "n_runs": 1
}